[2026-01-27T19:54:14+08:00] role=orchestrator iter=1
== NetMic context ==
time:   2026-01-27T19:54:14+08:00
repo:   NetMic
path:   /home/arc/code/NetMic
branch: main
status:
## main...origin/main
 M scripts/agent_bootstrap.sh
 M scripts/autopilot.sh
?? .autopilot/runner.env.example
?? .autopilot/runtime_hub_url.txt
?? .gitignore
?? docs/DECISIONS.md
?? docs/SESSION_LOG.md
?? docs/TODO.md
?? scripts/bootstrap/
?? scripts/seed_tasks.py

-- HUB health --
{"ok":true,"time":1769514854,"agents":0,"tasks":8,"sessions":0}
-- HUB agents (active_within=600) --
{"ok":true,"agents":[]}
-- HUB tasks --
{"ok":true,"tasks":[{"task_id":"BOOT-001-workspace-skeleton","status":"queued","claimed_by":null,"meta":{"target_role":"builder-linux","milestone":"bootstrap","objective":"\u8fd0\u884c scripts/bootstrap/bootstrap_workspace.sh \u521b\u5efa Rust \u5de5\u4f5c\u533a\u9aa8\u67b6\uff0c\u5e76\u786e\u4fdd cargo check \u901a\u8fc7\u3002","acceptance":["\u6839\u76ee\u5f55\u5b58\u5728 Cargo.toml workspace \u914d\u7f6e","crates/netmic-{proto,server,client} \u5b58\u5728\u4e14 cargo check \u901a\u8fc7","docs/SESSION_LOG.md \u8bb0\u5f55\u672c\u6b21\u9aa8\u67b6\u521d\u59cb\u5316\u7ed3\u679c"],"doc_refs":["MVP.md#4","docs/ROADMAP.md"]},"summary":"","updated_at":1769514854},{"task_id":"BOOT-002-session-docs-init","status":"queued","claimed_by":null,"meta":{"target_role":"scribe","milestone":"bootstrap","objective":"\u521d\u59cb\u5316 docs/SESSION_LOG.md \u4e0e docs/DECISIONS.md \u7684\u6700\u5c0f\u7ed3\u6784\uff0c\u5e76\u8bb0\u5f55\u81ea\u52a8\u9a7e\u9a76\u5165\u53e3\u7684\u8fd0\u884c\u65b9\u5f0f\u3002","acceptance":["docs/SESSION_LOG.md \u5305\u542b DONE/BLOCKER/NEXT/TEST \u6a21\u677f","docs/DECISIONS.md \u5305\u542b\u65e5\u671f\u4e0e\u51b3\u7b56\u6a21\u677f","\u6587\u6863\u660e\u786e agent_bootstrap.sh \u662f\u5165\u53e3"],"doc_refs":["docs/CONTINUOUS_AUTOPILOT.md","docs/WORKFLOW.md"]},"summary":"","updated_at":1769514854},{"task_id":"M0-001-linux-audio-selfcheck","status":"queued","claimed_by":null,"meta":{"target_role":"builder-linux","milestone":"M0","objective":"\u5b9e\u73b0 Linux \u97f3\u9891\u6ce8\u5165\u81ea\u68c0\u811a\u672c\uff08pactl/pipewire-pulse\uff09\uff0c\u5e76\u63d0\u4f9b\u6700\u5c0f smoke test\u3002","acceptance":["\u5b58\u5728 scripts/linux/audio_selfcheck.sh \u6216 .py","\u811a\u672c\u80fd\u8f93\u51fa\u662f\u5426\u53ef\u521b\u5efa\u865a\u62df\u9ea6\u514b\u98ce\u7684\u7ed3\u8bba","\u7ed3\u679c\u5199\u5165 docs/SESSION_LOG.md"],"doc_refs":["MVP.md#6","docs/ROADMAP.md#milestone-0"]},"summary":"","updated_at":1769514854},{"task_id":"M1-001-protocol-doc","status":"queued","claimed_by":null,"meta":{"target_role":"scribe","milestone":"M1","objective":"\u6839\u636e MVP.md \u7684\u8fb9\u754c\uff0c\u4ea7\u51fa docs/PROTO.md\uff08\u63e1\u624b/\u5fc3\u8df3/\u7edf\u8ba1/\u97f3\u9891\u5e27\u6700\u5c0f\u7ed3\u6784\uff09\u3002","acceptance":["docs/PROTO.md \u63cf\u8ff0\u63e1\u624b\u8bf7\u6c42/\u54cd\u5e94\u5b57\u6bb5","\u5b9a\u4e49\u6700\u5c0f\u97f3\u9891\u5e27\u5934\u7ed3\u6784\u4e0e\u7edf\u8ba1\u5b57\u6bb5","\u660e\u786e\u5355\u5ba2\u6237\u7aef\u5360\u7528\u4e0e BUSY \u884c\u4e3a"],"doc_refs":["MVP.md#5","docs/MODULE_OWNERS.md"]},"summary":"","updated_at":1769514854},{"task_id":"M1-002-server-udp-receiver","status":"queued","claimed_by":null,"meta":{"target_role":"builder-linux","milestone":"M1","objective":"\u5728 netmic-server \u4e2d\u843d\u5730 UDP \u63a5\u6536\u9aa8\u67b6\uff08\u63e1\u624b/\u97f3\u9891\u5305\u5206\u6d41\u5360\u4f4d\uff09\uff0c\u5148\u7528 PCM \u8dd1\u901a\u94fe\u8def\u3002","acceptance":["netmic-server \u80fd\u76d1\u542c UDP \u7aef\u53e3","\u80fd\u533a\u5206\u63a7\u5236\u9762\u4e0e\u6570\u636e\u9762\u6d88\u606f\u7c7b\u578b\uff08\u5360\u4f4d\u5b9e\u73b0\u53ef\uff09","cargo check \u901a\u8fc7\u4e14\u5199\u5165 SESSION_LOG"],"doc_refs":["MVP.md#5","docs/ROADMAP.md#milestone-1"]},"summary":"","updated_at":1769514854},{"task_id":"M1-003-client-capture-sender","status":"queued","claimed_by":null,"meta":{"target_role":"builder-mac","milestone":"M1","objective":"\u5728 netmic-client \u4e2d\u5b9e\u73b0\u91c7\u96c6/\u91cd\u91c7\u6837/\u53d1\u9001\u7684\u6700\u5c0f\u9aa8\u67b6\uff08\u53ef\u5148\u7528\u5047\u6570\u636e/\u6d4b\u8bd5\u97f3\uff09\u3002","acceptance":["netmic-client \u5177\u5907\u53d1\u9001\u5faa\u73af\u9aa8\u67b6","\u4e3a\u540e\u7eed\u63a5\u5165 cpal/rubato \u9884\u7559\u6e05\u6670\u6a21\u5757\u7ed3\u6784","cargo check \u901a\u8fc7\u4e14\u5199\u5165 SESSION_LOG"],"doc_refs":["MVP.md#4","docs/ROADMAP.md#milestone-1"]},"summary":"","updated_at":1769514854},{"task_id":"M2-001-config-validation","status":"queued","claimed_by":null,"meta":{"target_role":"builder-linux","milestone":"M2","objective":"\u5728 netmic-proto \u4e2d\u52a0\u5165\u53c2\u6570\u6821\u9a8c\u4e0e\u56de\u9000\u89c4\u5219\u9aa8\u67b6\uff08\u5b89\u5168\u8303\u56f4\u4ee5 MVP.md \u4e3a\u51c6\uff09\u3002","acceptance":["\u5b58\u5728\u53c2\u6570\u6821\u9a8c\u5165\u53e3\uff08validate \u6216 normalize\uff09","\u80fd\u8868\u8fbe\u56de\u9000\u5230\u9ed8\u8ba4\u503c\u7684\u7ed3\u679c\u7ed3\u6784","\u5173\u952e\u8303\u56f4\u5199\u5165\u6ce8\u91ca\u5e76\u5f15\u7528 MVP.md"],"doc_refs":["MVP.md#3","docs/ROADMAP.md#milestone-2"]},"summary":"","updated_at":1769514854},{"task_id":"M3-001-metrics-and-reconnect","status":"queued","claimed_by":null,"meta":{"target_role":"builder-linux","milestone":"M3","objective":"\u5728 server/client \u4fa7\u8865\u9f50\u6307\u6807\u4e0e\u91cd\u8fde\u72b6\u6001\u673a\u9aa8\u67b6\uff08\u65e5\u5fd7\u53ef\u89c2\u6d4b\u4f18\u5148\uff09\u3002","acceptance":["\u65e5\u5fd7\u4e2d\u53ef\u89c1\u72b6\u6001\u673a\u8f6c\u6362","\u5b58\u5728\u4e22\u5305/\u7f13\u51b2\u6df1\u5ea6\u7b49\u6307\u6807\u7ed3\u6784\u5360\u4f4d","\u6587\u6863\u6216\u6ce8\u91ca\u89e3\u91ca\u6062\u590d\u7a97\u53e3\u76ee\u6807\uff0810 \u79d2\u5185\uff09"],"doc_refs":["MVP.md#8","docs/ROADMAP.md#milestone-3"]},"summary":"","updated_at":1769514854}]}
-- SESSION_LOG tail --
# SESSION LOG

## 2026-01-27
- DONE:
- BLOCKER:
- NEXT:
- TEST:

-- DECISIONS tail --
# DECISIONS

## 2026-01-27
- 背景：
- 决策：
- 影响：

-- TODO head --
# TODO（MVP 自动驾驶看板）

建议将任务拆成小块，并与 Hub 任务状态保持一致。

Next: follow MVP.md + docs/ROADMAP.md, pick one small task and validate it.
error: the argument '--full-auto' cannot be used with '--dangerously-bypass-approvals-and-sandbox'

Usage: codex exec --full-auto --cd <DIR> --output-last-message <FILE> --json [PROMPT]

For more information, try '--help'.
[2026-01-27T19:57:00+08:00] role=orchestrator iter=1
== NetMic context ==
time:   2026-01-27T19:57:00+08:00
repo:   NetMic
path:   /home/arc/code/NetMic
branch: main
status:
## main...origin/main
 M scripts/agent_bootstrap.sh
 M scripts/autopilot.sh
 M scripts/prompts/builder_linux.txt
 M scripts/prompts/builder_mac.txt
 M scripts/prompts/orchestrator.txt
 M scripts/prompts/scribe.txt
?? .autopilot/runner.env.example
?? .gitignore
?? docs/DECISIONS.md
?? docs/SESSION_LOG.md
?? docs/TODO.md
?? scripts/bootstrap/
?? scripts/seed_tasks.py

-- HUB health --
{"ok":true,"time":1769515020,"agents":0,"tasks":8,"sessions":0}
-- HUB agents (active_within=600) --
{"ok":true,"agents":[]}
-- HUB tasks --
{"ok":true,"tasks":[{"task_id":"BOOT-001-workspace-skeleton","status":"queued","claimed_by":null,"meta":{"target_role":"builder-linux","milestone":"bootstrap","objective":"\u8fd0\u884c scripts/bootstrap/bootstrap_workspace.sh \u521b\u5efa Rust \u5de5\u4f5c\u533a\u9aa8\u67b6\uff0c\u5e76\u786e\u4fdd cargo check \u901a\u8fc7\u3002","acceptance":["\u6839\u76ee\u5f55\u5b58\u5728 Cargo.toml workspace \u914d\u7f6e","crates/netmic-{proto,server,client} \u5b58\u5728\u4e14 cargo check \u901a\u8fc7","docs/SESSION_LOG.md \u8bb0\u5f55\u672c\u6b21\u9aa8\u67b6\u521d\u59cb\u5316\u7ed3\u679c"],"doc_refs":["MVP.md#4","docs/ROADMAP.md"]},"summary":"","updated_at":1769514854},{"task_id":"BOOT-002-session-docs-init","status":"queued","claimed_by":null,"meta":{"target_role":"scribe","milestone":"bootstrap","objective":"\u521d\u59cb\u5316 docs/SESSION_LOG.md \u4e0e docs/DECISIONS.md \u7684\u6700\u5c0f\u7ed3\u6784\uff0c\u5e76\u8bb0\u5f55\u81ea\u52a8\u9a7e\u9a76\u5165\u53e3\u7684\u8fd0\u884c\u65b9\u5f0f\u3002","acceptance":["docs/SESSION_LOG.md \u5305\u542b DONE/BLOCKER/NEXT/TEST \u6a21\u677f","docs/DECISIONS.md \u5305\u542b\u65e5\u671f\u4e0e\u51b3\u7b56\u6a21\u677f","\u6587\u6863\u660e\u786e agent_bootstrap.sh \u662f\u5165\u53e3"],"doc_refs":["docs/CONTINUOUS_AUTOPILOT.md","docs/WORKFLOW.md"]},"summary":"","updated_at":1769514854},{"task_id":"M0-001-linux-audio-selfcheck","status":"queued","claimed_by":null,"meta":{"target_role":"builder-linux","milestone":"M0","objective":"\u5b9e\u73b0 Linux \u97f3\u9891\u6ce8\u5165\u81ea\u68c0\u811a\u672c\uff08pactl/pipewire-pulse\uff09\uff0c\u5e76\u63d0\u4f9b\u6700\u5c0f smoke test\u3002","acceptance":["\u5b58\u5728 scripts/linux/audio_selfcheck.sh \u6216 .py","\u811a\u672c\u80fd\u8f93\u51fa\u662f\u5426\u53ef\u521b\u5efa\u865a\u62df\u9ea6\u514b\u98ce\u7684\u7ed3\u8bba","\u7ed3\u679c\u5199\u5165 docs/SESSION_LOG.md"],"doc_refs":["MVP.md#6","docs/ROADMAP.md#milestone-0"]},"summary":"","updated_at":1769514854},{"task_id":"M1-001-protocol-doc","status":"queued","claimed_by":null,"meta":{"target_role":"scribe","milestone":"M1","objective":"\u6839\u636e MVP.md \u7684\u8fb9\u754c\uff0c\u4ea7\u51fa docs/PROTO.md\uff08\u63e1\u624b/\u5fc3\u8df3/\u7edf\u8ba1/\u97f3\u9891\u5e27\u6700\u5c0f\u7ed3\u6784\uff09\u3002","acceptance":["docs/PROTO.md \u63cf\u8ff0\u63e1\u624b\u8bf7\u6c42/\u54cd\u5e94\u5b57\u6bb5","\u5b9a\u4e49\u6700\u5c0f\u97f3\u9891\u5e27\u5934\u7ed3\u6784\u4e0e\u7edf\u8ba1\u5b57\u6bb5","\u660e\u786e\u5355\u5ba2\u6237\u7aef\u5360\u7528\u4e0e BUSY \u884c\u4e3a"],"doc_refs":["MVP.md#5","docs/MODULE_OWNERS.md"]},"summary":"","updated_at":1769514854},{"task_id":"M1-002-server-udp-receiver","status":"queued","claimed_by":null,"meta":{"target_role":"builder-linux","milestone":"M1","objective":"\u5728 netmic-server \u4e2d\u843d\u5730 UDP \u63a5\u6536\u9aa8\u67b6\uff08\u63e1\u624b/\u97f3\u9891\u5305\u5206\u6d41\u5360\u4f4d\uff09\uff0c\u5148\u7528 PCM \u8dd1\u901a\u94fe\u8def\u3002","acceptance":["netmic-server \u80fd\u76d1\u542c UDP \u7aef\u53e3","\u80fd\u533a\u5206\u63a7\u5236\u9762\u4e0e\u6570\u636e\u9762\u6d88\u606f\u7c7b\u578b\uff08\u5360\u4f4d\u5b9e\u73b0\u53ef\uff09","cargo check \u901a\u8fc7\u4e14\u5199\u5165 SESSION_LOG"],"doc_refs":["MVP.md#5","docs/ROADMAP.md#milestone-1"]},"summary":"","updated_at":1769514854},{"task_id":"M1-003-client-capture-sender","status":"queued","claimed_by":null,"meta":{"target_role":"builder-mac","milestone":"M1","objective":"\u5728 netmic-client \u4e2d\u5b9e\u73b0\u91c7\u96c6/\u91cd\u91c7\u6837/\u53d1\u9001\u7684\u6700\u5c0f\u9aa8\u67b6\uff08\u53ef\u5148\u7528\u5047\u6570\u636e/\u6d4b\u8bd5\u97f3\uff09\u3002","acceptance":["netmic-client \u5177\u5907\u53d1\u9001\u5faa\u73af\u9aa8\u67b6","\u4e3a\u540e\u7eed\u63a5\u5165 cpal/rubato \u9884\u7559\u6e05\u6670\u6a21\u5757\u7ed3\u6784","cargo check \u901a\u8fc7\u4e14\u5199\u5165 SESSION_LOG"],"doc_refs":["MVP.md#4","docs/ROADMAP.md#milestone-1"]},"summary":"","updated_at":1769514854},{"task_id":"M2-001-config-validation","status":"queued","claimed_by":null,"meta":{"target_role":"builder-linux","milestone":"M2","objective":"\u5728 netmic-proto \u4e2d\u52a0\u5165\u53c2\u6570\u6821\u9a8c\u4e0e\u56de\u9000\u89c4\u5219\u9aa8\u67b6\uff08\u5b89\u5168\u8303\u56f4\u4ee5 MVP.md \u4e3a\u51c6\uff09\u3002","acceptance":["\u5b58\u5728\u53c2\u6570\u6821\u9a8c\u5165\u53e3\uff08validate \u6216 normalize\uff09","\u80fd\u8868\u8fbe\u56de\u9000\u5230\u9ed8\u8ba4\u503c\u7684\u7ed3\u679c\u7ed3\u6784","\u5173\u952e\u8303\u56f4\u5199\u5165\u6ce8\u91ca\u5e76\u5f15\u7528 MVP.md"],"doc_refs":["MVP.md#3","docs/ROADMAP.md#milestone-2"]},"summary":"","updated_at":1769514854},{"task_id":"M3-001-metrics-and-reconnect","status":"queued","claimed_by":null,"meta":{"target_role":"builder-linux","milestone":"M3","objective":"\u5728 server/client \u4fa7\u8865\u9f50\u6307\u6807\u4e0e\u91cd\u8fde\u72b6\u6001\u673a\u9aa8\u67b6\uff08\u65e5\u5fd7\u53ef\u89c2\u6d4b\u4f18\u5148\uff09\u3002","acceptance":["\u65e5\u5fd7\u4e2d\u53ef\u89c1\u72b6\u6001\u673a\u8f6c\u6362","\u5b58\u5728\u4e22\u5305/\u7f13\u51b2\u6df1\u5ea6\u7b49\u6307\u6807\u7ed3\u6784\u5360\u4f4d","\u6587\u6863\u6216\u6ce8\u91ca\u89e3\u91ca\u6062\u590d\u7a97\u53e3\u76ee\u6807\uff0810 \u79d2\u5185\uff09"],"doc_refs":["MVP.md#8","docs/ROADMAP.md#milestone-3"]},"summary":"","updated_at":1769514854}]}
-- SESSION_LOG tail --
# SESSION LOG

## 2026-01-27
- DONE:
- BLOCKER:
- NEXT:
- TEST:

-- DECISIONS tail --
# DECISIONS

## 2026-01-27
- 背景：
- 决策：
- 影响：

-- TODO head --
# TODO（MVP 自动驾驶看板）

建议将任务拆成小块，并与 Hub 任务状态保持一致。

Next: follow MVP.md + docs/ROADMAP.md, pick one small task and validate it.
error: the argument '--full-auto' cannot be used with '--dangerously-bypass-approvals-and-sandbox'

Usage: codex exec --full-auto --cd <DIR> --output-last-message <FILE> --json [PROMPT]

For more information, try '--help'.
[2026-01-27T19:58:05+08:00] role=orchestrator iter=1
== NetMic context ==
time:   2026-01-27T19:58:05+08:00
repo:   NetMic
path:   /home/arc/code/NetMic
branch: main
status:
## main...origin/main
 M scripts/agent_bootstrap.sh
 M scripts/autopilot.sh
 M scripts/prompts/builder_linux.txt
 M scripts/prompts/builder_mac.txt
 M scripts/prompts/orchestrator.txt
 M scripts/prompts/scribe.txt
?? .autopilot/runner.env.example
?? .gitignore
?? docs/DECISIONS.md
?? docs/SESSION_LOG.md
?? docs/TODO.md
?? scripts/bootstrap/
?? scripts/seed_tasks.py

-- HUB health --
{"ok":true,"time":1769515085,"agents":0,"tasks":8,"sessions":0}
-- HUB agents (active_within=600) --
{"ok":true,"agents":[]}
-- HUB tasks --
{"ok":true,"tasks":[{"task_id":"BOOT-001-workspace-skeleton","status":"queued","claimed_by":null,"meta":{"target_role":"builder-linux","milestone":"bootstrap","objective":"\u8fd0\u884c scripts/bootstrap/bootstrap_workspace.sh \u521b\u5efa Rust \u5de5\u4f5c\u533a\u9aa8\u67b6\uff0c\u5e76\u786e\u4fdd cargo check \u901a\u8fc7\u3002","acceptance":["\u6839\u76ee\u5f55\u5b58\u5728 Cargo.toml workspace \u914d\u7f6e","crates/netmic-{proto,server,client} \u5b58\u5728\u4e14 cargo check \u901a\u8fc7","docs/SESSION_LOG.md \u8bb0\u5f55\u672c\u6b21\u9aa8\u67b6\u521d\u59cb\u5316\u7ed3\u679c"],"doc_refs":["MVP.md#4","docs/ROADMAP.md"]},"summary":"","updated_at":1769514854},{"task_id":"BOOT-002-session-docs-init","status":"queued","claimed_by":null,"meta":{"target_role":"scribe","milestone":"bootstrap","objective":"\u521d\u59cb\u5316 docs/SESSION_LOG.md \u4e0e docs/DECISIONS.md \u7684\u6700\u5c0f\u7ed3\u6784\uff0c\u5e76\u8bb0\u5f55\u81ea\u52a8\u9a7e\u9a76\u5165\u53e3\u7684\u8fd0\u884c\u65b9\u5f0f\u3002","acceptance":["docs/SESSION_LOG.md \u5305\u542b DONE/BLOCKER/NEXT/TEST \u6a21\u677f","docs/DECISIONS.md \u5305\u542b\u65e5\u671f\u4e0e\u51b3\u7b56\u6a21\u677f","\u6587\u6863\u660e\u786e agent_bootstrap.sh \u662f\u5165\u53e3"],"doc_refs":["docs/CONTINUOUS_AUTOPILOT.md","docs/WORKFLOW.md"]},"summary":"","updated_at":1769514854},{"task_id":"M0-001-linux-audio-selfcheck","status":"queued","claimed_by":null,"meta":{"target_role":"builder-linux","milestone":"M0","objective":"\u5b9e\u73b0 Linux \u97f3\u9891\u6ce8\u5165\u81ea\u68c0\u811a\u672c\uff08pactl/pipewire-pulse\uff09\uff0c\u5e76\u63d0\u4f9b\u6700\u5c0f smoke test\u3002","acceptance":["\u5b58\u5728 scripts/linux/audio_selfcheck.sh \u6216 .py","\u811a\u672c\u80fd\u8f93\u51fa\u662f\u5426\u53ef\u521b\u5efa\u865a\u62df\u9ea6\u514b\u98ce\u7684\u7ed3\u8bba","\u7ed3\u679c\u5199\u5165 docs/SESSION_LOG.md"],"doc_refs":["MVP.md#6","docs/ROADMAP.md#milestone-0"]},"summary":"","updated_at":1769514854},{"task_id":"M1-001-protocol-doc","status":"queued","claimed_by":null,"meta":{"target_role":"scribe","milestone":"M1","objective":"\u6839\u636e MVP.md \u7684\u8fb9\u754c\uff0c\u4ea7\u51fa docs/PROTO.md\uff08\u63e1\u624b/\u5fc3\u8df3/\u7edf\u8ba1/\u97f3\u9891\u5e27\u6700\u5c0f\u7ed3\u6784\uff09\u3002","acceptance":["docs/PROTO.md \u63cf\u8ff0\u63e1\u624b\u8bf7\u6c42/\u54cd\u5e94\u5b57\u6bb5","\u5b9a\u4e49\u6700\u5c0f\u97f3\u9891\u5e27\u5934\u7ed3\u6784\u4e0e\u7edf\u8ba1\u5b57\u6bb5","\u660e\u786e\u5355\u5ba2\u6237\u7aef\u5360\u7528\u4e0e BUSY \u884c\u4e3a"],"doc_refs":["MVP.md#5","docs/MODULE_OWNERS.md"]},"summary":"","updated_at":1769514854},{"task_id":"M1-002-server-udp-receiver","status":"queued","claimed_by":null,"meta":{"target_role":"builder-linux","milestone":"M1","objective":"\u5728 netmic-server \u4e2d\u843d\u5730 UDP \u63a5\u6536\u9aa8\u67b6\uff08\u63e1\u624b/\u97f3\u9891\u5305\u5206\u6d41\u5360\u4f4d\uff09\uff0c\u5148\u7528 PCM \u8dd1\u901a\u94fe\u8def\u3002","acceptance":["netmic-server \u80fd\u76d1\u542c UDP \u7aef\u53e3","\u80fd\u533a\u5206\u63a7\u5236\u9762\u4e0e\u6570\u636e\u9762\u6d88\u606f\u7c7b\u578b\uff08\u5360\u4f4d\u5b9e\u73b0\u53ef\uff09","cargo check \u901a\u8fc7\u4e14\u5199\u5165 SESSION_LOG"],"doc_refs":["MVP.md#5","docs/ROADMAP.md#milestone-1"]},"summary":"","updated_at":1769514854},{"task_id":"M1-003-client-capture-sender","status":"queued","claimed_by":null,"meta":{"target_role":"builder-mac","milestone":"M1","objective":"\u5728 netmic-client \u4e2d\u5b9e\u73b0\u91c7\u96c6/\u91cd\u91c7\u6837/\u53d1\u9001\u7684\u6700\u5c0f\u9aa8\u67b6\uff08\u53ef\u5148\u7528\u5047\u6570\u636e/\u6d4b\u8bd5\u97f3\uff09\u3002","acceptance":["netmic-client \u5177\u5907\u53d1\u9001\u5faa\u73af\u9aa8\u67b6","\u4e3a\u540e\u7eed\u63a5\u5165 cpal/rubato \u9884\u7559\u6e05\u6670\u6a21\u5757\u7ed3\u6784","cargo check \u901a\u8fc7\u4e14\u5199\u5165 SESSION_LOG"],"doc_refs":["MVP.md#4","docs/ROADMAP.md#milestone-1"]},"summary":"","updated_at":1769514854},{"task_id":"M2-001-config-validation","status":"queued","claimed_by":null,"meta":{"target_role":"builder-linux","milestone":"M2","objective":"\u5728 netmic-proto \u4e2d\u52a0\u5165\u53c2\u6570\u6821\u9a8c\u4e0e\u56de\u9000\u89c4\u5219\u9aa8\u67b6\uff08\u5b89\u5168\u8303\u56f4\u4ee5 MVP.md \u4e3a\u51c6\uff09\u3002","acceptance":["\u5b58\u5728\u53c2\u6570\u6821\u9a8c\u5165\u53e3\uff08validate \u6216 normalize\uff09","\u80fd\u8868\u8fbe\u56de\u9000\u5230\u9ed8\u8ba4\u503c\u7684\u7ed3\u679c\u7ed3\u6784","\u5173\u952e\u8303\u56f4\u5199\u5165\u6ce8\u91ca\u5e76\u5f15\u7528 MVP.md"],"doc_refs":["MVP.md#3","docs/ROADMAP.md#milestone-2"]},"summary":"","updated_at":1769514854},{"task_id":"M3-001-metrics-and-reconnect","status":"queued","claimed_by":null,"meta":{"target_role":"builder-linux","milestone":"M3","objective":"\u5728 server/client \u4fa7\u8865\u9f50\u6307\u6807\u4e0e\u91cd\u8fde\u72b6\u6001\u673a\u9aa8\u67b6\uff08\u65e5\u5fd7\u53ef\u89c2\u6d4b\u4f18\u5148\uff09\u3002","acceptance":["\u65e5\u5fd7\u4e2d\u53ef\u89c1\u72b6\u6001\u673a\u8f6c\u6362","\u5b58\u5728\u4e22\u5305/\u7f13\u51b2\u6df1\u5ea6\u7b49\u6307\u6807\u7ed3\u6784\u5360\u4f4d","\u6587\u6863\u6216\u6ce8\u91ca\u89e3\u91ca\u6062\u590d\u7a97\u53e3\u76ee\u6807\uff0810 \u79d2\u5185\uff09"],"doc_refs":["MVP.md#8","docs/ROADMAP.md#milestone-3"]},"summary":"","updated_at":1769514854}]}
-- SESSION_LOG tail --
# SESSION LOG

## 2026-01-27
- DONE:
- BLOCKER:
- NEXT:
- TEST:

-- DECISIONS tail --
# DECISIONS

## 2026-01-27
- 背景：
- 决策：
- 影响：

-- TODO head --
# TODO（MVP 自动驾驶看板）

建议将任务拆成小块，并与 Hub 任务状态保持一致。

Next: follow MVP.md + docs/ROADMAP.md, pick one small task and validate it.
error: the argument '--full-auto' cannot be used with '--dangerously-bypass-approvals-and-sandbox'

Usage: codex exec --full-auto --cd <DIR> --output-last-message <FILE> --json [PROMPT]

For more information, try '--help'.
[2026-01-27T19:59:01+08:00] role=orchestrator iter=1
== NetMic context ==
time:   2026-01-27T19:59:01+08:00
repo:   NetMic
path:   /home/arc/code/NetMic
branch: main
status:
## main...origin/main
 M scripts/agent_bootstrap.sh
 M scripts/autopilot.sh
 M scripts/prompts/builder_linux.txt
 M scripts/prompts/builder_mac.txt
 M scripts/prompts/orchestrator.txt
 M scripts/prompts/scribe.txt
?? .autopilot/runner.env.example
?? .gitignore
?? docs/DECISIONS.md
?? docs/SESSION_LOG.md
?? docs/TODO.md
?? scripts/bootstrap/
?? scripts/seed_tasks.py

-- HUB health --
{"ok":true,"time":1769515141,"agents":0,"tasks":8,"sessions":0}
-- HUB agents (active_within=600) --
{"ok":true,"agents":[]}
-- HUB tasks --
{"ok":true,"tasks":[{"task_id":"BOOT-001-workspace-skeleton","status":"queued","claimed_by":null,"meta":{"target_role":"builder-linux","milestone":"bootstrap","objective":"\u8fd0\u884c scripts/bootstrap/bootstrap_workspace.sh \u521b\u5efa Rust \u5de5\u4f5c\u533a\u9aa8\u67b6\uff0c\u5e76\u786e\u4fdd cargo check \u901a\u8fc7\u3002","acceptance":["\u6839\u76ee\u5f55\u5b58\u5728 Cargo.toml workspace \u914d\u7f6e","crates/netmic-{proto,server,client} \u5b58\u5728\u4e14 cargo check \u901a\u8fc7","docs/SESSION_LOG.md \u8bb0\u5f55\u672c\u6b21\u9aa8\u67b6\u521d\u59cb\u5316\u7ed3\u679c"],"doc_refs":["MVP.md#4","docs/ROADMAP.md"]},"summary":"","updated_at":1769514854},{"task_id":"BOOT-002-session-docs-init","status":"queued","claimed_by":null,"meta":{"target_role":"scribe","milestone":"bootstrap","objective":"\u521d\u59cb\u5316 docs/SESSION_LOG.md \u4e0e docs/DECISIONS.md \u7684\u6700\u5c0f\u7ed3\u6784\uff0c\u5e76\u8bb0\u5f55\u81ea\u52a8\u9a7e\u9a76\u5165\u53e3\u7684\u8fd0\u884c\u65b9\u5f0f\u3002","acceptance":["docs/SESSION_LOG.md \u5305\u542b DONE/BLOCKER/NEXT/TEST \u6a21\u677f","docs/DECISIONS.md \u5305\u542b\u65e5\u671f\u4e0e\u51b3\u7b56\u6a21\u677f","\u6587\u6863\u660e\u786e agent_bootstrap.sh \u662f\u5165\u53e3"],"doc_refs":["docs/CONTINUOUS_AUTOPILOT.md","docs/WORKFLOW.md"]},"summary":"","updated_at":1769514854},{"task_id":"M0-001-linux-audio-selfcheck","status":"queued","claimed_by":null,"meta":{"target_role":"builder-linux","milestone":"M0","objective":"\u5b9e\u73b0 Linux \u97f3\u9891\u6ce8\u5165\u81ea\u68c0\u811a\u672c\uff08pactl/pipewire-pulse\uff09\uff0c\u5e76\u63d0\u4f9b\u6700\u5c0f smoke test\u3002","acceptance":["\u5b58\u5728 scripts/linux/audio_selfcheck.sh \u6216 .py","\u811a\u672c\u80fd\u8f93\u51fa\u662f\u5426\u53ef\u521b\u5efa\u865a\u62df\u9ea6\u514b\u98ce\u7684\u7ed3\u8bba","\u7ed3\u679c\u5199\u5165 docs/SESSION_LOG.md"],"doc_refs":["MVP.md#6","docs/ROADMAP.md#milestone-0"]},"summary":"","updated_at":1769514854},{"task_id":"M1-001-protocol-doc","status":"queued","claimed_by":null,"meta":{"target_role":"scribe","milestone":"M1","objective":"\u6839\u636e MVP.md \u7684\u8fb9\u754c\uff0c\u4ea7\u51fa docs/PROTO.md\uff08\u63e1\u624b/\u5fc3\u8df3/\u7edf\u8ba1/\u97f3\u9891\u5e27\u6700\u5c0f\u7ed3\u6784\uff09\u3002","acceptance":["docs/PROTO.md \u63cf\u8ff0\u63e1\u624b\u8bf7\u6c42/\u54cd\u5e94\u5b57\u6bb5","\u5b9a\u4e49\u6700\u5c0f\u97f3\u9891\u5e27\u5934\u7ed3\u6784\u4e0e\u7edf\u8ba1\u5b57\u6bb5","\u660e\u786e\u5355\u5ba2\u6237\u7aef\u5360\u7528\u4e0e BUSY \u884c\u4e3a"],"doc_refs":["MVP.md#5","docs/MODULE_OWNERS.md"]},"summary":"","updated_at":1769514854},{"task_id":"M1-002-server-udp-receiver","status":"queued","claimed_by":null,"meta":{"target_role":"builder-linux","milestone":"M1","objective":"\u5728 netmic-server \u4e2d\u843d\u5730 UDP \u63a5\u6536\u9aa8\u67b6\uff08\u63e1\u624b/\u97f3\u9891\u5305\u5206\u6d41\u5360\u4f4d\uff09\uff0c\u5148\u7528 PCM \u8dd1\u901a\u94fe\u8def\u3002","acceptance":["netmic-server \u80fd\u76d1\u542c UDP \u7aef\u53e3","\u80fd\u533a\u5206\u63a7\u5236\u9762\u4e0e\u6570\u636e\u9762\u6d88\u606f\u7c7b\u578b\uff08\u5360\u4f4d\u5b9e\u73b0\u53ef\uff09","cargo check \u901a\u8fc7\u4e14\u5199\u5165 SESSION_LOG"],"doc_refs":["MVP.md#5","docs/ROADMAP.md#milestone-1"]},"summary":"","updated_at":1769514854},{"task_id":"M1-003-client-capture-sender","status":"queued","claimed_by":null,"meta":{"target_role":"builder-mac","milestone":"M1","objective":"\u5728 netmic-client \u4e2d\u5b9e\u73b0\u91c7\u96c6/\u91cd\u91c7\u6837/\u53d1\u9001\u7684\u6700\u5c0f\u9aa8\u67b6\uff08\u53ef\u5148\u7528\u5047\u6570\u636e/\u6d4b\u8bd5\u97f3\uff09\u3002","acceptance":["netmic-client \u5177\u5907\u53d1\u9001\u5faa\u73af\u9aa8\u67b6","\u4e3a\u540e\u7eed\u63a5\u5165 cpal/rubato \u9884\u7559\u6e05\u6670\u6a21\u5757\u7ed3\u6784","cargo check \u901a\u8fc7\u4e14\u5199\u5165 SESSION_LOG"],"doc_refs":["MVP.md#4","docs/ROADMAP.md#milestone-1"]},"summary":"","updated_at":1769514854},{"task_id":"M2-001-config-validation","status":"queued","claimed_by":null,"meta":{"target_role":"builder-linux","milestone":"M2","objective":"\u5728 netmic-proto \u4e2d\u52a0\u5165\u53c2\u6570\u6821\u9a8c\u4e0e\u56de\u9000\u89c4\u5219\u9aa8\u67b6\uff08\u5b89\u5168\u8303\u56f4\u4ee5 MVP.md \u4e3a\u51c6\uff09\u3002","acceptance":["\u5b58\u5728\u53c2\u6570\u6821\u9a8c\u5165\u53e3\uff08validate \u6216 normalize\uff09","\u80fd\u8868\u8fbe\u56de\u9000\u5230\u9ed8\u8ba4\u503c\u7684\u7ed3\u679c\u7ed3\u6784","\u5173\u952e\u8303\u56f4\u5199\u5165\u6ce8\u91ca\u5e76\u5f15\u7528 MVP.md"],"doc_refs":["MVP.md#3","docs/ROADMAP.md#milestone-2"]},"summary":"","updated_at":1769514854},{"task_id":"M3-001-metrics-and-reconnect","status":"queued","claimed_by":null,"meta":{"target_role":"builder-linux","milestone":"M3","objective":"\u5728 server/client \u4fa7\u8865\u9f50\u6307\u6807\u4e0e\u91cd\u8fde\u72b6\u6001\u673a\u9aa8\u67b6\uff08\u65e5\u5fd7\u53ef\u89c2\u6d4b\u4f18\u5148\uff09\u3002","acceptance":["\u65e5\u5fd7\u4e2d\u53ef\u89c1\u72b6\u6001\u673a\u8f6c\u6362","\u5b58\u5728\u4e22\u5305/\u7f13\u51b2\u6df1\u5ea6\u7b49\u6307\u6807\u7ed3\u6784\u5360\u4f4d","\u6587\u6863\u6216\u6ce8\u91ca\u89e3\u91ca\u6062\u590d\u7a97\u53e3\u76ee\u6807\uff0810 \u79d2\u5185\uff09"],"doc_refs":["MVP.md#8","docs/ROADMAP.md#milestone-3"]},"summary":"","updated_at":1769514854}]}
-- SESSION_LOG tail --
# SESSION LOG

## 2026-01-27
- DONE:
- BLOCKER:
- NEXT:
- TEST:

-- DECISIONS tail --
# DECISIONS

## 2026-01-27
- 背景：
- 决策：
- 影响：

-- TODO head --
# TODO（MVP 自动驾驶看板）

建议将任务拆成小块，并与 Hub 任务状态保持一致。

Next: follow MVP.md + docs/ROADMAP.md, pick one small task and validate it.
error: the argument '--full-auto' cannot be used with '--dangerously-bypass-approvals-and-sandbox'

Usage: codex exec --full-auto --cd <DIR> --output-last-message <FILE> --json [PROMPT]

For more information, try '--help'.
[2026-01-27T20:02:19+08:00] role=orchestrator iter=1
== NetMic context ==
time:   2026-01-27T20:02:19+08:00
repo:   NetMic
path:   /home/arc/code/NetMic
branch: main
status:
## main...origin/main
 M .autopilot/hub_url.txt
 M docs/CONTINUOUS_AUTOPILOT.md
 M docs/WORKFLOW.md
 M scripts/agent_bootstrap.sh
 M scripts/autopilot.sh
 M scripts/prompts/builder_linux.txt
 M scripts/prompts/builder_mac.txt
 M scripts/prompts/orchestrator.txt
 M scripts/prompts/scribe.txt
?? .autopilot/runner.env.example
?? .gitignore
?? docs/DECISIONS.md
?? docs/SESSION_LOG.md
?? docs/TODO.md
?? scripts/bootstrap/
?? scripts/seed_tasks.py

-- HUB health --
{"ok":true,"time":1769515339,"agents":0,"tasks":8,"sessions":0}
-- HUB agents (active_within=600) --
{"ok":true,"agents":[]}
-- HUB tasks --
{"ok":true,"tasks":[{"task_id":"BOOT-001-workspace-skeleton","status":"queued","claimed_by":null,"meta":{"target_role":"builder-linux","milestone":"bootstrap","objective":"\u8fd0\u884c scripts/bootstrap/bootstrap_workspace.sh \u521b\u5efa Rust \u5de5\u4f5c\u533a\u9aa8\u67b6\uff0c\u5e76\u786e\u4fdd cargo check \u901a\u8fc7\u3002","acceptance":["\u6839\u76ee\u5f55\u5b58\u5728 Cargo.toml workspace \u914d\u7f6e","crates/netmic-{proto,server,client} \u5b58\u5728\u4e14 cargo check \u901a\u8fc7","docs/SESSION_LOG.md \u8bb0\u5f55\u672c\u6b21\u9aa8\u67b6\u521d\u59cb\u5316\u7ed3\u679c"],"doc_refs":["MVP.md#4","docs/ROADMAP.md"]},"summary":"","updated_at":1769514854},{"task_id":"BOOT-002-session-docs-init","status":"queued","claimed_by":null,"meta":{"target_role":"scribe","milestone":"bootstrap","objective":"\u521d\u59cb\u5316 docs/SESSION_LOG.md \u4e0e docs/DECISIONS.md \u7684\u6700\u5c0f\u7ed3\u6784\uff0c\u5e76\u8bb0\u5f55\u81ea\u52a8\u9a7e\u9a76\u5165\u53e3\u7684\u8fd0\u884c\u65b9\u5f0f\u3002","acceptance":["docs/SESSION_LOG.md \u5305\u542b DONE/BLOCKER/NEXT/TEST \u6a21\u677f","docs/DECISIONS.md \u5305\u542b\u65e5\u671f\u4e0e\u51b3\u7b56\u6a21\u677f","\u6587\u6863\u660e\u786e agent_bootstrap.sh \u662f\u5165\u53e3"],"doc_refs":["docs/CONTINUOUS_AUTOPILOT.md","docs/WORKFLOW.md"]},"summary":"","updated_at":1769514854},{"task_id":"M0-001-linux-audio-selfcheck","status":"queued","claimed_by":null,"meta":{"target_role":"builder-linux","milestone":"M0","objective":"\u5b9e\u73b0 Linux \u97f3\u9891\u6ce8\u5165\u81ea\u68c0\u811a\u672c\uff08pactl/pipewire-pulse\uff09\uff0c\u5e76\u63d0\u4f9b\u6700\u5c0f smoke test\u3002","acceptance":["\u5b58\u5728 scripts/linux/audio_selfcheck.sh \u6216 .py","\u811a\u672c\u80fd\u8f93\u51fa\u662f\u5426\u53ef\u521b\u5efa\u865a\u62df\u9ea6\u514b\u98ce\u7684\u7ed3\u8bba","\u7ed3\u679c\u5199\u5165 docs/SESSION_LOG.md"],"doc_refs":["MVP.md#6","docs/ROADMAP.md#milestone-0"]},"summary":"","updated_at":1769514854},{"task_id":"M1-001-protocol-doc","status":"queued","claimed_by":null,"meta":{"target_role":"scribe","milestone":"M1","objective":"\u6839\u636e MVP.md \u7684\u8fb9\u754c\uff0c\u4ea7\u51fa docs/PROTO.md\uff08\u63e1\u624b/\u5fc3\u8df3/\u7edf\u8ba1/\u97f3\u9891\u5e27\u6700\u5c0f\u7ed3\u6784\uff09\u3002","acceptance":["docs/PROTO.md \u63cf\u8ff0\u63e1\u624b\u8bf7\u6c42/\u54cd\u5e94\u5b57\u6bb5","\u5b9a\u4e49\u6700\u5c0f\u97f3\u9891\u5e27\u5934\u7ed3\u6784\u4e0e\u7edf\u8ba1\u5b57\u6bb5","\u660e\u786e\u5355\u5ba2\u6237\u7aef\u5360\u7528\u4e0e BUSY \u884c\u4e3a"],"doc_refs":["MVP.md#5","docs/MODULE_OWNERS.md"]},"summary":"","updated_at":1769514854},{"task_id":"M1-002-server-udp-receiver","status":"queued","claimed_by":null,"meta":{"target_role":"builder-linux","milestone":"M1","objective":"\u5728 netmic-server \u4e2d\u843d\u5730 UDP \u63a5\u6536\u9aa8\u67b6\uff08\u63e1\u624b/\u97f3\u9891\u5305\u5206\u6d41\u5360\u4f4d\uff09\uff0c\u5148\u7528 PCM \u8dd1\u901a\u94fe\u8def\u3002","acceptance":["netmic-server \u80fd\u76d1\u542c UDP \u7aef\u53e3","\u80fd\u533a\u5206\u63a7\u5236\u9762\u4e0e\u6570\u636e\u9762\u6d88\u606f\u7c7b\u578b\uff08\u5360\u4f4d\u5b9e\u73b0\u53ef\uff09","cargo check \u901a\u8fc7\u4e14\u5199\u5165 SESSION_LOG"],"doc_refs":["MVP.md#5","docs/ROADMAP.md#milestone-1"]},"summary":"","updated_at":1769514854},{"task_id":"M1-003-client-capture-sender","status":"queued","claimed_by":null,"meta":{"target_role":"builder-mac","milestone":"M1","objective":"\u5728 netmic-client \u4e2d\u5b9e\u73b0\u91c7\u96c6/\u91cd\u91c7\u6837/\u53d1\u9001\u7684\u6700\u5c0f\u9aa8\u67b6\uff08\u53ef\u5148\u7528\u5047\u6570\u636e/\u6d4b\u8bd5\u97f3\uff09\u3002","acceptance":["netmic-client \u5177\u5907\u53d1\u9001\u5faa\u73af\u9aa8\u67b6","\u4e3a\u540e\u7eed\u63a5\u5165 cpal/rubato \u9884\u7559\u6e05\u6670\u6a21\u5757\u7ed3\u6784","cargo check \u901a\u8fc7\u4e14\u5199\u5165 SESSION_LOG"],"doc_refs":["MVP.md#4","docs/ROADMAP.md#milestone-1"]},"summary":"","updated_at":1769514854},{"task_id":"M2-001-config-validation","status":"queued","claimed_by":null,"meta":{"target_role":"builder-linux","milestone":"M2","objective":"\u5728 netmic-proto \u4e2d\u52a0\u5165\u53c2\u6570\u6821\u9a8c\u4e0e\u56de\u9000\u89c4\u5219\u9aa8\u67b6\uff08\u5b89\u5168\u8303\u56f4\u4ee5 MVP.md \u4e3a\u51c6\uff09\u3002","acceptance":["\u5b58\u5728\u53c2\u6570\u6821\u9a8c\u5165\u53e3\uff08validate \u6216 normalize\uff09","\u80fd\u8868\u8fbe\u56de\u9000\u5230\u9ed8\u8ba4\u503c\u7684\u7ed3\u679c\u7ed3\u6784","\u5173\u952e\u8303\u56f4\u5199\u5165\u6ce8\u91ca\u5e76\u5f15\u7528 MVP.md"],"doc_refs":["MVP.md#3","docs/ROADMAP.md#milestone-2"]},"summary":"","updated_at":1769514854},{"task_id":"M3-001-metrics-and-reconnect","status":"queued","claimed_by":null,"meta":{"target_role":"builder-linux","milestone":"M3","objective":"\u5728 server/client \u4fa7\u8865\u9f50\u6307\u6807\u4e0e\u91cd\u8fde\u72b6\u6001\u673a\u9aa8\u67b6\uff08\u65e5\u5fd7\u53ef\u89c2\u6d4b\u4f18\u5148\uff09\u3002","acceptance":["\u65e5\u5fd7\u4e2d\u53ef\u89c1\u72b6\u6001\u673a\u8f6c\u6362","\u5b58\u5728\u4e22\u5305/\u7f13\u51b2\u6df1\u5ea6\u7b49\u6307\u6807\u7ed3\u6784\u5360\u4f4d","\u6587\u6863\u6216\u6ce8\u91ca\u89e3\u91ca\u6062\u590d\u7a97\u53e3\u76ee\u6807\uff0810 \u79d2\u5185\uff09"],"doc_refs":["MVP.md#8","docs/ROADMAP.md#milestone-3"]},"summary":"","updated_at":1769514854}]}
-- SESSION_LOG tail --
# SESSION LOG

## 2026-01-27
- DONE: 将 `scripts/agent_bootstrap.sh` 升级为“前台监督器入口”，自动自检/启动 Hub/autopilot/任务种子/骨架初始化；为 autopilot 增加 `--context` 防递归；新增 `scripts/seed_tasks.py` 与 `scripts/bootstrap/bootstrap_workspace.sh`。
- BLOCKER: 本机缺少 cargo（Rust 工具链）；未配置 `BUILDER_MAC_SSH`；codex 可能尚未登录（需用户侧一次性处理）。
- NEXT: 安装 rustup/cargo；在 `.autopilot/runner.env` 填写跨机配置（或在 mac 也运行监督器）；随后直接运行 `scripts/agent_bootstrap.sh` 进入持续开发。
- TEST: 运行 `scripts/agent_bootstrap.sh --context`；运行 `scripts/agent_bootstrap.sh --once`；运行 `scripts/autopilot.sh stop` 并用 `ss -ltnp '( sport = :7788 )'` 确认 Hub 可停止。

-- DECISIONS tail --
# DECISIONS

## 2026-01-27
- 背景：期望用户只运行 `scripts/agent_bootstrap.sh` 即可持续推进 MVP 开发，并在阻塞时得到明确提示。
- 决策：将 `agent_bootstrap.sh` 设计为“前台监督器入口”，自动拉起 Hub/autopilot/任务种子/骨架初始化；在 agent 循环中使用 `--context` 退化为上下文摘要器，避免递归启动。
- 影响：自动驾驶流程统一入口，但会在后台启动多个 agent 循环；停止需显式执行 `scripts/agent_bootstrap.sh --stop`（或 `scripts/autopilot.sh stop`）。

-- TODO head --
# TODO（MVP 自动驾驶看板）

当前优先级（与 Hub 任务队列配合）：
- 用户前置：安装 rustup/cargo，确保 `cargo check` 可运行。
- 用户前置：配置 `.autopilot/runner.env`（至少补全 `BUILDER_MAC_SSH` 或在 mac 端也运行监督器）。
- 自动驾驶：运行 `scripts/agent_bootstrap.sh`，观察置顶提示并清除阻塞项。

Next: follow MVP.md + docs/ROADMAP.md, pick one small task and validate it.
Reading prompt from stdin...
{"type":"thread.started","thread_id":"019bff55-5015-7892-8997-ac3e3ea09f02"}
{"type":"turn.started"}
{"type":"item.completed","item":{"id":"item_0","type":"reasoning","text":"**Planning orchestrator tasks**\n\nI'm outlining key orchestrator steps: running scripts, registering, inspecting docs for tasks, checking hub state via curl, and managing tasks with claim/release calls, all using shell commands with possible network restrictions. I'll rely on docs as the source of truth, prioritize Chinese comments therein, avoid web browsing, and proceed without a formal plan tool unless complexity forces it."}}
{"type":"item.completed","item":{"id":"item_1","type":"reasoning","text":"**Starting task inspection**\n\nI'm proceeding to read the docs and logs to identify pending tasks and inform next actions."}}
{"type":"item.completed","item":{"id":"item_2","type":"agent_message","text":"我先按清单跑一遍：bootstrap、注册 hub、读取文档、检查 hub 状态，然后再决定是否要补任务或直接做一个小改动。"}}
{"type":"item.started","item":{"id":"item_3","type":"command_execution","command":"/bin/bash -lc 'scripts/agent_bootstrap.sh --context'","aggregated_output":"","exit_code":null,"status":"in_progress"}}
{"type":"item.completed","item":{"id":"item_3","type":"command_execution","command":"/bin/bash -lc 'scripts/agent_bootstrap.sh --context'","aggregated_output":"== NetMic context ==\ntime:   2026-01-27T20:02:30+08:00\nrepo:   NetMic\npath:   /home/arc/code/NetMic\nbranch: main\nstatus:\n## main...origin/main\n M .autopilot/hub_url.txt\n M docs/CONTINUOUS_AUTOPILOT.md\n M docs/WORKFLOW.md\n M scripts/agent_bootstrap.sh\n M scripts/autopilot.sh\n M scripts/prompts/builder_linux.txt\n M scripts/prompts/builder_mac.txt\n M scripts/prompts/orchestrator.txt\n M scripts/prompts/scribe.txt\n?? .autopilot/runner.env.example\n?? .gitignore\n?? docs/DECISIONS.md\n?? docs/SESSION_LOG.md\n?? docs/TODO.md\n?? scripts/bootstrap/\n?? scripts/seed_tasks.py\n\n-- HUB health --\n\n-- HUB agents (active_within=600) --\n\n-- HUB tasks --\n\n-- SESSION_LOG tail --\n# SESSION LOG\n\n## 2026-01-27\n- DONE: 将 `scripts/agent_bootstrap.sh` 升级为“前台监督器入口”，自动自检/启动 Hub/autopilot/任务种子/骨架初始化；为 autopilot 增加 `--context` 防递归；新增 `scripts/seed_tasks.py` 与 `scripts/bootstrap/bootstrap_workspace.sh`。\n- BLOCKER: 本机缺少 cargo（Rust 工具链）；未配置 `BUILDER_MAC_SSH`；codex 可能尚未登录（需用户侧一次性处理）。\n- NEXT: 安装 rustup/cargo；在 `.autopilot/runner.env` 填写跨机配置（或在 mac 也运行监督器）；随后直接运行 `scripts/agent_bootstrap.sh` 进入持续开发。\n- TEST: 运行 `scripts/agent_bootstrap.sh --context`；运行 `scripts/agent_bootstrap.sh --once`；运行 `scripts/autopilot.sh stop` 并用 `ss -ltnp '( sport = :7788 )'` 确认 Hub 可停止。\n\n-- DECISIONS tail --\n# DECISIONS\n\n## 2026-01-27\n- 背景：期望用户只运行 `scripts/agent_bootstrap.sh` 即可持续推进 MVP 开发，并在阻塞时得到明确提示。\n- 决策：将 `agent_bootstrap.sh` 设计为“前台监督器入口”，自动拉起 Hub/autopilot/任务种子/骨架初始化；在 agent 循环中使用 `--context` 退化为上下文摘要器，避免递归启动。\n- 影响：自动驾驶流程统一入口，但会在后台启动多个 agent 循环；停止需显式执行 `scripts/agent_bootstrap.sh --stop`（或 `scripts/autopilot.sh stop`）。\n\n-- TODO head --\n# TODO（MVP 自动驾驶看板）\n\n当前优先级（与 Hub 任务队列配合）：\n- 用户前置：安装 rustup/cargo，确保 `cargo check` 可运行。\n- 用户前置：配置 `.autopilot/runner.env`（至少补全 `BUILDER_MAC_SSH` 或在 mac 端也运行监督器）。\n- 自动驾驶：运行 `scripts/agent_bootstrap.sh`，观察置顶提示并清除阻塞项。\n\nNext: follow MVP.md + docs/ROADMAP.md, pick one small task and validate it.\n","exit_code":0,"status":"completed"}}
{"type":"item.completed","item":{"id":"item_4","type":"reasoning","text":"**Preparing to run curl on localhost despite network restrictions**"}}
{"type":"item.started","item":{"id":"item_5","type":"command_execution","command":"/bin/bash -lc \"curl -s \\\"http://127.0.0.1:7788/v1/register\\\" -H 'content-type: application/json' -d '{\\\"agent_id\\\":\\\"orchestrator\\\",\\\"role\\\":\\\"orchestrator\\\",\\\"capabilities\\\":{\\\"node\\\":\\\"orchestrator\\\"},\\\"host\\\":\\\"orchestrator\\\",\\\"tags\\\":[\\\"autopilot\\\"],\\\"status\\\":\\\"online\\\"}'\"","aggregated_output":"","exit_code":null,"status":"in_progress"}}
{"type":"item.completed","item":{"id":"item_5","type":"command_execution","command":"/bin/bash -lc \"curl -s \\\"http://127.0.0.1:7788/v1/register\\\" -H 'content-type: application/json' -d '{\\\"agent_id\\\":\\\"orchestrator\\\",\\\"role\\\":\\\"orchestrator\\\",\\\"capabilities\\\":{\\\"node\\\":\\\"orchestrator\\\"},\\\"host\\\":\\\"orchestrator\\\",\\\"tags\\\":[\\\"autopilot\\\"],\\\"status\\\":\\\"online\\\"}'\"","aggregated_output":"","exit_code":7,"status":"failed"}}
{"type":"item.completed","item":{"id":"item_6","type":"reasoning","text":"**Starting hub in background for registration**\n\nI'm planning to start the hub using a background process with nohup to avoid blocking, then retry registration while ensuring the process starts idempotently."}}
{"type":"item.completed","item":{"id":"item_7","type":"agent_message","text":"Hub 似乎没在跑（curl 连接失败）。我先在后台拉起本地 hub，再重试注册与状态检查。"}}
{"type":"item.started","item":{"id":"item_8","type":"command_execution","command":"/bin/bash -lc 'nohup python3 agent-hub/agent_hub.py >/tmp/agent_hub.log 2>&1 & echo $!'","aggregated_output":"","exit_code":null,"status":"in_progress"}}
{"type":"item.completed","item":{"id":"item_8","type":"command_execution","command":"/bin/bash -lc 'nohup python3 agent-hub/agent_hub.py >/tmp/agent_hub.log 2>&1 & echo $!'","aggregated_output":"47078\n","exit_code":0,"status":"completed"}}
{"type":"item.completed","item":{"id":"item_9","type":"reasoning","text":"**Registering hub with health check approach noted**"}}
{"type":"item.started","item":{"id":"item_10","type":"command_execution","command":"/bin/bash -lc \"curl -s \\\"http://127.0.0.1:7788/v1/register\\\" -H 'content-type: application/json' -d '{\\\"agent_id\\\":\\\"orchestrator\\\",\\\"role\\\":\\\"orchestrator\\\",\\\"capabilities\\\":{\\\"node\\\":\\\"orchestrator\\\"},\\\"host\\\":\\\"orchestrator\\\",\\\"tags\\\":[\\\"autopilot\\\"],\\\"status\\\":\\\"online\\\"}'\"","aggregated_output":"","exit_code":null,"status":"in_progress"}}
{"type":"item.completed","item":{"id":"item_10","type":"command_execution","command":"/bin/bash -lc \"curl -s \\\"http://127.0.0.1:7788/v1/register\\\" -H 'content-type: application/json' -d '{\\\"agent_id\\\":\\\"orchestrator\\\",\\\"role\\\":\\\"orchestrator\\\",\\\"capabilities\\\":{\\\"node\\\":\\\"orchestrator\\\"},\\\"host\\\":\\\"orchestrator\\\",\\\"tags\\\":[\\\"autopilot\\\"],\\\"status\\\":\\\"online\\\"}'\"","aggregated_output":"","exit_code":7,"status":"failed"}}
{"type":"item.completed","item":{"id":"item_11","type":"reasoning","text":"**Checking agent hub log**\n\nI'm examining the agent hub log at /tmp/agent_hub.log to diagnose why the hub isn't responding, causing the exit code 7 failure."}}
[2026-01-27T20:02:53+08:00] role=orchestrator iter=1
== NetMic context ==
time:   2026-01-27T20:02:53+08:00
repo:   NetMic
path:   /home/arc/code/NetMic
branch: main
status:
## main...origin/main
 M .autopilot/hub_url.txt
 M docs/CONTINUOUS_AUTOPILOT.md
 M docs/WORKFLOW.md
 M scripts/agent_bootstrap.sh
 M scripts/autopilot.sh
 M scripts/prompts/builder_linux.txt
 M scripts/prompts/builder_mac.txt
 M scripts/prompts/orchestrator.txt
 M scripts/prompts/scribe.txt
?? .autopilot/runner.env.example
?? .gitignore
?? docs/DECISIONS.md
?? docs/SESSION_LOG.md
?? docs/TODO.md
?? scripts/bootstrap/
?? scripts/seed_tasks.py

-- HUB health --
{"ok":true,"time":1769515373,"agents":0,"tasks":8,"sessions":0}
-- HUB agents (active_within=600) --
{"ok":true,"agents":[]}
-- HUB tasks --
{"ok":true,"tasks":[{"task_id":"BOOT-001-workspace-skeleton","status":"queued","claimed_by":null,"meta":{"target_role":"builder-linux","milestone":"bootstrap","objective":"\u8fd0\u884c scripts/bootstrap/bootstrap_workspace.sh \u521b\u5efa Rust \u5de5\u4f5c\u533a\u9aa8\u67b6\uff0c\u5e76\u786e\u4fdd cargo check \u901a\u8fc7\u3002","acceptance":["\u6839\u76ee\u5f55\u5b58\u5728 Cargo.toml workspace \u914d\u7f6e","crates/netmic-{proto,server,client} \u5b58\u5728\u4e14 cargo check \u901a\u8fc7","docs/SESSION_LOG.md \u8bb0\u5f55\u672c\u6b21\u9aa8\u67b6\u521d\u59cb\u5316\u7ed3\u679c"],"doc_refs":["MVP.md#4","docs/ROADMAP.md"]},"summary":"","updated_at":1769514854},{"task_id":"BOOT-002-session-docs-init","status":"queued","claimed_by":null,"meta":{"target_role":"scribe","milestone":"bootstrap","objective":"\u521d\u59cb\u5316 docs/SESSION_LOG.md \u4e0e docs/DECISIONS.md \u7684\u6700\u5c0f\u7ed3\u6784\uff0c\u5e76\u8bb0\u5f55\u81ea\u52a8\u9a7e\u9a76\u5165\u53e3\u7684\u8fd0\u884c\u65b9\u5f0f\u3002","acceptance":["docs/SESSION_LOG.md \u5305\u542b DONE/BLOCKER/NEXT/TEST \u6a21\u677f","docs/DECISIONS.md \u5305\u542b\u65e5\u671f\u4e0e\u51b3\u7b56\u6a21\u677f","\u6587\u6863\u660e\u786e agent_bootstrap.sh \u662f\u5165\u53e3"],"doc_refs":["docs/CONTINUOUS_AUTOPILOT.md","docs/WORKFLOW.md"]},"summary":"","updated_at":1769514854},{"task_id":"M0-001-linux-audio-selfcheck","status":"queued","claimed_by":null,"meta":{"target_role":"builder-linux","milestone":"M0","objective":"\u5b9e\u73b0 Linux \u97f3\u9891\u6ce8\u5165\u81ea\u68c0\u811a\u672c\uff08pactl/pipewire-pulse\uff09\uff0c\u5e76\u63d0\u4f9b\u6700\u5c0f smoke test\u3002","acceptance":["\u5b58\u5728 scripts/linux/audio_selfcheck.sh \u6216 .py","\u811a\u672c\u80fd\u8f93\u51fa\u662f\u5426\u53ef\u521b\u5efa\u865a\u62df\u9ea6\u514b\u98ce\u7684\u7ed3\u8bba","\u7ed3\u679c\u5199\u5165 docs/SESSION_LOG.md"],"doc_refs":["MVP.md#6","docs/ROADMAP.md#milestone-0"]},"summary":"","updated_at":1769514854},{"task_id":"M1-001-protocol-doc","status":"queued","claimed_by":null,"meta":{"target_role":"scribe","milestone":"M1","objective":"\u6839\u636e MVP.md \u7684\u8fb9\u754c\uff0c\u4ea7\u51fa docs/PROTO.md\uff08\u63e1\u624b/\u5fc3\u8df3/\u7edf\u8ba1/\u97f3\u9891\u5e27\u6700\u5c0f\u7ed3\u6784\uff09\u3002","acceptance":["docs/PROTO.md \u63cf\u8ff0\u63e1\u624b\u8bf7\u6c42/\u54cd\u5e94\u5b57\u6bb5","\u5b9a\u4e49\u6700\u5c0f\u97f3\u9891\u5e27\u5934\u7ed3\u6784\u4e0e\u7edf\u8ba1\u5b57\u6bb5","\u660e\u786e\u5355\u5ba2\u6237\u7aef\u5360\u7528\u4e0e BUSY \u884c\u4e3a"],"doc_refs":["MVP.md#5","docs/MODULE_OWNERS.md"]},"summary":"","updated_at":1769514854},{"task_id":"M1-002-server-udp-receiver","status":"queued","claimed_by":null,"meta":{"target_role":"builder-linux","milestone":"M1","objective":"\u5728 netmic-server \u4e2d\u843d\u5730 UDP \u63a5\u6536\u9aa8\u67b6\uff08\u63e1\u624b/\u97f3\u9891\u5305\u5206\u6d41\u5360\u4f4d\uff09\uff0c\u5148\u7528 PCM \u8dd1\u901a\u94fe\u8def\u3002","acceptance":["netmic-server \u80fd\u76d1\u542c UDP \u7aef\u53e3","\u80fd\u533a\u5206\u63a7\u5236\u9762\u4e0e\u6570\u636e\u9762\u6d88\u606f\u7c7b\u578b\uff08\u5360\u4f4d\u5b9e\u73b0\u53ef\uff09","cargo check \u901a\u8fc7\u4e14\u5199\u5165 SESSION_LOG"],"doc_refs":["MVP.md#5","docs/ROADMAP.md#milestone-1"]},"summary":"","updated_at":1769514854},{"task_id":"M1-003-client-capture-sender","status":"queued","claimed_by":null,"meta":{"target_role":"builder-mac","milestone":"M1","objective":"\u5728 netmic-client \u4e2d\u5b9e\u73b0\u91c7\u96c6/\u91cd\u91c7\u6837/\u53d1\u9001\u7684\u6700\u5c0f\u9aa8\u67b6\uff08\u53ef\u5148\u7528\u5047\u6570\u636e/\u6d4b\u8bd5\u97f3\uff09\u3002","acceptance":["netmic-client \u5177\u5907\u53d1\u9001\u5faa\u73af\u9aa8\u67b6","\u4e3a\u540e\u7eed\u63a5\u5165 cpal/rubato \u9884\u7559\u6e05\u6670\u6a21\u5757\u7ed3\u6784","cargo check \u901a\u8fc7\u4e14\u5199\u5165 SESSION_LOG"],"doc_refs":["MVP.md#4","docs/ROADMAP.md#milestone-1"]},"summary":"","updated_at":1769514854},{"task_id":"M2-001-config-validation","status":"queued","claimed_by":null,"meta":{"target_role":"builder-linux","milestone":"M2","objective":"\u5728 netmic-proto \u4e2d\u52a0\u5165\u53c2\u6570\u6821\u9a8c\u4e0e\u56de\u9000\u89c4\u5219\u9aa8\u67b6\uff08\u5b89\u5168\u8303\u56f4\u4ee5 MVP.md \u4e3a\u51c6\uff09\u3002","acceptance":["\u5b58\u5728\u53c2\u6570\u6821\u9a8c\u5165\u53e3\uff08validate \u6216 normalize\uff09","\u80fd\u8868\u8fbe\u56de\u9000\u5230\u9ed8\u8ba4\u503c\u7684\u7ed3\u679c\u7ed3\u6784","\u5173\u952e\u8303\u56f4\u5199\u5165\u6ce8\u91ca\u5e76\u5f15\u7528 MVP.md"],"doc_refs":["MVP.md#3","docs/ROADMAP.md#milestone-2"]},"summary":"","updated_at":1769514854},{"task_id":"M3-001-metrics-and-reconnect","status":"queued","claimed_by":null,"meta":{"target_role":"builder-linux","milestone":"M3","objective":"\u5728 server/client \u4fa7\u8865\u9f50\u6307\u6807\u4e0e\u91cd\u8fde\u72b6\u6001\u673a\u9aa8\u67b6\uff08\u65e5\u5fd7\u53ef\u89c2\u6d4b\u4f18\u5148\uff09\u3002","acceptance":["\u65e5\u5fd7\u4e2d\u53ef\u89c1\u72b6\u6001\u673a\u8f6c\u6362","\u5b58\u5728\u4e22\u5305/\u7f13\u51b2\u6df1\u5ea6\u7b49\u6307\u6807\u7ed3\u6784\u5360\u4f4d","\u6587\u6863\u6216\u6ce8\u91ca\u89e3\u91ca\u6062\u590d\u7a97\u53e3\u76ee\u6807\uff0810 \u79d2\u5185\uff09"],"doc_refs":["MVP.md#8","docs/ROADMAP.md#milestone-3"]},"summary":"","updated_at":1769514854}]}
-- SESSION_LOG tail --
# SESSION LOG

## 2026-01-27
- DONE: 将 `scripts/agent_bootstrap.sh` 升级为“前台监督器入口”，自动自检/启动 Hub/autopilot/任务种子/骨架初始化；为 autopilot 增加 `--context` 防递归；新增 `scripts/seed_tasks.py` 与 `scripts/bootstrap/bootstrap_workspace.sh`。
- BLOCKER: 本机缺少 cargo（Rust 工具链）；未配置 `BUILDER_MAC_SSH`；codex 可能尚未登录（需用户侧一次性处理）。
- NEXT: 安装 rustup/cargo；在 `.autopilot/runner.env` 填写跨机配置（或在 mac 也运行监督器）；随后直接运行 `scripts/agent_bootstrap.sh` 进入持续开发。
- TEST: 运行 `scripts/agent_bootstrap.sh --context`；运行 `scripts/agent_bootstrap.sh --once`；运行 `scripts/autopilot.sh stop` 并用 `ss -ltnp '( sport = :7788 )'` 确认 Hub 可停止。

-- DECISIONS tail --
# DECISIONS

## 2026-01-27
- 背景：期望用户只运行 `scripts/agent_bootstrap.sh` 即可持续推进 MVP 开发，并在阻塞时得到明确提示。
- 决策：将 `agent_bootstrap.sh` 设计为“前台监督器入口”，自动拉起 Hub/autopilot/任务种子/骨架初始化；在 agent 循环中使用 `--context` 退化为上下文摘要器，避免递归启动。
- 影响：自动驾驶流程统一入口，但会在后台启动多个 agent 循环；停止需显式执行 `scripts/agent_bootstrap.sh --stop`（或 `scripts/autopilot.sh stop`）。

-- TODO head --
# TODO（MVP 自动驾驶看板）

当前优先级（与 Hub 任务队列配合）：
- 用户前置：安装 rustup/cargo，确保 `cargo check` 可运行。
- 用户前置：配置 `.autopilot/runner.env`（至少补全 `BUILDER_MAC_SSH` 或在 mac 端也运行监督器）。
- 自动驾驶：运行 `scripts/agent_bootstrap.sh`，观察置顶提示并清除阻塞项。

Next: follow MVP.md + docs/ROADMAP.md, pick one small task and validate it.
Reading prompt from stdin...
{"type":"thread.started","thread_id":"019bff55-d28d-76f2-a89b-e03d01b9ef2d"}
{"type":"turn.started"}
{"type":"item.started","item":{"id":"item_12","type":"command_execution","command":"/bin/bash -lc \"sed -n '1,120p' /tmp/agent_hub.log\"","aggregated_output":"","exit_code":null,"status":"in_progress"}}
{"type":"item.completed","item":{"id":"item_12","type":"command_execution","command":"/bin/bash -lc \"sed -n '1,120p' /tmp/agent_hub.log\"","aggregated_output":"Traceback (most recent call last):\n  File \"/home/arc/code/NetMic/agent-hub/agent_hub.py\", line 499, in <module>\n    run()\n    ~~~^^\n  File \"/home/arc/code/NetMic/agent-hub/agent_hub.py\", line 493, in run\n    server = ThreadingHTTPServer((HOST, PORT), AgentHubHandler)\n  File \"/usr/lib64/python3.14/socketserver.py\", line 453, in __init__\n    self.socket = socket.socket(self.address_family,\n                  ~~~~~~~~~~~~~^^^^^^^^^^^^^^^^^^^^^\n                                self.socket_type)\n                                ^^^^^^^^^^^^^^^^^\n  File \"/usr/lib64/python3.14/socket.py\", line 236, in __init__\n    _socket.socket.__init__(self, family, type, proto, fileno)\n    ~~~~~~~~~~~~~~~~~~~~~~~^^^^^^^^^^^^^^^^^^^^^^^^^^^^^^^^^^^\nPermissionError: [Errno 1] Operation not permitted\n","exit_code":0,"status":"completed"}}
{"type":"item.completed","item":{"id":"item_13","type":"reasoning","text":"**Noting sandbox network restriction blocking hub**\n\nThe sandbox disallows opening network sockets, preventing hub operations required by several instructions. I'll focus on managing tasks and documentation locally using file edits and text tools despite this limitation."}}
{"type":"item.completed","item":{"id":"item_14","type":"agent_message","text":"Hub 监听端口被沙箱限制（PermissionError）。我继续完成文档检查，并在本地推进一个安全的小任务，同时记录这个阻塞。"}}
{"type":"item.started","item":{"id":"item_15","type":"command_execution","command":"/bin/bash -lc \"sed -n '1,200p' MVP.md\"","aggregated_output":"","exit_code":null,"status":"in_progress"}}
{"type":"item.completed","item":{"id":"item_15","type":"command_execution","command":"/bin/bash -lc \"sed -n '1,200p' MVP.md\"","aggregated_output":"## NetMic MVP 规划与边界文档（不含代码）\n\n### 1. 目标与范围\n\n**目标**\n在局域网内，将一台设备（客户端：macOS/Linux）的本地音频输入（默认麦克风）实时传输到另一台设备（服务端：Linux），并在 Linux 上注入为**系统可选择的麦克风输入设备**（虚拟麦克风 / virtual source），供任意应用使用。\n\n**MVP 范围**\n\n* 单向音频流：Client → Server\n* 单客户端占用：同一时刻仅允许 1 个客户端向服务端推流\n* 跨平台：客户端支持 macOS/Linux；服务端仅 Linux（注入虚拟麦克风）\n* GUI：配置 + 状态监控 + 日志（不做复杂音频路由图形化）\n* Linux 注入方式：仅支持 **PipeWire / Pulse 兼容层**（pipewire-pulse 或 pulseaudio 环境）\n\n**非目标（MVP 不做）**\n\n* macOS 作为服务端并注入系统麦克风\n* P2P 多节点对等/自动发现/多路流/混音\n* 公网/NAT 穿透与高安全传输（可预留字段，不实现强安全）\n* 更低栈兼容（纯 ALSA、JACK 原生注入等）\n\n---\n\n### 2. 用户流程（MVP）\n\n**服务端（Linux）**\n\n1. 选择 Server 模式\n2. 设定监听端口（默认端口）\n3. 一键创建/启用虚拟麦克风（PipeWire/Pulse 兼容层）\n4. 显示：当前连接、参数、延迟/缓冲、丢包、音量电平、日志\n5. 可手动断开当前客户端（释放占用）\n\n**客户端（macOS/Linux）**\n\n1. 选择 Client 模式\n2. 输入 Server IP:Port（默认端口）\n3. 选择输入设备（默认系统麦克风）\n4. 配置编码与音频参数（在安全范围内）\n5. 开始推流、显示状态与实时指标\n\n---\n\n### 3. 核心约束与边界\n\n**单客户端策略**\n\n* Server 只允许 1 个 active sender\n* 冲突行为：当新客户端尝试连接时，Server 返回“BUSY”，客户端提示；可选“强制抢占”（MVP 可做开关，但默认关闭）\n\n**可调参数与“安全范围”**\nGUI 允许调参，但必须在安全范围内，并且有“推荐值/默认值/回退规则”。\n\n#### 3.1 编码（2 种）\n\n* **Opus（推荐默认）**：低延迟、抗丢包；适合语音/通用音频\n* **PCM（调试/最低复杂度）**：带宽大；用于定位问题或极低延迟需求\n\n#### 3.2 采样率（目标=48k，支持重采样）\n\n* GUI 允许选择：**16k / 24k / 32k / 44.1k / 48k**\n* **安全范围**：16k–48k\n* **默认**：48k\n* **回退**：若输入设备不支持所选采样率，客户端启用重采样到目标采样率\n\n#### 3.3 声道\n\n* MVP 固定：**mono**（简化带宽、注入与应用兼容）\n* 非目标：stereo（后续版本）\n\n#### 3.4 chunk（帧长/包时长）\n\n* GUI 可选：**10 / 20 / 40 / 60 ms**\n* **安全范围**：10–60ms\n* **默认**：20ms\n* 说明：帧长越短延迟越低但更敏感；越长越稳但延迟更高\n\n#### 3.5 比特率（按编码类型）\n\n* **Opus**（mono）\n\n  * 安全范围：**16–128 kbps**\n  * 默认：**32 kbps（语音）或 48 kbps（通用）**\n\n* **PCM**\n\n  * 不设“比特率”，由采样率 × 位深 × 声道决定（MVP 固定 16-bit）\n\n#### 3.6 buffer（接收端目标缓冲 / jitter buffer）\n\n* GUI 可调：**40–400 ms**\n* 默认：**100 ms**\n* 建议档位：40/60/80/100/150/200/300/400\n* 规则：buffer 太小会爆音/卡顿；太大会明显口型延迟。MVP 以稳定优先。\n\n---\n\n### 4. 重采样与格式归一化（MVP 必须）\n\n**目标**：无论输入设备实际输出什么格式，网络与服务端注入统一为一个“内部标准格式”，减少复杂度。\n\n* 内部标准建议：**PCM 16-bit, mono, 48kHz**\n* 客户端：采集 →（必要时重采样/混音到 mono）→ 编码（Opus/PCM）\n* 服务端：解码 → 得到内部标准 PCM → 写入虚拟麦克风\n\n**回退策略**\n\n* 如果重采样失败/设备不可用：提示用户并停止推流\n* 如果编码器不支持当前参数组合：自动回退到最接近的安全默认值，并在 UI 明确提示“已回退到 X”\n\n---\n\n### 5. 网络与协议边界（MVP）\n\n**传输层选择（建议固定，避免扩散）**\n\n* MVP：**UDP**（音频实时优先）\n* 非目标：TCP（可后续提供“兼容模式”）\n\n**控制面 vs 数据面（建议保留结构）**\n\n* 数据面：音频帧（UDP payload）\n* 控制面：少量控制报文（握手/参数协商/心跳/统计/断开）\n* MVP 可复用同端口不同消息类型，但结构要明确，以便未来扩展对等模式\n\n**最小会话能力**\n\n* 握手：Client 发送目标参数，Server 返回接受/拒绝 + 生效参数\n* 心跳：用于断线检测\n* 统计：丢包率、接收缓冲深度、端到端估算延迟\n\n**安全（MVP 边界）**\n\n* 不做强加密/鉴权\n* 预留：token/nonce 字段与“配对码 UI”入口（可隐藏在高级设置），但默认不启用\n\n---\n\n### 6. Linux 虚拟麦克风注入边界\n\n**仅支持：PipeWire/Pulse 兼容层创建虚拟麦克风**\n\n* 前置条件：系统需有 pipewire-pulse 或 pulseaudio，并可使用 pactl 创建虚拟 source/sink 类设备\n* 应用可见性：虚拟麦克风在系统输入设备列表中可选\n* MVP 不处理：\n\n  * 纯 ALSA loopback\n  * JACK 原生桥接\n  * Wayland/桌面环境差异导致的特殊路由问题（可在 FAQ 记录）\n\n---\n\n### 7. GUI 需求（MVP）\n\n**共同**\n\n* 模式切换：Client / Server\n* 配置页：IP、端口、编码参数（带安全范围与默认一键恢复）\n* 状态页：连接状态、当前生效参数、实时指标\n* 日志页：可导出（用于排障）\n\n**客户端专属**\n\n* 输入设备选择（默认系统麦克风）\n* 权限状态（macOS 麦克风权限检测与引导）\n* 推流按钮、自动重连开关\n\n**服务端专属**\n\n* 虚拟麦克风创建/移除（或启用/禁用）\n* 当前客户端信息（IP、连接时长）\n* 强制断开按钮\n* 指标：丢包、buffer 深度、音频电平（至少 RMS/peak）\n\n---\n\n### 8. 状态机与错误处理（MVP）\n\n**Server 状态**\n\n* Idle → Listening → Connected → Streaming\n* Streaming 中断：NetworkLost → Recovering（等待重连窗口）→ Listening\n\n**Client 状态**\n\n* Idle → Connecting → Streaming\n* 断线：Reconnecting（指数退避，最大间隔上限）→ Streaming 或 Error\n\n**关键错误分类**\n\n* 音频设备错误（无权限/设备不可用/采样率不支持）\n* 编码器错误（参数非法/初始化失败）\n* 网络错误（端口占用/不可达/丢包过高导致不可用）\n* 注入错误（虚拟麦克风创建失败/写入失败）\n\n**对用户的最小可理解提示**\n\n* 明确指出：失败环节（采集/编码/网络/注入）与建议动作（切换设备、恢复默认参数、增大 buffer）\n\n","exit_code":0,"status":"completed"}}
{"type":"item.completed","item":{"id":"item_0","type":"reasoning","text":"**Planning to run shell commands in repo root**"}}
{"type":"item.completed","item":{"id":"item_1","type":"agent_message","text":"我先按清单跑一遍：bootstrap、注册 Hub、读文档、看 Hub 状态，然后视情况建任务队列并落日志/提交。"}}
{"type":"item.started","item":{"id":"item_2","type":"command_execution","command":"/bin/bash -lc 'scripts/agent_bootstrap.sh --context'","aggregated_output":"","exit_code":null,"status":"in_progress"}}
{"type":"item.completed","item":{"id":"item_2","type":"command_execution","command":"/bin/bash -lc 'scripts/agent_bootstrap.sh --context'","aggregated_output":"== NetMic context ==\ntime:   2026-01-27T20:03:01+08:00\nrepo:   NetMic\npath:   /home/arc/code/NetMic\nbranch: main\nstatus:\n## main...origin/main\n M .autopilot/hub_url.txt\n M docs/CONTINUOUS_AUTOPILOT.md\n M docs/WORKFLOW.md\n M scripts/agent_bootstrap.sh\n M scripts/autopilot.sh\n M scripts/prompts/builder_linux.txt\n M scripts/prompts/builder_mac.txt\n M scripts/prompts/orchestrator.txt\n M scripts/prompts/scribe.txt\n?? .autopilot/runner.env.example\n?? .gitignore\n?? docs/DECISIONS.md\n?? docs/SESSION_LOG.md\n?? docs/TODO.md\n?? scripts/bootstrap/\n?? scripts/seed_tasks.py\n\n-- HUB health --\n\n-- HUB agents (active_within=600) --\n\n-- HUB tasks --\n\n-- SESSION_LOG tail --\n# SESSION LOG\n\n## 2026-01-27\n- DONE: 将 `scripts/agent_bootstrap.sh` 升级为“前台监督器入口”，自动自检/启动 Hub/autopilot/任务种子/骨架初始化；为 autopilot 增加 `--context` 防递归；新增 `scripts/seed_tasks.py` 与 `scripts/bootstrap/bootstrap_workspace.sh`。\n- BLOCKER: 本机缺少 cargo（Rust 工具链）；未配置 `BUILDER_MAC_SSH`；codex 可能尚未登录（需用户侧一次性处理）。\n- NEXT: 安装 rustup/cargo；在 `.autopilot/runner.env` 填写跨机配置（或在 mac 也运行监督器）；随后直接运行 `scripts/agent_bootstrap.sh` 进入持续开发。\n- TEST: 运行 `scripts/agent_bootstrap.sh --context`；运行 `scripts/agent_bootstrap.sh --once`；运行 `scripts/autopilot.sh stop` 并用 `ss -ltnp '( sport = :7788 )'` 确认 Hub 可停止。\n\n-- DECISIONS tail --\n# DECISIONS\n\n## 2026-01-27\n- 背景：期望用户只运行 `scripts/agent_bootstrap.sh` 即可持续推进 MVP 开发，并在阻塞时得到明确提示。\n- 决策：将 `agent_bootstrap.sh` 设计为“前台监督器入口”，自动拉起 Hub/autopilot/任务种子/骨架初始化；在 agent 循环中使用 `--context` 退化为上下文摘要器，避免递归启动。\n- 影响：自动驾驶流程统一入口，但会在后台启动多个 agent 循环；停止需显式执行 `scripts/agent_bootstrap.sh --stop`（或 `scripts/autopilot.sh stop`）。\n\n-- TODO head --\n# TODO（MVP 自动驾驶看板）\n\n当前优先级（与 Hub 任务队列配合）：\n- 用户前置：安装 rustup/cargo，确保 `cargo check` 可运行。\n- 用户前置：配置 `.autopilot/runner.env`（至少补全 `BUILDER_MAC_SSH` 或在 mac 端也运行监督器）。\n- 自动驾驶：运行 `scripts/agent_bootstrap.sh`，观察置顶提示并清除阻塞项。\n\nNext: follow MVP.md + docs/ROADMAP.md, pick one small task and validate it.\n","exit_code":0,"status":"completed"}}
{"type":"item.completed","item":{"id":"item_16","type":"reasoning","text":"**Planning initial doc scans**"}}
{"type":"item.started","item":{"id":"item_17","type":"command_execution","command":"/bin/bash -lc \"sed -n '1,200p' docs/ROADMAP.md\"","aggregated_output":"","exit_code":null,"status":"in_progress"}}
{"type":"item.completed","item":{"id":"item_17","type":"command_execution","command":"/bin/bash -lc \"sed -n '1,200p' docs/ROADMAP.md\"","aggregated_output":"# NetMic 里程碑与任务拆解（M0 / M1 / M2）\n\n本文档用于规划“先做什么、后做什么”，并标注建议的 Agent Skill 使用点。\n\n---\n\n## Milestone 0：参数与注入验证（服务端基础能力）\n\n**目标**  \nLinux 端能创建虚拟麦克风并持续写入 PCM。\n\n**任务清单**\n1) 环境自检（pactl / pipewire-pulse）  \n2) 创建虚拟麦克风（pactl + module-virtual-source）  \n3) 持续写入测试音（sine wave）  \n4) 运行 5 分钟无中断  \n\n**Skill 建议**  \n无（不使用 Notion，调研结论直接记录到文档/Issue）\n\n---\n\n## Milestone 1：端到端基本通路（Client → Server）\n\n**目标**  \n客户端采集 → 网络发送 → 服务端接收 → 注入成功。\n\n**任务清单**\n1) Client 采集（macOS/Linux）  \n2) Client 重采样/转 mono（内部标准）  \n3) UDP 发送/接收（最小协议）  \n4) Server 解码/缓冲（先用 PCM）  \n5) 写入虚拟麦克风  \n\n**Skill 建议**  \n无（任务直接在 GitHub Issues 中维护）\n\n---\n\n## Milestone 2：可调参数 + 回退机制\n\n**目标**  \n参数可调且在安全范围内自动回退。\n\n**任务清单**\n1) 参数校验（采样率/帧长/bitrate/buffer）  \n2) 回退逻辑（不支持则自动回到默认）  \n3) 状态回显与日志  \n\n**Skill 建议**  \n无（参数决策写入文档/Issue）\n\n---\n\n## Milestone 3：稳定性与可用性\n\n**目标**  \n30 分钟运行稳定，断线恢复 10 秒内完成。\n\n**任务清单**\n1) 抖动缓冲策略  \n2) 断线重连逻辑  \n3) 指标上报（丢包、延迟、缓冲深度）  \n\n**Skill 建议**  \nCI 失败修复：`gh-fix-ci`\n\n---\n\n## 任务模板（Issue 建议格式）\n\n标题：`[模块] 简短描述`  \n内容：\n- 目标  \n- 输入/输出  \n- 依赖  \n- 验收标准  \n\n---\n\n## 验收规则（简化版）\n\n- M0：虚拟麦克风可见 + 写入稳定  \n- M1：默认参数端到端跑通  \n- M2：参数可调 + 自动回退  \n- M3：稳定性与恢复达标\n","exit_code":0,"status":"completed"}}
{"type":"item.completed","item":{"id":"item_3","type":"reasoning","text":"**Confirming repo state and proceeding**"}}
{"type":"item.completed","item":{"id":"item_18","type":"reasoning","text":"**Documenting session logs and decisions**"}}
{"type":"item.started","item":{"id":"item_19","type":"command_execution","command":"/bin/bash -lc \"sed -n '1,200p' docs/SESSION_LOG.md\"","aggregated_output":"","exit_code":null,"status":"in_progress"}}
{"type":"item.completed","item":{"id":"item_19","type":"command_execution","command":"/bin/bash -lc \"sed -n '1,200p' docs/SESSION_LOG.md\"","aggregated_output":"# SESSION LOG\n\n## 2026-01-27\n- DONE: 将 `scripts/agent_bootstrap.sh` 升级为“前台监督器入口”，自动自检/启动 Hub/autopilot/任务种子/骨架初始化；为 autopilot 增加 `--context` 防递归；新增 `scripts/seed_tasks.py` 与 `scripts/bootstrap/bootstrap_workspace.sh`。\n- BLOCKER: 本机缺少 cargo（Rust 工具链）；未配置 `BUILDER_MAC_SSH`；codex 可能尚未登录（需用户侧一次性处理）。\n- NEXT: 安装 rustup/cargo；在 `.autopilot/runner.env` 填写跨机配置（或在 mac 也运行监督器）；随后直接运行 `scripts/agent_bootstrap.sh` 进入持续开发。\n- TEST: 运行 `scripts/agent_bootstrap.sh --context`；运行 `scripts/agent_bootstrap.sh --once`；运行 `scripts/autopilot.sh stop` 并用 `ss -ltnp '( sport = :7788 )'` 确认 Hub 可停止。\n","exit_code":0,"status":"completed"}}
{"type":"item.started","item":{"id":"item_4","type":"command_execution","command":"/bin/bash -lc \"curl -s \\\"http://127.0.0.1:7788/v1/register\\\" -H 'content-type: application/json' -d '{\\\"agent_id\\\":\\\"orchestrator\\\",\\\"role\\\":\\\"orchestrator\\\",\\\"capabilities\\\":{\\\"node\\\":\\\"orchestrator\\\"},\\\"host\\\":\\\"orchestrator\\\",\\\"tags\\\":[\\\"autopilot\\\"],\\\"status\\\":\\\"online\\\"}'\"","aggregated_output":"","exit_code":null,"status":"in_progress"}}
{"type":"item.completed","item":{"id":"item_4","type":"command_execution","command":"/bin/bash -lc \"curl -s \\\"http://127.0.0.1:7788/v1/register\\\" -H 'content-type: application/json' -d '{\\\"agent_id\\\":\\\"orchestrator\\\",\\\"role\\\":\\\"orchestrator\\\",\\\"capabilities\\\":{\\\"node\\\":\\\"orchestrator\\\"},\\\"host\\\":\\\"orchestrator\\\",\\\"tags\\\":[\\\"autopilot\\\"],\\\"status\\\":\\\"online\\\"}'\"","aggregated_output":"","exit_code":7,"status":"failed"}}
{"type":"item.completed","item":{"id":"item_20","type":"reasoning","text":"**Marking decision phase**"}}
{"type":"item.started","item":{"id":"item_21","type":"command_execution","command":"/bin/bash -lc \"sed -n '1,200p' docs/DECISIONS.md\"","aggregated_output":"","exit_code":null,"status":"in_progress"}}
{"type":"item.completed","item":{"id":"item_21","type":"command_execution","command":"/bin/bash -lc \"sed -n '1,200p' docs/DECISIONS.md\"","aggregated_output":"# DECISIONS\n\n## 2026-01-27\n- 背景：期望用户只运行 `scripts/agent_bootstrap.sh` 即可持续推进 MVP 开发，并在阻塞时得到明确提示。\n- 决策：将 `agent_bootstrap.sh` 设计为“前台监督器入口”，自动拉起 Hub/autopilot/任务种子/骨架初始化；在 agent 循环中使用 `--context` 退化为上下文摘要器，避免递归启动。\n- 影响：自动驾驶流程统一入口，但会在后台启动多个 agent 循环；停止需显式执行 `scripts/agent_bootstrap.sh --stop`（或 `scripts/autopilot.sh stop`）。\n","exit_code":0,"status":"completed"}}
{"type":"item.completed","item":{"id":"item_5","type":"reasoning","text":"**Attempting to start agent hub**\n\nI'll run the agent hub using the suggested Python command to resolve the connection refused error and enable requesting approval."}}
{"type":"item.completed","item":{"id":"item_6","type":"agent_message","text":"Hub 似乎没起来（curl 失败）。我先在本机拉起 hub，再继续注册和看状态。"}}
{"type":"item.started","item":{"id":"item_7","type":"command_execution","command":"/bin/bash -lc 'python3 agent-hub/agent_hub.py > /tmp/netmic_agent_hub.log 2>&1 & echo $!'","aggregated_output":"","exit_code":null,"status":"in_progress"}}
{"type":"item.completed","item":{"id":"item_7","type":"command_execution","command":"/bin/bash -lc 'python3 agent-hub/agent_hub.py > /tmp/netmic_agent_hub.log 2>&1 & echo $!'","aggregated_output":"52551\n","exit_code":0,"status":"completed"}}
{"type":"item.completed","item":{"id":"item_22","type":"reasoning","text":"**Checking hub state with curl**"}}
{"type":"item.started","item":{"id":"item_23","type":"command_execution","command":"/bin/bash -lc 'curl -s \"http://127.0.0.1:7788/v1/agents?active_within=600&limit=50\"'","aggregated_output":"","exit_code":null,"status":"in_progress"}}
{"type":"item.completed","item":{"id":"item_23","type":"command_execution","command":"/bin/bash -lc 'curl -s \"http://127.0.0.1:7788/v1/agents?active_within=600&limit=50\"'","aggregated_output":"","exit_code":7,"status":"failed"}}
{"type":"item.completed","item":{"id":"item_8","type":"reasoning","text":"**Preparing health check**\n\nPlanning to verify the hub background process health using an end-to-end smoke test or a curl request."}}
{"type":"item.started","item":{"id":"item_9","type":"command_execution","command":"/bin/bash -lc 'python3 scripts/e2e_smoke.py --mode health --hub http://127.0.0.1:7788'","aggregated_output":"","exit_code":null,"status":"in_progress"}}
{"type":"item.completed","item":{"id":"item_9","type":"command_execution","command":"/bin/bash -lc 'python3 scripts/e2e_smoke.py --mode health --hub http://127.0.0.1:7788'","aggregated_output":"{\"ok\": false, \"error\": \"<urlopen error [Errno 1] Operation not permitted>\"}\n","exit_code":1,"status":"failed"}}
{"type":"item.started","item":{"id":"item_24","type":"command_execution","command":"/bin/bash -lc 'curl -s \"http://127.0.0.1:7788/v1/tasks?limit=50\"'","aggregated_output":"","exit_code":null,"status":"in_progress"}}
{"type":"item.completed","item":{"id":"item_24","type":"command_execution","command":"/bin/bash -lc 'curl -s \"http://127.0.0.1:7788/v1/tasks?limit=50\"'","aggregated_output":"","exit_code":7,"status":"failed"}}
{"type":"item.completed","item":{"id":"item_10","type":"reasoning","text":"**Testing network access with curl**"}}
{"type":"item.started","item":{"id":"item_11","type":"command_execution","command":"/bin/bash -lc 'curl -sS http://127.0.0.1:7788/health'","aggregated_output":"","exit_code":null,"status":"in_progress"}}
{"type":"item.completed","item":{"id":"item_11","type":"command_execution","command":"/bin/bash -lc 'curl -sS http://127.0.0.1:7788/health'","aggregated_output":"curl: (7) Failed to connect to 127.0.0.1 port 7788 after 0 ms: Could not connect to server\n","exit_code":7,"status":"failed"}}
{"type":"item.completed","item":{"id":"item_25","type":"reasoning","text":"**Noting hub port restriction blocker**\n\nHub access is blocked due to port restrictions, preventing direct task creation or refresh via hub claim release; next, I'll inspect scripts/seed_tasks.py for a workaround using direct SQLite operations."}}
{"type":"item.completed","item":{"id":"item_26","type":"agent_message","text":"Hub API 在当前环境无法访问。我先看看仓库里是否有本地“种子任务/离线队列”的脚本可用。"}}
{"type":"item.started","item":{"id":"item_27","type":"command_execution","command":"/bin/bash -lc \"sed -n '1,220p' scripts/seed_tasks.py\"","aggregated_output":"","exit_code":null,"status":"in_progress"}}
{"type":"item.completed","item":{"id":"item_27","type":"command_execution","command":"/bin/bash -lc \"sed -n '1,220p' scripts/seed_tasks.py\"","aggregated_output":"#!/usr/bin/env python3\n\"\"\"为 NetMic MVP 自动驾驶注入任务种子（幂等）。\"\"\"\n\nfrom __future__ import annotations\n\nimport argparse\nimport json\nimport sys\nimport urllib.error\nimport urllib.parse\nimport urllib.request\nfrom typing import Any, Dict, Iterable, List, Tuple\n\nSEED_AGENT_ID = \"bootstrap-seed\"\n\n\nSeedTask = Dict[str, Any]\n\n\nSEED_TASKS: List[SeedTask] = [\n    {\n        \"task_id\": \"BOOT-001-workspace-skeleton\",\n        \"meta\": {\n            \"target_role\": \"builder-linux\",\n            \"milestone\": \"bootstrap\",\n            \"objective\": \"运行 scripts/bootstrap/bootstrap_workspace.sh 创建 Rust 工作区骨架，并确保 cargo check 通过。\",\n            \"acceptance\": [\n                \"根目录存在 Cargo.toml workspace 配置\",\n                \"crates/netmic-{proto,server,client} 存在且 cargo check 通过\",\n                \"docs/SESSION_LOG.md 记录本次骨架初始化结果\",\n            ],\n            \"doc_refs\": [\"MVP.md#4\", \"docs/ROADMAP.md\"],\n        },\n    },\n    {\n        \"task_id\": \"BOOT-002-session-docs-init\",\n        \"meta\": {\n            \"target_role\": \"scribe\",\n            \"milestone\": \"bootstrap\",\n            \"objective\": \"初始化 docs/SESSION_LOG.md 与 docs/DECISIONS.md 的最小结构，并记录自动驾驶入口的运行方式。\",\n            \"acceptance\": [\n                \"docs/SESSION_LOG.md 包含 DONE/BLOCKER/NEXT/TEST 模板\",\n                \"docs/DECISIONS.md 包含日期与决策模板\",\n                \"文档明确 agent_bootstrap.sh 是入口\",\n            ],\n            \"doc_refs\": [\"docs/CONTINUOUS_AUTOPILOT.md\", \"docs/WORKFLOW.md\"],\n        },\n    },\n    {\n        \"task_id\": \"M0-001-linux-audio-selfcheck\",\n        \"meta\": {\n            \"target_role\": \"builder-linux\",\n            \"milestone\": \"M0\",\n            \"objective\": \"实现 Linux 音频注入自检脚本（pactl/pipewire-pulse），并提供最小 smoke test。\",\n            \"acceptance\": [\n                \"存在 scripts/linux/audio_selfcheck.sh 或 .py\",\n                \"脚本能输出是否可创建虚拟麦克风的结论\",\n                \"结果写入 docs/SESSION_LOG.md\",\n            ],\n            \"doc_refs\": [\"MVP.md#6\", \"docs/ROADMAP.md#milestone-0\"],\n        },\n    },\n    {\n        \"task_id\": \"M1-001-protocol-doc\",\n        \"meta\": {\n            \"target_role\": \"scribe\",\n            \"milestone\": \"M1\",\n            \"objective\": \"根据 MVP.md 的边界，产出 docs/PROTO.md（握手/心跳/统计/音频帧最小结构）。\",\n            \"acceptance\": [\n                \"docs/PROTO.md 描述握手请求/响应字段\",\n                \"定义最小音频帧头结构与统计字段\",\n                \"明确单客户端占用与 BUSY 行为\",\n            ],\n            \"doc_refs\": [\"MVP.md#5\", \"docs/MODULE_OWNERS.md\"],\n        },\n    },\n    {\n        \"task_id\": \"M1-002-server-udp-receiver\",\n        \"meta\": {\n            \"target_role\": \"builder-linux\",\n            \"milestone\": \"M1\",\n            \"objective\": \"在 netmic-server 中落地 UDP 接收骨架（握手/音频包分流占位），先用 PCM 跑通链路。\",\n            \"acceptance\": [\n                \"netmic-server 能监听 UDP 端口\",\n                \"能区分控制面与数据面消息类型（占位实现可）\",\n                \"cargo check 通过且写入 SESSION_LOG\",\n            ],\n            \"doc_refs\": [\"MVP.md#5\", \"docs/ROADMAP.md#milestone-1\"],\n        },\n    },\n    {\n        \"task_id\": \"M1-003-client-capture-sender\",\n        \"meta\": {\n            \"target_role\": \"builder-mac\",\n            \"milestone\": \"M1\",\n            \"objective\": \"在 netmic-client 中实现采集/重采样/发送的最小骨架（可先用假数据/测试音）。\",\n            \"acceptance\": [\n                \"netmic-client 具备发送循环骨架\",\n                \"为后续接入 cpal/rubato 预留清晰模块结构\",\n                \"cargo check 通过且写入 SESSION_LOG\",\n            ],\n            \"doc_refs\": [\"MVP.md#4\", \"docs/ROADMAP.md#milestone-1\"],\n        },\n    },\n    {\n        \"task_id\": \"M2-001-config-validation\",\n        \"meta\": {\n            \"target_role\": \"builder-linux\",\n            \"milestone\": \"M2\",\n            \"objective\": \"在 netmic-proto 中加入参数校验与回退规则骨架（安全范围以 MVP.md 为准）。\",\n            \"acceptance\": [\n                \"存在参数校验入口（validate 或 normalize）\",\n                \"能表达回退到默认值的结果结构\",\n                \"关键范围写入注释并引用 MVP.md\",\n            ],\n            \"doc_refs\": [\"MVP.md#3\", \"docs/ROADMAP.md#milestone-2\"],\n        },\n    },\n    {\n        \"task_id\": \"M3-001-metrics-and-reconnect\",\n        \"meta\": {\n            \"target_role\": \"builder-linux\",\n            \"milestone\": \"M3\",\n            \"objective\": \"在 server/client 侧补齐指标与重连状态机骨架（日志可观测优先）。\",\n            \"acceptance\": [\n                \"日志中可见状态机转换\",\n                \"存在丢包/缓冲深度等指标结构占位\",\n                \"文档或注释解释恢复窗口目标（10 秒内）\",\n            ],\n            \"doc_refs\": [\"MVP.md#8\", \"docs/ROADMAP.md#milestone-3\"],\n        },\n    },\n]\n\n\ndef request_json(method: str, url: str, payload: Dict[str, Any] | None = None, timeout: int = 10) -> Dict[str, Any]:\n    data = None\n    if payload is not None:\n        data = json.dumps(payload, ensure_ascii=True).encode(\"utf-8\")\n    req = urllib.request.Request(url, data=data, method=method)\n    req.add_header(\"Content-Type\", \"application/json\")\n    try:\n        with urllib.request.urlopen(req, timeout=timeout) as resp:\n            raw = resp.read()\n    except urllib.error.HTTPError as exc:  # pragma: no cover - 网络环境依赖\n        return {\"ok\": False, \"error\": f\"http_{exc.code}\", \"detail\": exc.read().decode(\"utf-8\", \"ignore\")}\n    except Exception as exc:  # pragma: no cover - 网络环境依赖\n        return {\"ok\": False, \"error\": str(exc)}\n    try:\n        return json.loads(raw.decode(\"utf-8\"))\n    except json.JSONDecodeError:\n        return {\"ok\": False, \"error\": \"bad_json\", \"raw\": raw.decode(\"utf-8\", \"ignore\")}\n\n\ndef get_tasks(hub: str) -> Dict[str, Dict[str, Any]]:\n    resp = request_json(\"GET\", f\"{hub}/v1/tasks?limit=1000\")\n    tasks: Dict[str, Dict[str, Any]] = {}\n    if not resp.get(\"ok\"):\n        return tasks\n    for task in resp.get(\"tasks\", []):\n        task_id = task.get(\"task_id\")\n        if task_id:\n            tasks[task_id] = task\n    return tasks\n\n\ndef claim_then_queue(hub: str, task_id: str, meta: Dict[str, Any]) -> Tuple[bool, str]:\n    claim_payload = {\"agent_id\": SEED_AGENT_ID, \"task_id\": task_id, \"meta\": meta}\n    claim_resp = request_json(\"POST\", f\"{hub}/v1/claim_task\", claim_payload)\n    if not claim_resp.get(\"ok\"):\n        return False, claim_resp.get(\"error\", \"claim_failed\")\n    release_payload = {\"agent_id\": SEED_AGENT_ID, \"task_id\": task_id, \"status\": \"queued\"}\n    release_resp = request_json(\"POST\", f\"{hub}/v1/release_task\", release_payload)\n    if not release_resp.get(\"ok\"):\n        return False, release_resp.get(\"error\", \"release_failed\")\n    return True, \"queued\"\n\n\ndef seed_tasks(hub: str, tasks: Iterable[SeedTask]) -> Dict[str, List[str]]:\n    existing = get_tasks(hub)\n    created: List[str] = []\n    skipped: List[str] = []\n    failed: List[str] = []\n\n    for task in tasks:\n        task_id = task[\"task_id\"]\n        meta = task[\"meta\"]\n        current = existing.get(task_id)\n        if current:\n            status = str(current.get(\"status\", \"\"))\n            if status in {\"done\", \"closed\"}:\n                skipped.append(f\"{task_id}:status={status}\")\n                continue\n            # 已存在的未完成任务，避免抢占，保守跳过。\n            skipped.append(f\"{task_id}:status={status or 'existing'}\")\n            continue\n        ok, detail = claim_then_queue(hub, task_id, meta)\n        if ok:\n            created.append(task_id)\n        else:\n            failed.append(f\"{task_id}:{detail}\")\n\n    return {\"created\": created, \"skipped\": skipped, \"failed\": failed}\n\n\ndef parse_args(argv: List[str]) -> argparse.Namespace:\n    parser = argparse.ArgumentParser(description=\"Seed NetMic MVP tasks into Agent Hub\")\n    parser.add_argument(\"--hub\", required=True, help=\"Hub base URL, e.g. http://127.0.0.1:7788\")\n    return parser.parse_args(argv)\n\n\ndef main(argv: List[str]) -> int:\n    args = parse_args(argv)\n    hub = args.hub.rstrip(\"/\")\n    summary = seed_tasks(hub, SEED_TASKS)\n    print(json.dumps({\"ok\": True, \"hub\": hub, **summary}, ensure_ascii=True))\n    return 0 if not summary[\"failed\"] else 1\n\n\nif __name__ == \"__main__\":\n","exit_code":0,"status":"completed"}}
{"type":"item.completed","item":{"id":"item_12","type":"reasoning","text":"**Checking hub process log for errors**"}}
{"type":"item.started","item":{"id":"item_13","type":"command_execution","command":"/bin/bash -lc \"sed -n '1,120p' /tmp/netmic_agent_hub.log\"","aggregated_output":"","exit_code":null,"status":"in_progress"}}
{"type":"item.completed","item":{"id":"item_13","type":"command_execution","command":"/bin/bash -lc \"sed -n '1,120p' /tmp/netmic_agent_hub.log\"","aggregated_output":"Traceback (most recent call last):\n  File \"/home/arc/code/NetMic/agent-hub/agent_hub.py\", line 499, in <module>\n    run()\n    ~~~^^\n  File \"/home/arc/code/NetMic/agent-hub/agent_hub.py\", line 493, in run\n    server = ThreadingHTTPServer((HOST, PORT), AgentHubHandler)\n  File \"/usr/lib64/python3.14/socketserver.py\", line 453, in __init__\n    self.socket = socket.socket(self.address_family,\n                  ~~~~~~~~~~~~~^^^^^^^^^^^^^^^^^^^^^\n                                self.socket_type)\n                                ^^^^^^^^^^^^^^^^^\n  File \"/usr/lib64/python3.14/socket.py\", line 236, in __init__\n    _socket.socket.__init__(self, family, type, proto, fileno)\n    ~~~~~~~~~~~~~~~~~~~~~~~^^^^^^^^^^^^^^^^^^^^^^^^^^^^^^^^^^^\nPermissionError: [Errno 1] Operation not permitted\n","exit_code":0,"status":"completed"}}
{"type":"item.completed","item":{"id":"item_14","type":"reasoning","text":"**Adapting to network restrictions**\n\nThe hub is inaccessible due to sandbox network limits, so I'll treat it as unavailable and focus on local docs by reading key markdown files in manageable chunks."}}
{"type":"item.completed","item":{"id":"item_15","type":"agent_message","text":"本环境不允许绑定端口/访问本地 Hub（socket 被拒绝）。我先继续读取 source of truth 文档，离线推进可做的小任务，并在日志里记录阻塞。"}}
{"type":"item.started","item":{"id":"item_16","type":"command_execution","command":"/bin/bash -lc \"sed -n '1,200p' MVP.md\"","aggregated_output":"","exit_code":null,"status":"in_progress"}}
{"type":"item.completed","item":{"id":"item_16","type":"command_execution","command":"/bin/bash -lc \"sed -n '1,200p' MVP.md\"","aggregated_output":"## NetMic MVP 规划与边界文档（不含代码）\n\n### 1. 目标与范围\n\n**目标**\n在局域网内，将一台设备（客户端：macOS/Linux）的本地音频输入（默认麦克风）实时传输到另一台设备（服务端：Linux），并在 Linux 上注入为**系统可选择的麦克风输入设备**（虚拟麦克风 / virtual source），供任意应用使用。\n\n**MVP 范围**\n\n* 单向音频流：Client → Server\n* 单客户端占用：同一时刻仅允许 1 个客户端向服务端推流\n* 跨平台：客户端支持 macOS/Linux；服务端仅 Linux（注入虚拟麦克风）\n* GUI：配置 + 状态监控 + 日志（不做复杂音频路由图形化）\n* Linux 注入方式：仅支持 **PipeWire / Pulse 兼容层**（pipewire-pulse 或 pulseaudio 环境）\n\n**非目标（MVP 不做）**\n\n* macOS 作为服务端并注入系统麦克风\n* P2P 多节点对等/自动发现/多路流/混音\n* 公网/NAT 穿透与高安全传输（可预留字段，不实现强安全）\n* 更低栈兼容（纯 ALSA、JACK 原生注入等）\n\n---\n\n### 2. 用户流程（MVP）\n\n**服务端（Linux）**\n\n1. 选择 Server 模式\n2. 设定监听端口（默认端口）\n3. 一键创建/启用虚拟麦克风（PipeWire/Pulse 兼容层）\n4. 显示：当前连接、参数、延迟/缓冲、丢包、音量电平、日志\n5. 可手动断开当前客户端（释放占用）\n\n**客户端（macOS/Linux）**\n\n1. 选择 Client 模式\n2. 输入 Server IP:Port（默认端口）\n3. 选择输入设备（默认系统麦克风）\n4. 配置编码与音频参数（在安全范围内）\n5. 开始推流、显示状态与实时指标\n\n---\n\n### 3. 核心约束与边界\n\n**单客户端策略**\n\n* Server 只允许 1 个 active sender\n* 冲突行为：当新客户端尝试连接时，Server 返回“BUSY”，客户端提示；可选“强制抢占”（MVP 可做开关，但默认关闭）\n\n**可调参数与“安全范围”**\nGUI 允许调参，但必须在安全范围内，并且有“推荐值/默认值/回退规则”。\n\n#### 3.1 编码（2 种）\n\n* **Opus（推荐默认）**：低延迟、抗丢包；适合语音/通用音频\n* **PCM（调试/最低复杂度）**：带宽大；用于定位问题或极低延迟需求\n\n#### 3.2 采样率（目标=48k，支持重采样）\n\n* GUI 允许选择：**16k / 24k / 32k / 44.1k / 48k**\n* **安全范围**：16k–48k\n* **默认**：48k\n* **回退**：若输入设备不支持所选采样率，客户端启用重采样到目标采样率\n\n#### 3.3 声道\n\n* MVP 固定：**mono**（简化带宽、注入与应用兼容）\n* 非目标：stereo（后续版本）\n\n#### 3.4 chunk（帧长/包时长）\n\n* GUI 可选：**10 / 20 / 40 / 60 ms**\n* **安全范围**：10–60ms\n* **默认**：20ms\n* 说明：帧长越短延迟越低但更敏感；越长越稳但延迟更高\n\n#### 3.5 比特率（按编码类型）\n\n* **Opus**（mono）\n\n  * 安全范围：**16–128 kbps**\n  * 默认：**32 kbps（语音）或 48 kbps（通用）**\n\n* **PCM**\n\n  * 不设“比特率”，由采样率 × 位深 × 声道决定（MVP 固定 16-bit）\n\n#### 3.6 buffer（接收端目标缓冲 / jitter buffer）\n\n* GUI 可调：**40–400 ms**\n* 默认：**100 ms**\n* 建议档位：40/60/80/100/150/200/300/400\n* 规则：buffer 太小会爆音/卡顿；太大会明显口型延迟。MVP 以稳定优先。\n\n---\n\n### 4. 重采样与格式归一化（MVP 必须）\n\n**目标**：无论输入设备实际输出什么格式，网络与服务端注入统一为一个“内部标准格式”，减少复杂度。\n\n* 内部标准建议：**PCM 16-bit, mono, 48kHz**\n* 客户端：采集 →（必要时重采样/混音到 mono）→ 编码（Opus/PCM）\n* 服务端：解码 → 得到内部标准 PCM → 写入虚拟麦克风\n\n**回退策略**\n\n* 如果重采样失败/设备不可用：提示用户并停止推流\n* 如果编码器不支持当前参数组合：自动回退到最接近的安全默认值，并在 UI 明确提示“已回退到 X”\n\n---\n\n### 5. 网络与协议边界（MVP）\n\n**传输层选择（建议固定，避免扩散）**\n\n* MVP：**UDP**（音频实时优先）\n* 非目标：TCP（可后续提供“兼容模式”）\n\n**控制面 vs 数据面（建议保留结构）**\n\n* 数据面：音频帧（UDP payload）\n* 控制面：少量控制报文（握手/参数协商/心跳/统计/断开）\n* MVP 可复用同端口不同消息类型，但结构要明确，以便未来扩展对等模式\n\n**最小会话能力**\n\n* 握手：Client 发送目标参数，Server 返回接受/拒绝 + 生效参数\n* 心跳：用于断线检测\n* 统计：丢包率、接收缓冲深度、端到端估算延迟\n\n**安全（MVP 边界）**\n\n* 不做强加密/鉴权\n* 预留：token/nonce 字段与“配对码 UI”入口（可隐藏在高级设置），但默认不启用\n\n---\n\n### 6. Linux 虚拟麦克风注入边界\n\n**仅支持：PipeWire/Pulse 兼容层创建虚拟麦克风**\n\n* 前置条件：系统需有 pipewire-pulse 或 pulseaudio，并可使用 pactl 创建虚拟 source/sink 类设备\n* 应用可见性：虚拟麦克风在系统输入设备列表中可选\n* MVP 不处理：\n\n  * 纯 ALSA loopback\n  * JACK 原生桥接\n  * Wayland/桌面环境差异导致的特殊路由问题（可在 FAQ 记录）\n\n---\n\n### 7. GUI 需求（MVP）\n\n**共同**\n\n* 模式切换：Client / Server\n* 配置页：IP、端口、编码参数（带安全范围与默认一键恢复）\n* 状态页：连接状态、当前生效参数、实时指标\n* 日志页：可导出（用于排障）\n\n**客户端专属**\n\n* 输入设备选择（默认系统麦克风）\n* 权限状态（macOS 麦克风权限检测与引导）\n* 推流按钮、自动重连开关\n\n**服务端专属**\n\n* 虚拟麦克风创建/移除（或启用/禁用）\n* 当前客户端信息（IP、连接时长）\n* 强制断开按钮\n* 指标：丢包、buffer 深度、音频电平（至少 RMS/peak）\n\n---\n\n### 8. 状态机与错误处理（MVP）\n\n**Server 状态**\n\n* Idle → Listening → Connected → Streaming\n* Streaming 中断：NetworkLost → Recovering（等待重连窗口）→ Listening\n\n**Client 状态**\n\n* Idle → Connecting → Streaming\n* 断线：Reconnecting（指数退避，最大间隔上限）→ Streaming 或 Error\n\n**关键错误分类**\n\n* 音频设备错误（无权限/设备不可用/采样率不支持）\n* 编码器错误（参数非法/初始化失败）\n* 网络错误（端口占用/不可达/丢包过高导致不可用）\n* 注入错误（虚拟麦克风创建失败/写入失败）\n\n**对用户的最小可理解提示**\n\n* 明确指出：失败环节（采集/编码/网络/注入）与建议动作（切换设备、恢复默认参数、增大 buffer）\n\n","exit_code":0,"status":"completed"}}
{"type":"item.completed","item":{"id":"item_28","type":"reasoning","text":"**Identifying safe tasks amid blockers**\n\nSeed uses HTTP but hub is inaccessible due to sandbox restrictions, blocking tasks needing hub or cargo. I'll focus on small, safe tasks like updating documentation or scripts without cargo or network dependencies. Next is inspecting the repo structure to find such tasks and possibly note sandbox port restrictions in SESSION_LOG."}}
{"type":"item.started","item":{"id":"item_29","type":"command_execution","command":"/bin/bash -lc 'ls -la'","aggregated_output":"","exit_code":null,"status":"in_progress"}}
{"type":"item.completed","item":{"id":"item_29","type":"command_execution","command":"/bin/bash -lc 'ls -la'","aggregated_output":"总计 124\ndrwxr-xr-x. 9 arc arc  4096  1月27日 19:54 .\ndrwxr-xr-x. 5 arc arc  4096  1月27日 10:00 ..\ndrwxr-xr-x. 2 arc arc  4096  1月27日 17:32 agent-hub\n-rw-r--r--. 1 arc arc 65536  1月27日 19:54 agent_hub.db\n-rw-r--r--. 1 arc arc  2065  1月27日 17:49 AGENTS.md\ndrwxr-xr-x. 3 arc arc  4096  1月27日 20:02 .autopilot\ndrwxr-xr-x. 3 arc arc  4096  1月27日 10:01 .codex\ndrwxr-xr-x. 2 arc arc  4096  1月27日 19:54 docs\ndrwxr-xr-x. 7 arc arc  4096  1月27日 20:03 .git\ndrwxr-xr-x. 3 arc arc  4096  1月27日 10:01 .github\n-rw-r--r--. 1 arc arc   319  1月27日 19:54 .gitignore\n-rw-r--r--. 1 arc arc 10490  1月27日 19:14 MVP.md\ndrwxr-xr-x. 8 arc arc  4096  1月27日 19:48 scripts\n","exit_code":0,"status":"completed"}}
{"type":"item.completed","item":{"id":"item_17","type":"reasoning","text":"**Planning deeper exploration**\n\nConsidering reading the roadmap and additional files to gather more context needed for addressing smaller tasks effectively."}}
{"type":"item.started","item":{"id":"item_18","type":"command_execution","command":"/bin/bash -lc \"sed -n '1,220p' docs/ROADMAP.md\"","aggregated_output":"","exit_code":null,"status":"in_progress"}}
{"type":"item.completed","item":{"id":"item_18","type":"command_execution","command":"/bin/bash -lc \"sed -n '1,220p' docs/ROADMAP.md\"","aggregated_output":"# NetMic 里程碑与任务拆解（M0 / M1 / M2）\n\n本文档用于规划“先做什么、后做什么”，并标注建议的 Agent Skill 使用点。\n\n---\n\n## Milestone 0：参数与注入验证（服务端基础能力）\n\n**目标**  \nLinux 端能创建虚拟麦克风并持续写入 PCM。\n\n**任务清单**\n1) 环境自检（pactl / pipewire-pulse）  \n2) 创建虚拟麦克风（pactl + module-virtual-source）  \n3) 持续写入测试音（sine wave）  \n4) 运行 5 分钟无中断  \n\n**Skill 建议**  \n无（不使用 Notion，调研结论直接记录到文档/Issue）\n\n---\n\n## Milestone 1：端到端基本通路（Client → Server）\n\n**目标**  \n客户端采集 → 网络发送 → 服务端接收 → 注入成功。\n\n**任务清单**\n1) Client 采集（macOS/Linux）  \n2) Client 重采样/转 mono（内部标准）  \n3) UDP 发送/接收（最小协议）  \n4) Server 解码/缓冲（先用 PCM）  \n5) 写入虚拟麦克风  \n\n**Skill 建议**  \n无（任务直接在 GitHub Issues 中维护）\n\n---\n\n## Milestone 2：可调参数 + 回退机制\n\n**目标**  \n参数可调且在安全范围内自动回退。\n\n**任务清单**\n1) 参数校验（采样率/帧长/bitrate/buffer）  \n2) 回退逻辑（不支持则自动回到默认）  \n3) 状态回显与日志  \n\n**Skill 建议**  \n无（参数决策写入文档/Issue）\n\n---\n\n## Milestone 3：稳定性与可用性\n\n**目标**  \n30 分钟运行稳定，断线恢复 10 秒内完成。\n\n**任务清单**\n1) 抖动缓冲策略  \n2) 断线重连逻辑  \n3) 指标上报（丢包、延迟、缓冲深度）  \n\n**Skill 建议**  \nCI 失败修复：`gh-fix-ci`\n\n---\n\n## 任务模板（Issue 建议格式）\n\n标题：`[模块] 简短描述`  \n内容：\n- 目标  \n- 输入/输出  \n- 依赖  \n- 验收标准  \n\n---\n\n## 验收规则（简化版）\n\n- M0：虚拟麦克风可见 + 写入稳定  \n- M1：默认参数端到端跑通  \n- M2：参数可调 + 自动回退  \n- M3：稳定性与恢复达标\n","exit_code":0,"status":"completed"}}
{"type":"item.completed","item":{"id":"item_30","type":"reasoning","text":"**Checking and updating .gitignore**\n\nThe .gitignore file is untracked and might be newly created, so I'll inspect its contents to confirm if autopilot and agent_hub.db should be added for ignoring, then update it accordingly."}}
{"type":"item.completed","item":{"id":"item_31","type":"agent_message","text":"我先检查一下 `.gitignore`，看看是否已经排除了 `.autopilot/` 和 `agent_hub.db` 这类本地状态文件。"}}
{"type":"item.started","item":{"id":"item_32","type":"command_execution","command":"/bin/bash -lc \"sed -n '1,200p' .gitignore\"","aggregated_output":"","exit_code":null,"status":"in_progress"}}
{"type":"item.completed","item":{"id":"item_32","type":"command_execution","command":"/bin/bash -lc \"sed -n '1,200p' .gitignore\"","aggregated_output":"# NetMic 本地自动驾驶状态（不应进入版本控制）\n.autopilot/*.pid\n.autopilot/*.loop.sh\n.autopilot/*.prompt.txt\n.autopilot/*.last.txt\n.autopilot/logs/\n.autopilot/runner.env\n.autopilot/hub_url.txt\n.autopilot/runtime_hub_url.txt\n.autopilot/workspace_bootstrap.done\n\n# Agent Hub 本地数据库\nagent_hub.db\n","exit_code":0,"status":"completed"}}
{"type":"item.completed","item":{"id":"item_19","type":"reasoning","text":"**Inspecting untracked session files**\n\nI'm checking the contents of SESSION_LOG and DECISIONS since they exist but are untracked, to understand their role and if they affect the implementation."}}
{"type":"item.started","item":{"id":"item_20","type":"command_execution","command":"/bin/bash -lc \"sed -n '1,200p' docs/SESSION_LOG.md\"","aggregated_output":"","exit_code":null,"status":"in_progress"}}
{"type":"item.completed","item":{"id":"item_20","type":"command_execution","command":"/bin/bash -lc \"sed -n '1,200p' docs/SESSION_LOG.md\"","aggregated_output":"# SESSION LOG\n\n## 2026-01-27\n- DONE: 将 `scripts/agent_bootstrap.sh` 升级为“前台监督器入口”，自动自检/启动 Hub/autopilot/任务种子/骨架初始化；为 autopilot 增加 `--context` 防递归；新增 `scripts/seed_tasks.py` 与 `scripts/bootstrap/bootstrap_workspace.sh`。\n- BLOCKER: 本机缺少 cargo（Rust 工具链）；未配置 `BUILDER_MAC_SSH`；codex 可能尚未登录（需用户侧一次性处理）。\n- NEXT: 安装 rustup/cargo；在 `.autopilot/runner.env` 填写跨机配置（或在 mac 也运行监督器）；随后直接运行 `scripts/agent_bootstrap.sh` 进入持续开发。\n- TEST: 运行 `scripts/agent_bootstrap.sh --context`；运行 `scripts/agent_bootstrap.sh --once`；运行 `scripts/autopilot.sh stop` 并用 `ss -ltnp '( sport = :7788 )'` 确认 Hub 可停止。\n","exit_code":0,"status":"completed"}}
{"type":"item.completed","item":{"id":"item_21","type":"reasoning","text":"**Preparing to decide**"}}
{"type":"item.started","item":{"id":"item_22","type":"command_execution","command":"/bin/bash -lc \"sed -n '1,200p' docs/DECISIONS.md\"","aggregated_output":"","exit_code":null,"status":"in_progress"}}
{"type":"item.completed","item":{"id":"item_22","type":"command_execution","command":"/bin/bash -lc \"sed -n '1,200p' docs/DECISIONS.md\"","aggregated_output":"# DECISIONS\n\n## 2026-01-27\n- 背景：期望用户只运行 `scripts/agent_bootstrap.sh` 即可持续推进 MVP 开发，并在阻塞时得到明确提示。\n- 决策：将 `agent_bootstrap.sh` 设计为“前台监督器入口”，自动拉起 Hub/autopilot/任务种子/骨架初始化；在 agent 循环中使用 `--context` 退化为上下文摘要器，避免递归启动。\n- 影响：自动驾驶流程统一入口，但会在后台启动多个 agent 循环；停止需显式执行 `scripts/agent_bootstrap.sh --stop`（或 `scripts/autopilot.sh stop`）。\n","exit_code":0,"status":"completed"}}
{"type":"item.completed","item":{"id":"item_33","type":"reasoning","text":"**Assessing tracked ignored files and task alternatives**\n\nThe tracked but ignored autopilot/hub_url file shows modifications that can't be easily untracked without destructive cleanup, so we'll rely on explicit git adds to control commits. Since the hub can't run due to sandbox restrictions, I'll review docs/TODO to manage offline task creation as a fallback for the required queue updates."}}
{"type":"item.started","item":{"id":"item_34","type":"command_execution","command":"/bin/bash -lc \"sed -n '1,200p' docs/TODO.md\"","aggregated_output":"","exit_code":null,"status":"in_progress"}}
{"type":"item.completed","item":{"id":"item_34","type":"command_execution","command":"/bin/bash -lc \"sed -n '1,200p' docs/TODO.md\"","aggregated_output":"# TODO（MVP 自动驾驶看板）\n\n当前优先级（与 Hub 任务队列配合）：\n- 用户前置：安装 rustup/cargo，确保 `cargo check` 可运行。\n- 用户前置：配置 `.autopilot/runner.env`（至少补全 `BUILDER_MAC_SSH` 或在 mac 端也运行监督器）。\n- 自动驾驶：运行 `scripts/agent_bootstrap.sh`，观察置顶提示并清除阻塞项。\n","exit_code":0,"status":"completed"}}
{"type":"item.completed","item":{"id":"item_23","type":"reasoning","text":"**Attempting local curl with failure tracking**\n\nI'm running curl to the local endpoint despite expected failure from network restrictions, aiming to record the blocker explicitly for diagnostics."}}
{"type":"item.started","item":{"id":"item_24","type":"command_execution","command":"/bin/bash -lc 'curl -sS \"http://127.0.0.1:7788/v1/agents?active_within=600&limit=50\"'","aggregated_output":"","exit_code":null,"status":"in_progress"}}
{"type":"item.completed","item":{"id":"item_24","type":"command_execution","command":"/bin/bash -lc 'curl -sS \"http://127.0.0.1:7788/v1/agents?active_within=600&limit=50\"'","aggregated_output":"curl: (7) Failed to connect to 127.0.0.1 port 7788 after 0 ms: Could not connect to server\n","exit_code":7,"status":"failed"}}
{"type":"item.completed","item":{"id":"item_25","type":"reasoning","text":"**Running tasks but expecting failure**"}}
{"type":"item.started","item":{"id":"item_26","type":"command_execution","command":"/bin/bash -lc 'curl -sS \"http://127.0.0.1:7788/v1/tasks?limit=50\"'","aggregated_output":"","exit_code":null,"status":"in_progress"}}
{"type":"item.completed","item":{"id":"item_26","type":"command_execution","command":"/bin/bash -lc 'curl -sS \"http://127.0.0.1:7788/v1/tasks?limit=50\"'","aggregated_output":"curl: (7) Failed to connect to 127.0.0.1 port 7788 after 0 ms: Could not connect to server\n","exit_code":7,"status":"failed"}}
{"type":"item.completed","item":{"id":"item_35","type":"reasoning","text":"**Planning graceful hub start failure handling**\n\nI'm preparing to inspect the agent_bootstrap script near the hub start to detect permission-related failures and add a clear message, aiming for a small safe change that avoids issues with port restrictions."}}
{"type":"item.completed","item":{"id":"item_36","type":"agent_message","text":"我会先看一下 `scripts/agent_bootstrap.sh` 的 Hub 启动与自检逻辑，看看能否做一个小而明确的改进。"}}
{"type":"item.started","item":{"id":"item_37","type":"command_execution","command":"/bin/bash -lc \"sed -n '1,220p' scripts/agent_bootstrap.sh\"","aggregated_output":"","exit_code":null,"status":"in_progress"}}
{"type":"item.completed","item":{"id":"item_37","type":"command_execution","command":"/bin/bash -lc \"sed -n '1,220p' scripts/agent_bootstrap.sh\"","aggregated_output":"#!/usr/bin/env bash\n# NetMic 自动驾驶入口与上下文加载器。\n#\n# 设计目标：\n# 1) 用户只需运行本脚本即可启动自动开发流程（前台监督，不隐藏）。\n# 2) 在 Agent 循环内（ROLE/BOOTSTRAP_CONTEXT_ONLY）退化为“上下文摘要器”。\nset -euo pipefail\n\nROOT=\"$(cd \"$(dirname \"${BASH_SOURCE[0]}\")/..\" && pwd)\"\ncd \"$ROOT\"\n\nSTATE_DIR=\"$ROOT/.autopilot\"\nLOG_DIR=\"$STATE_DIR/logs\"\nRUNTIME_HUB_URL_FILE=\"$STATE_DIR/runtime_hub_url.txt\"\nRUNNER_ENV_FILE=\"$STATE_DIR/runner.env\"\nRUNNER_ENV_EXAMPLE=\"$STATE_DIR/runner.env.example\"\nHUB_URL_SHARED_FILE=\"$ROOT/docs/HUB_URL.txt\"\nBOOTSTRAP_LOG=\"$LOG_DIR/bootstrap.log\"\nWORKSPACE_MARKER=\"$STATE_DIR/workspace_bootstrap.done\"\n\nREFRESH_SECONDS=\"${BOOTSTRAP_REFRESH_SECONDS:-15}\"\nCONTEXT_ONLY=\"${BOOTSTRAP_CONTEXT_ONLY:-0}\"\nONCE=0\nSTATUS_ONLY=0\nSTOP_ONLY=0\n\nusage() {\n  cat <<'USAGE'\n用法：scripts/agent_bootstrap.sh [--context] [--once] [--status] [--stop]\n\n说明：\n- 无参数：以前台监督器模式运行（推荐入口）。\n- --context：只输出上下文摘要（供 agent 循环调用）。\n- --once：执行一次自检/启动/状态汇总后退出（便于 CI 或调试）。\n- --status：只看当前状态，不做启动动作。\n- --stop：停止 autopilot 与本机 Hub。\nUSAGE\n}\n\nwhile [[ $# -gt 0 ]]; do\n  case \"$1\" in\n    --context)\n      CONTEXT_ONLY=1\n      shift\n      ;;\n    --once)\n      ONCE=1\n      shift\n      ;;\n    --status)\n      STATUS_ONLY=1\n      shift\n      ;;\n    --stop)\n      STOP_ONLY=1\n      shift\n      ;;\n    -h|--help)\n      usage\n      exit 0\n      ;;\n    *)\n      echo \"未知参数：$1\" >&2\n      usage >&2\n      exit 1\n      ;;\n  esac\ndone\n\nmkdir -p \"$STATE_DIR\" \"$LOG_DIR\"\n\nts_now() {\n  date -Iseconds\n}\n\n# -------- 上下文摘要模式（用于 agent 循环） --------\ncontext_summary() {\n  local hub_url=\"${HUB:-${HUB_URL:-}}\"\n\n  echo \"== NetMic context ==\"\n  echo \"time:   $(ts_now)\"\n  echo \"repo:   $(basename \"$ROOT\")\"\n  echo \"path:   $ROOT\"\n  echo \"branch: $(git rev-parse --abbrev-ref HEAD 2>/dev/null || echo 'n/a')\"\n  echo \"status:\"\n  git status -sb || true\n  echo\n\n  if [[ -n \"$hub_url\" ]] && command -v curl >/dev/null 2>&1; then\n    echo \"-- HUB health --\"\n    curl -s \"$hub_url/v1/health\" || true\n    echo\n    echo \"-- HUB agents (active_within=600) --\"\n    curl -s \"$hub_url/v1/agents?active_within=600&limit=20\" || true\n    echo\n    echo \"-- HUB tasks --\"\n    curl -s \"$hub_url/v1/tasks?limit=20\" || true\n    echo\n  fi\n\n  if [[ -f docs/SESSION_LOG.md ]]; then\n    echo \"-- SESSION_LOG tail --\"\n    tail -n 15 docs/SESSION_LOG.md\n    echo\n  fi\n\n  if [[ -f docs/DECISIONS.md ]]; then\n    echo \"-- DECISIONS tail --\"\n    tail -n 10 docs/DECISIONS.md\n    echo\n  fi\n\n  if [[ -f docs/TODO.md ]]; then\n    echo \"-- TODO head --\"\n    head -n 20 docs/TODO.md\n    echo\n  fi\n\n  if command -v gh >/dev/null 2>&1; then\n    echo \"-- Open issues (gh) --\"\n    gh issue list -L 10 || true\n    echo\n  fi\n\n  echo \"Next: follow MVP.md + docs/ROADMAP.md, pick one small task and validate it.\"\n}\n\n# 在 agent 角色环境中只做上下文摘要，避免递归拉起 autopilot。\nif [[ \"$CONTEXT_ONLY\" == \"1\" || -n \"${ROLE:-}\" ]]; then\n  context_summary\n  exit 0\nfi\n\n# -------- 停止/状态模式 --------\nif [[ \"$STOP_ONLY\" == \"1\" ]]; then\n  scripts/autopilot.sh stop || true\n  echo \"已请求停止 autopilot 与 Hub（若存在）。\"\n  exit 0\nfi\n\nif [[ \"$STATUS_ONLY\" == \"1\" ]]; then\n  # 仅展示状态，不做启动动作。\n  scripts/autopilot.sh status || true\n  exit 0\nfi\n\n# -------- 前台监督器模式 --------\n\n# 默认启用危险模式，避免被 approvals/sandbox 阻塞；允许用户显式覆盖。\nexport AUTOPILOT_DANGEROUS=\"${AUTOPILOT_DANGEROUS:-1}\"\n# 避免覆盖/污染已跟踪的 .autopilot/hub_url.txt。\nexport HUB_URL_FILE=\"$RUNTIME_HUB_URL_FILE\"\n\n# shellcheck disable=SC2034\nACTION_ITEMS=()\n\nadd_action() {\n  local msg=\"$1\"\n  ACTION_ITEMS+=(\"$msg\")\n}\n\nrequire_cmd_soft() {\n  local cmd=\"$1\"\n  local hint=\"$2\"\n  if ! command -v \"$cmd\" >/dev/null 2>&1; then\n    add_action \"缺少命令 '$cmd'：$hint\"\n    return 1\n  fi\n  return 0\n}\n\nextract_host() {\n  local url=\"$1\"\n  local host=\"${url#http://}\"\n  host=\"${host%%/*}\"\n  host=\"${host%%:*}\"\n  printf \"%s\" \"$host\"\n}\n\ndetect_default_ip() {\n  local ip=\"\"\n  if command -v ip >/dev/null 2>&1; then\n    ip=\"$(ip route get 1.1.1.1 2>/dev/null | awk '/src/ {for (i=1;i<=NF;i++) if ($i==\"src\") {print $(i+1); exit}}')\"\n  fi\n  if [[ -z \"$ip\" ]] && [[ \"$(uname -s 2>/dev/null || true)\" == \"Darwin\" ]] && command -v ipconfig >/dev/null 2>&1; then\n    ip=\"$(ipconfig getifaddr en0 2>/dev/null || true)\"\n  fi\n  if [[ -z \"$ip\" ]] && command -v hostname >/dev/null 2>&1; then\n    ip=\"$(hostname -I 2>/dev/null | awk '{print $1}')\"\n  fi\n  if [[ -z \"$ip\" ]]; then\n    ip=\"127.0.0.1\"\n  fi\n  printf \"%s\" \"$ip\"\n}\n\nlocal_ip_list() {\n  local ips=\"\"\n  if command -v hostname >/dev/null 2>&1; then\n    ips=\"$(hostname -I 2>/dev/null || true)\"\n  fi\n  if [[ -z \"$ips\" ]] && [[ \"$(uname -s 2>/dev/null || true)\" == \"Darwin\" ]] && command -v ipconfig >/dev/null 2>&1; then\n    ips=\"$(ipconfig getifaddr en0 2>/dev/null || true)\"\n  fi\n  if [[ -z \"$ips\" ]]; then\n    ips=\"$(detect_default_ip)\"\n  fi\n  printf \"%s\" \"$ips\"\n}\n\nhub_is_local() {\n  local host=\"$1\"\n  case \"$host\" in\n    127.0.0.1|localhost|0.0.0.0)\n      return 0\n      ;;\n  esac\n  local ips\n  ips=\"$(local_ip_list)\"\n  for ip in $ips; do\n","exit_code":0,"status":"completed"}}
{"type":"item.completed","item":{"id":"item_27","type":"reasoning","text":"**Noting network blocker and planning offline tasks**\n\nNetwork restrictions block task queue creation via claim+release, so I'll update the untracked docs/TODO with an offline task queue stub and instructions to reflect this limitation."}}
{"type":"item.started","item":{"id":"item_28","type":"command_execution","command":"/bin/bash -lc \"sed -n '1,200p' docs/TODO.md\"","aggregated_output":"","exit_code":null,"status":"in_progress"}}
{"type":"item.completed","item":{"id":"item_28","type":"command_execution","command":"/bin/bash -lc \"sed -n '1,200p' docs/TODO.md\"","aggregated_output":"# TODO（MVP 自动驾驶看板）\n\n当前优先级（与 Hub 任务队列配合）：\n- 用户前置：安装 rustup/cargo，确保 `cargo check` 可运行。\n- 用户前置：配置 `.autopilot/runner.env`（至少补全 `BUILDER_MAC_SSH` 或在 mac 端也运行监督器）。\n- 自动驾驶：运行 `scripts/agent_bootstrap.sh`，观察置顶提示并清除阻塞项。\n","exit_code":0,"status":"completed"}}
{"type":"item.completed","item":{"id":"item_38","type":"reasoning","text":"**Searching for hub start functions**"}}
{"type":"item.started","item":{"id":"item_39","type":"command_execution","command":"/bin/bash -lc 'rg -n \"hub|agent_hub|start\" scripts/agent_bootstrap.sh'","aggregated_output":"","exit_code":null,"status":"in_progress"}}
{"type":"item.completed","item":{"id":"item_39","type":"command_execution","command":"/bin/bash -lc 'rg -n \"hub|agent_hub|start\" scripts/agent_bootstrap.sh'","aggregated_output":"14:RUNTIME_HUB_URL_FILE=\"$STATE_DIR/runtime_hub_url.txt\"\n78:  local hub_url=\"${HUB:-${HUB_URL:-}}\"\n89:  if [[ -n \"$hub_url\" ]] && command -v curl >/dev/null 2>&1; then\n91:    curl -s \"$hub_url/v1/health\" || true\n94:    curl -s \"$hub_url/v1/agents?active_within=600&limit=20\" || true\n97:    curl -s \"$hub_url/v1/tasks?limit=20\" || true\n151:# 避免覆盖/污染已跟踪的 .autopilot/hub_url.txt。\n211:hub_is_local() {\n228:hub_health() {\n284:resolve_hub_url() {\n287:  local hub_url=\"${HUB_URL:-}\"\n289:  if [[ -z \"$hub_url\" && -f \"$HUB_URL_SHARED_FILE\" ]]; then\n290:    hub_url=\"$(head -n 1 \"$HUB_URL_SHARED_FILE\" | tr -d '[:space:]')\"\n293:  if [[ -z \"$hub_url\" && -f \"$RUNTIME_HUB_URL_FILE\" ]]; then\n294:    hub_url=\"$(head -n 1 \"$RUNTIME_HUB_URL_FILE\" | tr -d '[:space:]')\"\n298:  if [[ -z \"$hub_url\" ]]; then\n301:    hub_url=\"http://$ip:7788\"\n304:  # 若 hub 不健康且不是本机地址，自动回退到本机。\n306:  host=\"$(extract_host \"$hub_url\")\"\n307:  if ! hub_health \"$hub_url\" && ! hub_is_local \"$host\"; then\n311:    add_action \"Hub 不健康且非本机地址：$hub_url。已回退为本机 Hub：$fallback\"\n312:    hub_url=\"$fallback\"\n315:  printf \"%s\\n\" \"$hub_url\" >\"$RUNTIME_HUB_URL_FILE\"\n316:  export HUB_URL=\"$hub_url\"\n319:start_hub_if_needed() {\n320:  local hub_url=\"$1\"\n321:  if hub_health \"$hub_url\"; then\n326:  host=\"$(extract_host \"$hub_url\")\"\n327:  if ! hub_is_local \"$host\"; then\n328:    add_action \"Hub 不可用且不在本机：$hub_url（请确认远端 Hub 已启动）。\"\n337:  echo \"[$(ts_now)] 启动本机 Agent Hub：$hub_url\" >>\"$BOOTSTRAP_LOG\"\n338:  AGENT_HUB_PORT=\"${hub_url##*:}\" python3 agent-hub/agent_hub.py >>\"$LOG_DIR/hub.log\" 2>&1 &\n339:  echo $! >\"$STATE_DIR/hub.pid\"\n341:  if ! hub_health \"$hub_url\"; then\n342:    add_action \"Agent Hub 启动失败，请查看 $LOG_DIR/hub.log\"\n408:  local hub_url=\"$1\"\n409:  if ! hub_health \"$hub_url\"; then\n415:  scripts/seed_tasks.py --hub \"$hub_url\" >>\"$BOOTSTRAP_LOG\" 2>&1 || add_action \"任务种子注入失败：请查看 $BOOTSTRAP_LOG\"\n430:start_autopilot_if_needed() {\n431:  local hub_url=\"$1\"\n438:  echo \"[$(ts_now)] 启动 autopilot（hub=$hub_url）\" >>\"$BOOTSTRAP_LOG\"\n439:  HUB_URL=\"$hub_url\" scripts/autopilot.sh start >>\"$BOOTSTRAP_LOG\" 2>&1 || add_action \"autopilot 启动失败：请查看 $BOOTSTRAP_LOG\"\n442:summarize_hub_status() {\n443:  local hub_url=\"$1\"\n445:    echo \"hub: unknown（缺少 curl）\"\n449:    echo \"hub: unknown（缺少 python3）\"\n452:  if ! hub_health \"$hub_url\"; then\n453:    echo \"hub: unhealthy ($hub_url)\"\n458:  health_json=\"$(curl -fsS \"$hub_url/v1/health\" 2>/dev/null || true)\"\n459:  agents_json=\"$(curl -fsS \"$hub_url/v1/agents?active_within=900&limit=50\" 2>/dev/null || true)\"\n460:  tasks_json=\"$(curl -fsS \"$hub_url/v1/tasks?limit=50\" 2>/dev/null || true)\"\n479:print(f\"hub: ok agents={len(agents)} tasks={len(tasks)}\")\n509:  local hub_url=\"$2\"\n511:  if [[ \"$role\" == \"hub\" ]]; then\n512:    if hub_health \"$hub_url\"; then\n514:        echo \"hub: running pid=$(cat \"$pid_file\")\"\n516:        echo \"hub: healthy（pid 未知，可能由外部启动）\"\n520:    echo \"hub: not running\"\n532:  local hub_url=\"$1\"\n539:  echo \"hub:    $hub_url\"\n557:  summarize_hub_status \"$hub_url\" || true\n561:  role_pid_line hub \"$hub_url\"\n562:  role_pid_line orchestrator \"$hub_url\"\n563:  role_pid_line builder-linux \"$hub_url\"\n564:  role_pid_line scribe \"$hub_url\"\n578:  resolve_hub_url\n585:    resolve_hub_url\n586:    local hub_url=\"$HUB_URL\"\n588:    start_hub_if_needed \"$hub_url\" || true\n601:      seed_tasks_if_possible \"$hub_url\" || true\n605:    start_autopilot_if_needed \"$hub_url\" || true\n607:    show_supervisor_screen \"$hub_url\"\n","exit_code":0,"status":"completed"}}
{"type":"item.completed","item":{"id":"item_40","type":"reasoning","text":"**Inspecting hub startup functions**\n\nI'm reviewing the start_hub_if_needed and hub_health code to understand how permission errors are handled and identify potential improvements."}}
{"type":"item.completed","item":{"id":"item_29","type":"reasoning","text":"**Planning task queue in docs**\n\nI'm considering adding a task queue with task IDs in docs/TODO to align with the roadmap and support builder tasks, while reviewing docs/WORKFLOW.md to clarify orchestration boundaries."}}
{"type":"item.started","item":{"id":"item_41","type":"command_execution","command":"/bin/bash -lc \"sed -n '220,360p' scripts/agent_bootstrap.sh\"","aggregated_output":"","exit_code":null,"status":"in_progress"}}
{"type":"item.completed","item":{"id":"item_41","type":"command_execution","command":"/bin/bash -lc \"sed -n '220,360p' scripts/agent_bootstrap.sh\"","aggregated_output":"  for ip in $ips; do\n    if [[ \"$host\" == \"$ip\" ]]; then\n      return 0\n    fi\n  done\n  return 1\n}\n\nhub_health() {\n  local url=\"$1\"\n  if ! command -v curl >/dev/null 2>&1; then\n    return 1\n  fi\n  curl -fsS \"$url/v1/health\" >/dev/null 2>&1\n}\n\nload_runner_env() {\n  if [[ -f \"$RUNNER_ENV_FILE\" ]]; then\n    # shellcheck disable=SC1090\n    source \"$RUNNER_ENV_FILE\"\n    return 0\n  fi\n  if [[ -f \"$RUNNER_ENV_EXAMPLE\" ]]; then\n    add_action \"可选：复制 $RUNNER_ENV_EXAMPLE 为 $RUNNER_ENV_FILE，并填写跨机配置（如 BUILDER_MAC_SSH）。\"\n  fi\n  return 0\n}\n\nensure_docs() {\n  local today\n  today=\"$(date +%F)\"\n\n  if [[ ! -s docs/SESSION_LOG.md ]]; then\n    cat <<DOC > docs/SESSION_LOG.md\n# SESSION LOG\n\n## $today\n- DONE:\n- BLOCKER:\n- NEXT:\n- TEST:\nDOC\n  fi\n\n  if [[ ! -s docs/DECISIONS.md ]]; then\n    cat <<DOC > docs/DECISIONS.md\n# DECISIONS\n\n## $today\n- 背景：\n- 决策：\n- 影响：\nDOC\n  fi\n\n  if [[ ! -s docs/TODO.md ]]; then\n    cat <<DOC > docs/TODO.md\n# TODO（MVP 自动驾驶看板）\n\n建议将任务拆成小块，并与 Hub 任务状态保持一致。\nDOC\n  fi\n}\n\nresolve_hub_url() {\n  load_runner_env\n\n  local hub_url=\"${HUB_URL:-}\"\n\n  if [[ -z \"$hub_url\" && -f \"$HUB_URL_SHARED_FILE\" ]]; then\n    hub_url=\"$(head -n 1 \"$HUB_URL_SHARED_FILE\" | tr -d '[:space:]')\"\n  fi\n\n  if [[ -z \"$hub_url\" && -f \"$RUNTIME_HUB_URL_FILE\" ]]; then\n    hub_url=\"$(head -n 1 \"$RUNTIME_HUB_URL_FILE\" | tr -d '[:space:]')\"\n  fi\n\n  # 最后兜底：自动探测本机地址。\n  if [[ -z \"$hub_url\" ]]; then\n    local ip\n    ip=\"$(detect_default_ip)\"\n    hub_url=\"http://$ip:7788\"\n  fi\n\n  # 若 hub 不健康且不是本机地址，自动回退到本机。\n  local host\n  host=\"$(extract_host \"$hub_url\")\"\n  if ! hub_health \"$hub_url\" && ! hub_is_local \"$host\"; then\n    local ip\n    ip=\"$(detect_default_ip)\"\n    local fallback=\"http://$ip:7788\"\n    add_action \"Hub 不健康且非本机地址：$hub_url。已回退为本机 Hub：$fallback\"\n    hub_url=\"$fallback\"\n  fi\n\n  printf \"%s\\n\" \"$hub_url\" >\"$RUNTIME_HUB_URL_FILE\"\n  export HUB_URL=\"$hub_url\"\n}\n\nstart_hub_if_needed() {\n  local hub_url=\"$1\"\n  if hub_health \"$hub_url\"; then\n    return 0\n  fi\n\n  local host\n  host=\"$(extract_host \"$hub_url\")\"\n  if ! hub_is_local \"$host\"; then\n    add_action \"Hub 不可用且不在本机：$hub_url（请确认远端 Hub 已启动）。\"\n    return 1\n  fi\n\n  if ! command -v python3 >/dev/null 2>&1; then\n    add_action \"无法启动 Hub：缺少 python3。\"\n    return 1\n  fi\n\n  echo \"[$(ts_now)] 启动本机 Agent Hub：$hub_url\" >>\"$BOOTSTRAP_LOG\"\n  AGENT_HUB_PORT=\"${hub_url##*:}\" python3 agent-hub/agent_hub.py >>\"$LOG_DIR/hub.log\" 2>&1 &\n  echo $! >\"$STATE_DIR/hub.pid\"\n  sleep 1\n  if ! hub_health \"$hub_url\"; then\n    add_action \"Agent Hub 启动失败，请查看 $LOG_DIR/hub.log\"\n    return 1\n  fi\n  return 0\n}\n\ncodex_auth_ok() {\n  if ! command -v codex >/dev/null 2>&1; then\n    return 1\n  fi\n  # codex CLI 不一定提供稳定的状态命令；失败时仅给出提示，不阻塞。\n  if command -v timeout >/dev/null 2>&1; then\n    timeout 5 codex auth status >/dev/null 2>&1 && return 0\n  else\n    codex auth status >/dev/null 2>&1 && return 0\n  fi\n  return 1\n}\n\n","exit_code":0,"status":"completed"}}
{"type":"item.started","item":{"id":"item_30","type":"command_execution","command":"/bin/bash -lc \"sed -n '1,200p' docs/WORKFLOW.md\"","aggregated_output":"","exit_code":null,"status":"in_progress"}}
{"type":"item.completed","item":{"id":"item_30","type":"command_execution","command":"/bin/bash -lc \"sed -n '1,200p' docs/WORKFLOW.md\"","aggregated_output":"# NetMic 总体工作流（GitHub + Hub + 双机 Codex）\n\n本文档定义：协作流程、职责分工、产出物与“何时使用哪些 Agent Skill”。  \n目标：让两台机器上的 Codex 按同一规则协作，不把沟通记录留在 Git。\n\n---\n\n## 快速入口（推荐）\n\n```bash\nscripts/agent_bootstrap.sh\n```\n\n该脚本会以前台监督器的形式自动自检、启动 Hub/autopilot，并在阻塞时置顶提示需要用户执行的动作。\n\n---\n\n## 1. 基本原则\n\n1) **GitHub 是最终事实来源**  \n只保存代码、任务状态（Issue/Project）、CI 结果与发布产物。\n\n2) **Hub 负责实时协调**  \nHub 只保存短期事件与状态（TTL），不存决策历史，不替代 GitHub。\n\n3) **职责清晰，合并统一**  \n所有补丁由 Integrator 合并；避免两台机器互相直接 push 主分支。\n\n4) **跨机测试由 CI 统一触发**  \nLinux + macOS 的 E2E 在 GitHub Actions 中执行，结果回到 CI。\n\n---\n\n## 2. 角色与职责\n\n- **Integrator（建议 Linux）**\n  - 合并补丁、处理冲突\n  - 触发/监控 E2E\n  - 决定里程碑通过与否\n\n- **Builder（Linux/macOS）**\n  - 领取任务 → 实现 → 提交补丁\n  - 单元/本机测试\n\n- **Tester（Linux/macOS）**\n  - 复现问题、验证修复\n  - 输出测试日志与指标\n\n---\n\n## 3. 协作主流程（端到端）\n\n1) **需求拆解**  \n从 MVP 规格 → 任务清单（Issues/Project）\n\n2) **任务领取**  \nBuilder 在 Hub `claim_task`，标记正在进行\n\n3) **实现与补丁提交**  \nBuilder 通过 Hub 提交补丁（`git diff` 或 `patch`）\n\n4) **合并与 CI**  \nIntegrator 应用补丁 → push → CI/E2E 运行\n\n5) **结果回写**  \nCI 结果写入 GitHub；Hub 只存短期事件\n\n6) **迭代进入下一任务**\n\n---\n\n## 4. Hub 使用边界\n\n- 允许：注册、心跳、任务领取/释放、补丁提交、测试会话编排  \n- 禁止：长期知识沉淀、需求讨论、决策记录\n\n---\n\n## 5. Agent Skill 触发点（Playbook）\n\n> 不使用 Notion 时，以下仅保留与 GitHub 相关的技能触发点。\n\n### 5.1 CI 失败自动修复\n**使用**：`gh-fix-ci`  \n**产出**：修复 PR 或直接提交修复 commit  \n**写入**：GitHub PR/Commit\n\n### 5.2 处理 PR 评论\n**使用**：`gh-address-comments`  \n**产出**：逐条回应与修复提交  \n**写入**：PR 评论与 commit\n\n---\n\n## 6. 产出物规范\n\n1) **每个任务必须对应 Issue**  \nIssue 标题简明，带模块前缀（例如：`client/采集`）。\n\n2) **补丁提交格式**  \n通过 Hub 提交 `patch`，Integrator 统一合并。\n\n3) **日志与测试结果**  \nE2E 结果记录在 GitHub Actions，日志作为 artifact 存档。\n\n---\n\n## 7. 建议的标签体系\n\n- `client` / `server` / `network` / `gui` / `infra`\n- `m0` / `m1` / `m2`\n- `bug` / `enhancement` / `doc`\n\n---\n\n## 8. 节奏建议\n\n- 每日固定一个 “合并窗口”（Integrator）\n- 每次合并必须有最小测试（即使是 smoke）\n- 每周复盘：延迟/丢包/稳定性目标是否满足\n","exit_code":0,"status":"completed"}}
{"type":"item.completed","item":{"id":"item_31","type":"reasoning","text":"**Checking module owners for script boundaries**"}}
{"type":"item.started","item":{"id":"item_32","type":"command_execution","command":"/bin/bash -lc \"sed -n '1,200p' docs/MODULE_OWNERS.md\"","aggregated_output":"","exit_code":null,"status":"in_progress"}}
{"type":"item.completed","item":{"id":"item_32","type":"command_execution","command":"/bin/bash -lc \"sed -n '1,200p' docs/MODULE_OWNERS.md\"","aggregated_output":"# NetMic 模块责任矩阵（双机协作）\n\n本文档定义 Linux 与 macOS 两台机器上的 Agent 负责的模块边界与交付物。  \n目标：并行推进、减少冲突、接口清晰。\n\n---\n\n## 1. 角色与机器分工\n\n### Linux 侧（Server Agent）\n- 负责服务端核心功能与系统注入\n- 负责服务端自检与运维脚本\n- 负责服务端稳定性与性能验证\n\n### macOS 侧（Client Agent）\n- 负责客户端采集与权限处理\n- 负责客户端重采样/单声道化\n- 负责客户端连接/重连逻辑\n\n### 共享模块（Integrator 统筹）\n- 协议与消息结构\n- 配置与参数校验\n- 日志与指标格式\n\n---\n\n## 2. 模块划分与负责人\n\n| 模块 | 说明 | 负责人（默认） | 产出 |\n| --- | --- | --- | --- |\n| server/audio-inject | 虚拟麦克风创建与 PCM 写入 | Linux | 自检脚本 + 注入模块 |\n| server/receiver | UDP 接收、抖动缓冲 | Linux | 接收模块 + 缓冲策略 |\n| server/metrics | 丢包/缓冲/延迟统计 | Linux | 指标输出格式 |\n| client/capture | 麦克风采集 | macOS | 采集模块 + 设备选择 |\n| client/resample | 重采样/单声道化 | macOS | 处理链路 |\n| client/sender | UDP 发送与心跳 | macOS | 发送模块 |\n| proto | 协议结构与握手 | 共享 | 消息定义文档 |\n| config | 参数校验与回退规则 | 共享 | 参数规则文档 |\n| logging | 日志与错误分类 | 共享 | 日志规范 |\n\n---\n\n## 3. 交付与合并规则\n\n1) 每个任务必须对应 Issue  \n2) 子模块修改尽量只改自己负责的目录  \n3) 所有补丁通过 Integrator 合并  \n4) 变更协议/配置必须先更新文档再改代码\n\n---\n\n## 4. 冲突处理规则\n\n- 两侧同时修改同一模块时，由 Integrator 判定主导方  \n- 若涉及协议变更，优先冻结两侧实现，先达成文档一致\n\n---\n\n## 5. 里程碑对齐（简要）\n\n- **M0**：Linux 侧为主（虚拟麦克风/写入验证）  \n- **M1**：Client + Server 并行（采集/发送/接收/注入）  \n- **M2/M3**：共享模块为主（参数回退、稳定性、指标）\n\n","exit_code":0,"status":"completed"}}
{"type":"item.completed","item":{"id":"item_33","type":"reasoning","text":"**Checking network restriction details**\n\nPlanning to quickly scan the beginning of the continuous autopilot docs to identify any relevant notes on network restrictions that might impact implementation."}}
{"type":"item.started","item":{"id":"item_34","type":"command_execution","command":"/bin/bash -lc \"sed -n '1,120p' docs/CONTINUOUS_AUTOPILOT.md\"","aggregated_output":"","exit_code":null,"status":"in_progress"}}
{"type":"item.completed","item":{"id":"item_34","type":"command_execution","command":"/bin/bash -lc \"sed -n '1,120p' docs/CONTINUOUS_AUTOPILOT.md\"","aggregated_output":"# NetMic 多 Agent 自动迭代指南\n\n目标：在 mac 与 linux 自托管 Runner 间，借助 Codex 多角色协作 + Agent Hub + tmux，实现持续开发与测试。\n\n## 前置准备\n- 已安装并登录 codex CLI；能 push 到仓库的 Git 凭据。\n- Python 3（运行 Agent Hub）、tmux（用于布局），两台 Runner 互通同一内网。\n- mac Runner 有音频采集权限；linux Runner 有 PipeWire/Pulse 与 pactl 可用。\n- 可选：在仓库 Secrets 配置 `CODEX_TOKEN` 以便在 Runner 侧无提示启动。\n\n## 组件与角色\n- Agent Hub：轻量事件总线，跑在任一 Linux 节点。命令：`python3 agent-hub/agent_hub.py`\n- 角色（均为 Codex 会话）：`orchestrator`（分配/监督），`builder-linux`，`builder-mac`，`scribe`（日志/PR 更新）。\n\n### 角色职责速览\n- orchestrator：读 ROADMAP/SESSION_LOG，分配 Issue/PR，触发跨机 E2E。\n- builder-linux：服务端/虚拟麦相关编码与测试，跑 Linux 端 CI。\n- builder-mac：客户端采集/GUI 编译与测试，跑 mac 端 CI。\n- scribe：更新 SESSION_LOG / DECISIONS / PR 描述与测试结果。\n\n## 首次初始化（一次性）\n```bash\ncd /path/to/NetMic\nscripts/agent_bootstrap.sh --once\n```\n说明：\n- `agent_bootstrap.sh` 会在缺失时自动创建 `docs/SESSION_LOG.md`、`docs/DECISIONS.md`、`docs/TODO.md`。\n- `--once` 适合初始化/自检；日常推荐直接无参运行（前台监督模式）。\n\n## 推荐入口（单命令自动驾驶）\n```bash\ncd /path/to/NetMic\nscripts/agent_bootstrap.sh\n```\n该入口会自动完成以下动作（能做就做，做不到会置顶提示）：\n- 解析/回退 Hub 地址（优先 `docs/HUB_URL.txt`，其次本机探测）。\n- 在 Hub 不健康且为本机地址时自动拉起 `agent-hub/agent_hub.py`。\n- 注入任务种子（`scripts/seed_tasks.py`），保证有活可干。\n- 在 cargo 可用时自动创建 Rust 工作区骨架（`scripts/bootstrap/bootstrap_workspace.sh`）。\n- 启动 `scripts/autopilot.sh start`（后台跑 agent 循环），并在前台持续刷新状态。\n\n重要行为说明：\n- 监督器不会自动退出或 stop；退出用 `Ctrl+C`，停止后台进程用：\n  - `scripts/agent_bootstrap.sh --stop`\n- 如果出现权限/安全/依赖阻塞，监督器会在控制台顶部提示“需要用户处理的事项”，并持续轮询状态。\n\n## 跨机配置（可选，但想全自动建议配置）\n为避免每次手动 export，监督器会自动读取：\n- `.autopilot/runner.env`（本机私有配置）\n\n建议做法：\n```bash\ncp .autopilot/runner.env.example .autopilot/runner.env\n```\n然后按需填写：\n- `HUB_URL=http://<linux-ip>:7788`\n- `BUILDER_MAC_SSH=user@mac-runner-host`\n- `BUILDER_MAC_ROOT=/path/to/NetMic`\n\n## 手动模式（需要更细控制时）\n若你不想使用监督器入口，也可以按传统方式手动启动：\n1) 启 Hub：`python3 agent-hub/agent_hub.py`\n2) 启 autopilot：`scripts/autopilot.sh start|status|stop`\n3) 或使用 tmux 布局：`scripts/launch_agents.sh`\n4) 在各窗口（或各机器）启动 Codex：\n   - Linux: `HUB=$HUB_URL ROLE=orchestrator scripts/start_agent.sh`\n   - Linux: `HUB=$HUB_URL ROLE=builder-linux scripts/start_agent.sh`\n   - Mac   : `HUB=$HUB_URL ROLE=builder-mac scripts/start_agent.sh`\n   - 任意 : `HUB=$HUB_URL ROLE=scribe scripts/start_agent.sh`\n（监督器与手动模式可以混用，但请避免重复拉起过多 agent 循环。）\n\n## 一键自动驾驶（推荐）\n当你不想手动起多个窗口时，直接用单脚本：\n\n```bash\ncd /path/to/NetMic\nscripts/autopilot.sh start\n```\n\n常用命令：\n- 查看整体状态（hub/agents/tasks/pids）：`scripts/autopilot.sh status`\n- 停止本机 autopilot 进程：`scripts/autopilot.sh stop`\n\n可选远程启动 mac builder（需 ssh 免密或可用凭据）：\n\n```bash\nexport BUILDER_MAC_SSH=user@mac-runner-host\nexport BUILDER_MAC_ROOT=/path/to/NetMic   # 若远端路径不同\nscripts/autopilot.sh start\n```\n\n## 会话接续与低上下文技巧\n- 每次工作前运行 `scripts/agent_bootstrap.sh`：输出分支、git 状态、SESSION_LOG/DECISIONS/TODO 摘要、Issue 列表。\n- 退出前在 `docs/SESSION_LOG.md` 写当日摘要：DONE/BLOCKER/NEXT/TEST。\n- 重大取舍记录在 `docs/DECISIONS.md`。\n\n## CI/Runner 协同\n- mac Runner 承担客户端构建与音频采集相关测试；linux Runner 承担服务端、虚拟麦与端到端接收。\n- 跨机 E2E 可用 `scripts/e2e_smoke.py`（后续改造为真实音频链路），由 orchestrator 分配 session_id，两个 builder 按角色上报 node_ready。\n\n## 健康检查与排障\n- Hub 健康：`curl \"$HUB_URL/v1/health\"` 应返回 ok/agents/tasks。\n- Hub agents：`curl \"$HUB_URL/v1/agents?active_within=900&limit=50\"`\n- Hub tasks：`curl \"$HUB_URL/v1/tasks?limit=50\"`\n- 事件流：`curl \"$HUB_URL/v1/events?since=0&limit=5\"` 查看最近事件。\n- agent 前置信息：`scripts/agent_bootstrap.sh`。\n- 若某角色崩溃，直接在对应 tmux 窗口重跑 `HUB=... ROLE=... scripts/start_agent.sh`。\n\n## 故障与重启\n- 若某角色崩溃，直接在对应 tmux 窗口重新执行 `HUB=... ROLE=... scripts/start_agent.sh`。\n- Agent Hub 无鉴权，局域网内部署即可；如需安全性，可在外层做防火墙/ACL。\n\n## 自定义\n- 修改 `scripts/launch_agents.sh` 的 `SESSION`、`HUB_URL` 环境变量适配你的网络。\n- 不想用 tmux 时，可按上述启动命令手动在各机执行。\n- 不想启 Hub 的简化模式：手动在 mac/linux 各开一个 Codex（builder 角色），用 GitHub Actions/SSH 直接触发客户端/服务端，无事件协调；适用于小批量实验。\n","exit_code":0,"status":"completed"}}
{"type":"item.completed","item":{"id":"item_42","type":"reasoning","text":"**Adding sandbox permission error detection**\n\nI'm enhancing start_hub_if_needed to detect permission errors in hub.log after a failed health check and provide a clearer action message about sandbox restrictions blocking socket binding. This will improve guidance for users running in restricted environments."}}
{"type":"item.completed","item":{"id":"item_43","type":"reasoning","text":"**Implementing permission error check using grep**\n\nI'm updating the hub start failure handling to tail the last 20 lines of the log and check for permission-related errors using grep, adding a clearer action message if detected while falling back to a generic failure message otherwise. This avoids relying on rg and ensures compatibility."}}
{"type":"item.completed","item":{"id":"item_44","type":"agent_message","text":"我准备做一个很小但有价值的改动：当 Hub 启动因“监听端口被禁止”失败时，给出更明确的提示。"}}
{"type":"item.completed","item":{"id":"item_35","type":"reasoning","text":"**Inspecting task seeding script**\n\nI'm reviewing the existing scripts/seed_tasks.py to understand current task definitions and assess how to align them with the MVP and roadmap for offline orchestrator tasks."}}
{"type":"item.completed","item":{"id":"item_36","type":"agent_message","text":"我先看看现有的任务种子脚本，看看是否需要补一个更贴近 MVP/ROADMAP 的小任务队列（不改协议）。"}}
{"type":"item.started","item":{"id":"item_37","type":"command_execution","command":"/bin/bash -lc \"sed -n '1,240p' scripts/seed_tasks.py\"","aggregated_output":"","exit_code":null,"status":"in_progress"}}
{"type":"item.completed","item":{"id":"item_37","type":"command_execution","command":"/bin/bash -lc \"sed -n '1,240p' scripts/seed_tasks.py\"","aggregated_output":"#!/usr/bin/env python3\n\"\"\"为 NetMic MVP 自动驾驶注入任务种子（幂等）。\"\"\"\n\nfrom __future__ import annotations\n\nimport argparse\nimport json\nimport sys\nimport urllib.error\nimport urllib.parse\nimport urllib.request\nfrom typing import Any, Dict, Iterable, List, Tuple\n\nSEED_AGENT_ID = \"bootstrap-seed\"\n\n\nSeedTask = Dict[str, Any]\n\n\nSEED_TASKS: List[SeedTask] = [\n    {\n        \"task_id\": \"BOOT-001-workspace-skeleton\",\n        \"meta\": {\n            \"target_role\": \"builder-linux\",\n            \"milestone\": \"bootstrap\",\n            \"objective\": \"运行 scripts/bootstrap/bootstrap_workspace.sh 创建 Rust 工作区骨架，并确保 cargo check 通过。\",\n            \"acceptance\": [\n                \"根目录存在 Cargo.toml workspace 配置\",\n                \"crates/netmic-{proto,server,client} 存在且 cargo check 通过\",\n                \"docs/SESSION_LOG.md 记录本次骨架初始化结果\",\n            ],\n            \"doc_refs\": [\"MVP.md#4\", \"docs/ROADMAP.md\"],\n        },\n    },\n    {\n        \"task_id\": \"BOOT-002-session-docs-init\",\n        \"meta\": {\n            \"target_role\": \"scribe\",\n            \"milestone\": \"bootstrap\",\n            \"objective\": \"初始化 docs/SESSION_LOG.md 与 docs/DECISIONS.md 的最小结构，并记录自动驾驶入口的运行方式。\",\n            \"acceptance\": [\n                \"docs/SESSION_LOG.md 包含 DONE/BLOCKER/NEXT/TEST 模板\",\n                \"docs/DECISIONS.md 包含日期与决策模板\",\n                \"文档明确 agent_bootstrap.sh 是入口\",\n            ],\n            \"doc_refs\": [\"docs/CONTINUOUS_AUTOPILOT.md\", \"docs/WORKFLOW.md\"],\n        },\n    },\n    {\n        \"task_id\": \"M0-001-linux-audio-selfcheck\",\n        \"meta\": {\n            \"target_role\": \"builder-linux\",\n            \"milestone\": \"M0\",\n            \"objective\": \"实现 Linux 音频注入自检脚本（pactl/pipewire-pulse），并提供最小 smoke test。\",\n            \"acceptance\": [\n                \"存在 scripts/linux/audio_selfcheck.sh 或 .py\",\n                \"脚本能输出是否可创建虚拟麦克风的结论\",\n                \"结果写入 docs/SESSION_LOG.md\",\n            ],\n            \"doc_refs\": [\"MVP.md#6\", \"docs/ROADMAP.md#milestone-0\"],\n        },\n    },\n    {\n        \"task_id\": \"M1-001-protocol-doc\",\n        \"meta\": {\n            \"target_role\": \"scribe\",\n            \"milestone\": \"M1\",\n            \"objective\": \"根据 MVP.md 的边界，产出 docs/PROTO.md（握手/心跳/统计/音频帧最小结构）。\",\n            \"acceptance\": [\n                \"docs/PROTO.md 描述握手请求/响应字段\",\n                \"定义最小音频帧头结构与统计字段\",\n                \"明确单客户端占用与 BUSY 行为\",\n            ],\n            \"doc_refs\": [\"MVP.md#5\", \"docs/MODULE_OWNERS.md\"],\n        },\n    },\n    {\n        \"task_id\": \"M1-002-server-udp-receiver\",\n        \"meta\": {\n            \"target_role\": \"builder-linux\",\n            \"milestone\": \"M1\",\n            \"objective\": \"在 netmic-server 中落地 UDP 接收骨架（握手/音频包分流占位），先用 PCM 跑通链路。\",\n            \"acceptance\": [\n                \"netmic-server 能监听 UDP 端口\",\n                \"能区分控制面与数据面消息类型（占位实现可）\",\n                \"cargo check 通过且写入 SESSION_LOG\",\n            ],\n            \"doc_refs\": [\"MVP.md#5\", \"docs/ROADMAP.md#milestone-1\"],\n        },\n    },\n    {\n        \"task_id\": \"M1-003-client-capture-sender\",\n        \"meta\": {\n            \"target_role\": \"builder-mac\",\n            \"milestone\": \"M1\",\n            \"objective\": \"在 netmic-client 中实现采集/重采样/发送的最小骨架（可先用假数据/测试音）。\",\n            \"acceptance\": [\n                \"netmic-client 具备发送循环骨架\",\n                \"为后续接入 cpal/rubato 预留清晰模块结构\",\n                \"cargo check 通过且写入 SESSION_LOG\",\n            ],\n            \"doc_refs\": [\"MVP.md#4\", \"docs/ROADMAP.md#milestone-1\"],\n        },\n    },\n    {\n        \"task_id\": \"M2-001-config-validation\",\n        \"meta\": {\n            \"target_role\": \"builder-linux\",\n            \"milestone\": \"M2\",\n            \"objective\": \"在 netmic-proto 中加入参数校验与回退规则骨架（安全范围以 MVP.md 为准）。\",\n            \"acceptance\": [\n                \"存在参数校验入口（validate 或 normalize）\",\n                \"能表达回退到默认值的结果结构\",\n                \"关键范围写入注释并引用 MVP.md\",\n            ],\n            \"doc_refs\": [\"MVP.md#3\", \"docs/ROADMAP.md#milestone-2\"],\n        },\n    },\n    {\n        \"task_id\": \"M3-001-metrics-and-reconnect\",\n        \"meta\": {\n            \"target_role\": \"builder-linux\",\n            \"milestone\": \"M3\",\n            \"objective\": \"在 server/client 侧补齐指标与重连状态机骨架（日志可观测优先）。\",\n            \"acceptance\": [\n                \"日志中可见状态机转换\",\n                \"存在丢包/缓冲深度等指标结构占位\",\n                \"文档或注释解释恢复窗口目标（10 秒内）\",\n            ],\n            \"doc_refs\": [\"MVP.md#8\", \"docs/ROADMAP.md#milestone-3\"],\n        },\n    },\n]\n\n\ndef request_json(method: str, url: str, payload: Dict[str, Any] | None = None, timeout: int = 10) -> Dict[str, Any]:\n    data = None\n    if payload is not None:\n        data = json.dumps(payload, ensure_ascii=True).encode(\"utf-8\")\n    req = urllib.request.Request(url, data=data, method=method)\n    req.add_header(\"Content-Type\", \"application/json\")\n    try:\n        with urllib.request.urlopen(req, timeout=timeout) as resp:\n            raw = resp.read()\n    except urllib.error.HTTPError as exc:  # pragma: no cover - 网络环境依赖\n        return {\"ok\": False, \"error\": f\"http_{exc.code}\", \"detail\": exc.read().decode(\"utf-8\", \"ignore\")}\n    except Exception as exc:  # pragma: no cover - 网络环境依赖\n        return {\"ok\": False, \"error\": str(exc)}\n    try:\n        return json.loads(raw.decode(\"utf-8\"))\n    except json.JSONDecodeError:\n        return {\"ok\": False, \"error\": \"bad_json\", \"raw\": raw.decode(\"utf-8\", \"ignore\")}\n\n\ndef get_tasks(hub: str) -> Dict[str, Dict[str, Any]]:\n    resp = request_json(\"GET\", f\"{hub}/v1/tasks?limit=1000\")\n    tasks: Dict[str, Dict[str, Any]] = {}\n    if not resp.get(\"ok\"):\n        return tasks\n    for task in resp.get(\"tasks\", []):\n        task_id = task.get(\"task_id\")\n        if task_id:\n            tasks[task_id] = task\n    return tasks\n\n\ndef claim_then_queue(hub: str, task_id: str, meta: Dict[str, Any]) -> Tuple[bool, str]:\n    claim_payload = {\"agent_id\": SEED_AGENT_ID, \"task_id\": task_id, \"meta\": meta}\n    claim_resp = request_json(\"POST\", f\"{hub}/v1/claim_task\", claim_payload)\n    if not claim_resp.get(\"ok\"):\n        return False, claim_resp.get(\"error\", \"claim_failed\")\n    release_payload = {\"agent_id\": SEED_AGENT_ID, \"task_id\": task_id, \"status\": \"queued\"}\n    release_resp = request_json(\"POST\", f\"{hub}/v1/release_task\", release_payload)\n    if not release_resp.get(\"ok\"):\n        return False, release_resp.get(\"error\", \"release_failed\")\n    return True, \"queued\"\n\n\ndef seed_tasks(hub: str, tasks: Iterable[SeedTask]) -> Dict[str, List[str]]:\n    existing = get_tasks(hub)\n    created: List[str] = []\n    skipped: List[str] = []\n    failed: List[str] = []\n\n    for task in tasks:\n        task_id = task[\"task_id\"]\n        meta = task[\"meta\"]\n        current = existing.get(task_id)\n        if current:\n            status = str(current.get(\"status\", \"\"))\n            if status in {\"done\", \"closed\"}:\n                skipped.append(f\"{task_id}:status={status}\")\n                continue\n            # 已存在的未完成任务，避免抢占，保守跳过。\n            skipped.append(f\"{task_id}:status={status or 'existing'}\")\n            continue\n        ok, detail = claim_then_queue(hub, task_id, meta)\n        if ok:\n            created.append(task_id)\n        else:\n            failed.append(f\"{task_id}:{detail}\")\n\n    return {\"created\": created, \"skipped\": skipped, \"failed\": failed}\n\n\ndef parse_args(argv: List[str]) -> argparse.Namespace:\n    parser = argparse.ArgumentParser(description=\"Seed NetMic MVP tasks into Agent Hub\")\n    parser.add_argument(\"--hub\", required=True, help=\"Hub base URL, e.g. http://127.0.0.1:7788\")\n    return parser.parse_args(argv)\n\n\ndef main(argv: List[str]) -> int:\n    args = parse_args(argv)\n    hub = args.hub.rstrip(\"/\")\n    summary = seed_tasks(hub, SEED_TASKS)\n    print(json.dumps({\"ok\": True, \"hub\": hub, **summary}, ensure_ascii=True))\n    return 0 if not summary[\"failed\"] else 1\n\n\nif __name__ == \"__main__\":\n    sys.exit(main(sys.argv[1:]))\n","exit_code":0,"status":"completed"}}
{"type":"item.completed","item":{"id":"item_45","type":"file_change","changes":[{"path":"/home/arc/code/NetMic/scripts/agent_bootstrap.sh","kind":"update"}],"status":"completed"}}
{"type":"item.completed","item":{"id":"item_46","type":"reasoning","text":"**Assessing script run risks**\n\nI'm checking if running the bootstrap script with --once triggers unwanted background processes like autopilot or hub starts and considering environment variables or code edits to prevent these during validation runs."}}
{"type":"item.completed","item":{"id":"item_47","type":"agent_message","text":"我先检查一下 `--once` 会不会拉起太多后台进程，再决定如何验证。"}}
{"type":"item.started","item":{"id":"item_48","type":"command_execution","command":"/bin/bash -lc \"sed -n '360,660p' scripts/agent_bootstrap.sh\"","aggregated_output":"","exit_code":null,"status":"in_progress"}}
{"type":"item.completed","item":{"id":"item_38","type":"reasoning","text":"**Assessing task ID alignment and bootstrap script**\n\nI've noticed seed tasks use outdated IDs unlike the requested format, so I'll update them to match the instructions with minimal script changes. Next, I'll inspect the bootstrap script to confirm how seed tasks are handled and ensure the updates won't disrupt the seeding process."}}
{"type":"item.completed","item":{"id":"item_48","type":"command_execution","command":"/bin/bash -lc \"sed -n '360,660p' scripts/agent_bootstrap.sh\"","aggregated_output":"  if command -v timeout >/dev/null 2>&1; then\n    timeout 5 codex auth status >/dev/null 2>&1 && return 0\n  else\n    codex auth status >/dev/null 2>&1 && return 0\n  fi\n  return 1\n}\n\npreflight_checks() {\n  ACTION_ITEMS=()\n\n  require_cmd_soft git \"请安装 git 并确保当前仓库可读写。\" || true\n  require_cmd_soft curl \"用于 Hub 健康检查与状态轮询。\" || true\n  require_cmd_soft python3 \"用于 Agent Hub 与种子脚本。\" || true\n  require_cmd_soft codex \"用于自动开发与提交（codex CLI）。\" || true\n\n  if ! command -v cargo >/dev/null 2>&1; then\n    add_action \"缺少 cargo：建议安装 rustup（https://rustup.rs），否则无法构建 Rust MVP。\"\n  fi\n\n  if [[ \"$(uname -s 2>/dev/null || true)\" == \"Linux\" ]]; then\n    if ! command -v pactl >/dev/null 2>&1; then\n      add_action \"Linux 缺少 pactl：MVP 需要 PipeWire/Pulse 兼容层（pipewire-pulse 或 pulseaudio）。\"\n    fi\n  fi\n\n  if [[ \"$(uname -s 2>/dev/null || true)\" != \"Darwin\" && -z \"${BUILDER_MAC_SSH:-}\" ]]; then\n    add_action \"未配置 BUILDER_MAC_SSH：若需要自动驱动 mac builder，请在 $RUNNER_ENV_FILE 中配置 SSH 信息，或在 mac 机器也运行本脚本。\"\n  fi\n\n  if command -v codex >/dev/null 2>&1 && ! codex_auth_ok; then\n    add_action \"codex 可能尚未登录：请在本机先运行 'codex auth login'（或等效登录命令）。\"\n  fi\n}\n\nensure_workspace_bootstrap() {\n  if [[ -f \"$WORKSPACE_MARKER\" ]]; then\n    return 0\n  fi\n  if ! command -v cargo >/dev/null 2>&1; then\n    return 1\n  fi\n  if ! scripts/bootstrap/bootstrap_workspace.sh >>\"$BOOTSTRAP_LOG\" 2>&1; then\n    add_action \"Rust 工作区骨架初始化失败：请查看 $BOOTSTRAP_LOG\"\n    return 1\n  fi\n  if ! cargo check >>\"$BOOTSTRAP_LOG\" 2>&1; then\n    add_action \"cargo check 失败：请查看 $BOOTSTRAP_LOG（可能需要补依赖或修复编译错误）。\"\n    return 1\n  fi\n  echo \"$(ts_now)\" >\"$WORKSPACE_MARKER\"\n  return 0\n}\n\nseed_tasks_if_possible() {\n  local hub_url=\"$1\"\n  if ! hub_health \"$hub_url\"; then\n    return 1\n  fi\n  if ! command -v python3 >/dev/null 2>&1; then\n    return 1\n  fi\n  scripts/seed_tasks.py --hub \"$hub_url\" >>\"$BOOTSTRAP_LOG\" 2>&1 || add_action \"任务种子注入失败：请查看 $BOOTSTRAP_LOG\"\n}\n\nautopilot_running() {\n  local roles=(orchestrator builder-linux scribe)\n  local running=0\n  for role in \"${roles[@]}\"; do\n    local pid_file=\"$STATE_DIR/$role.pid\"\n    if [[ -f \"$pid_file\" ]] && ps -p \"$(cat \"$pid_file\")\" >/dev/null 2>&1; then\n      running=$((running + 1))\n    fi\n  done\n  [[ \"$running\" -ge 2 ]]\n}\n\nstart_autopilot_if_needed() {\n  local hub_url=\"$1\"\n  if autopilot_running; then\n    return 0\n  fi\n  if ! command -v codex >/dev/null 2>&1; then\n    return 1\n  fi\n  echo \"[$(ts_now)] 启动 autopilot（hub=$hub_url）\" >>\"$BOOTSTRAP_LOG\"\n  HUB_URL=\"$hub_url\" scripts/autopilot.sh start >>\"$BOOTSTRAP_LOG\" 2>&1 || add_action \"autopilot 启动失败：请查看 $BOOTSTRAP_LOG\"\n}\n\nsummarize_hub_status() {\n  local hub_url=\"$1\"\n  if ! command -v curl >/dev/null 2>&1; then\n    echo \"hub: unknown（缺少 curl）\"\n    return 0\n  fi\n  if ! command -v python3 >/dev/null 2>&1; then\n    echo \"hub: unknown（缺少 python3）\"\n    return 0\n  fi\n  if ! hub_health \"$hub_url\"; then\n    echo \"hub: unhealthy ($hub_url)\"\n    return 0\n  fi\n\n  local health_json agents_json tasks_json\n  health_json=\"$(curl -fsS \"$hub_url/v1/health\" 2>/dev/null || true)\"\n  agents_json=\"$(curl -fsS \"$hub_url/v1/agents?active_within=900&limit=50\" 2>/dev/null || true)\"\n  tasks_json=\"$(curl -fsS \"$hub_url/v1/tasks?limit=50\" 2>/dev/null || true)\"\n\n  HEALTH_JSON=\"$health_json\" AGENTS_JSON=\"$agents_json\" TASKS_JSON=\"$tasks_json\" python3 - <<'PY'\nimport collections\nimport json\nimport os\n\ndef load(raw_text):\n    if not raw_text:\n        return {}\n    try:\n        return json.loads(raw_text)\n    except Exception:\n        return {}\n\nhealth = load(os.environ.get(\"HEALTH_JSON\", \"\"))\nagents = load(os.environ.get(\"AGENTS_JSON\", \"\")).get(\"agents\", [])\ntasks = load(os.environ.get(\"TASKS_JSON\", \"\")).get(\"tasks\", [])\n\nprint(f\"hub: ok agents={len(agents)} tasks={len(tasks)}\")\n\nif agents:\n    roles = collections.Counter(a.get(\"role\") or \"unknown\" for a in agents)\n    role_parts = \", \".join(f\"{k}:{v}\" for k, v in sorted(roles.items()))\n    print(f\"agents: {role_parts}\")\nelse:\n    print(\"agents: (none active in last 900s)\")\n\nif tasks:\n    status_counts = collections.Counter(t.get(\"status\") or \"unknown\" for t in tasks)\n    status_parts = \", \".join(f\"{k}:{v}\" for k, v in sorted(status_counts.items()))\n    print(f\"tasks: {status_parts}\")\n    top = tasks[:5]\n    for task in top:\n        tid = task.get(\"task_id\", \"?\")\n        status = task.get(\"status\", \"?\")\n        claimed_by = task.get(\"claimed_by\")\n        summary = (task.get(\"summary\") or \"\").strip()\n        summary = summary[:60] + (\"…\" if len(summary) > 60 else \"\")\n        claimed_part = f\" claimed_by={claimed_by}\" if claimed_by else \"\"\n        summary_part = f\" summary={summary}\" if summary else \"\"\n        print(f\"  - {tid} [{status}]{claimed_part}{summary_part}\")\nelse:\n    print(\"tasks: (none)\")\nPY\n}\n\nrole_pid_line() {\n  local role=\"$1\"\n  local hub_url=\"$2\"\n  local pid_file=\"$STATE_DIR/$role.pid\"\n  if [[ \"$role\" == \"hub\" ]]; then\n    if hub_health \"$hub_url\"; then\n      if [[ -f \"$pid_file\" ]] && ps -p \"$(cat \"$pid_file\")\" >/dev/null 2>&1; then\n        echo \"hub: running pid=$(cat \"$pid_file\")\"\n      else\n        echo \"hub: healthy（pid 未知，可能由外部启动）\"\n      fi\n      return 0\n    fi\n    echo \"hub: not running\"\n    return 0\n  fi\n\n  if [[ -f \"$pid_file\" ]] && ps -p \"$(cat \"$pid_file\")\" >/dev/null 2>&1; then\n    echo \"$role: running pid=$(cat \"$pid_file\")\"\n  else\n    echo \"$role: not running\"\n  fi\n}\n\nshow_supervisor_screen() {\n  local hub_url=\"$1\"\n\n  printf '\\033[2J\\033[H'\n  echo \"== NetMic 自动驾驶监督器 ==\"\n  echo \"time:   $(ts_now)\"\n  echo \"repo:   $(basename \"$ROOT\")\"\n  echo \"branch: $(git rev-parse --abbrev-ref HEAD 2>/dev/null || echo 'n/a')\"\n  echo \"hub:    $hub_url\"\n  echo \"mode:   foreground supervisor (Ctrl+C 退出；不会自动 stop)\"\n  echo\n\n  if [[ \"${#ACTION_ITEMS[@]}\" -gt 0 ]]; then\n    echo \"!! 需要用户处理的事项（置顶提示）\"\n    local idx=1\n    for item in \"${ACTION_ITEMS[@]}\"; do\n      echo \"${idx}. $item\"\n      idx=$((idx + 1))\n    done\n    echo\n  else\n    echo \"当前未检测到阻塞项；自动驾驶应在后台持续推进。\"\n    echo\n  fi\n\n  echo \"-- Hub 概览 --\"\n  summarize_hub_status \"$hub_url\" || true\n  echo\n\n  echo \"-- 进程状态 --\"\n  role_pid_line hub \"$hub_url\"\n  role_pid_line orchestrator \"$hub_url\"\n  role_pid_line builder-linux \"$hub_url\"\n  role_pid_line scribe \"$hub_url\"\n  echo \"builder-mac: 由 autopilot 通过 SSH 启动（若配置 BUILDER_MAC_SSH）\"\n  echo\n\n  echo \"-- SESSION_LOG tail --\"\n  tail -n 12 docs/SESSION_LOG.md 2>/dev/null || echo \"SESSION_LOG 不存在\"\n  echo\n\n  echo \"日志位置：$LOG_DIR\"\n  echo \"监督日志：$BOOTSTRAP_LOG\"\n}\n\nmain_loop() {\n  ensure_docs\n  resolve_hub_url\n\n  local last_seed_ts=0\n\n  while true; do\n    preflight_checks\n\n    resolve_hub_url\n    local hub_url=\"$HUB_URL\"\n\n    start_hub_if_needed \"$hub_url\" || true\n\n    if [[ -z \"${HUB_URL:-}\" ]]; then\n      add_action \"无法解析 HUB_URL，自动驾驶无法继续。\"\n    fi\n\n    # 仅在 cargo 可用时尝试一次骨架初始化。\n    ensure_workspace_bootstrap || true\n\n    # 每 5 分钟尝试一次任务种子注入（Hub healthy 前提）。\n    local now_ts\n    now_ts=\"$(date +%s)\"\n    if (( now_ts - last_seed_ts >= 300 )); then\n      seed_tasks_if_possible \"$hub_url\" || true\n      last_seed_ts=$now_ts\n    fi\n\n    start_autopilot_if_needed \"$hub_url\" || true\n\n    show_supervisor_screen \"$hub_url\"\n\n    if [[ \"$ONCE\" == \"1\" ]]; then\n      break\n    fi\n\n    sleep \"$REFRESH_SECONDS\"\n  done\n}\n\nmain_loop\n","exit_code":0,"status":"completed"}}
{"type":"item.started","item":{"id":"item_39","type":"command_execution","command":"/bin/bash -lc \"rg -n \\\"seed_tasks|claim_task|release_task|HUB\\\" scripts/agent_bootstrap.sh && sed -n '1,240p' scripts/agent_bootstrap.sh\"","aggregated_output":"","exit_code":null,"status":"in_progress"}}
{"type":"item.completed","item":{"id":"item_39","type":"command_execution","command":"/bin/bash -lc \"rg -n \\\"seed_tasks|claim_task|release_task|HUB\\\" scripts/agent_bootstrap.sh && sed -n '1,240p' scripts/agent_bootstrap.sh\"","aggregated_output":"14:RUNTIME_HUB_URL_FILE=\"$STATE_DIR/runtime_hub_url.txt\"\n17:HUB_URL_SHARED_FILE=\"$ROOT/docs/HUB_URL.txt\"\n78:  local hub_url=\"${HUB:-${HUB_URL:-}}\"\n90:    echo \"-- HUB health --\"\n93:    echo \"-- HUB agents (active_within=600) --\"\n96:    echo \"-- HUB tasks --\"\n152:export HUB_URL_FILE=\"$RUNTIME_HUB_URL_FILE\"\n287:  local hub_url=\"${HUB_URL:-}\"\n289:  if [[ -z \"$hub_url\" && -f \"$HUB_URL_SHARED_FILE\" ]]; then\n290:    hub_url=\"$(head -n 1 \"$HUB_URL_SHARED_FILE\" | tr -d '[:space:]')\"\n293:  if [[ -z \"$hub_url\" && -f \"$RUNTIME_HUB_URL_FILE\" ]]; then\n294:    hub_url=\"$(head -n 1 \"$RUNTIME_HUB_URL_FILE\" | tr -d '[:space:]')\"\n315:  printf \"%s\\n\" \"$hub_url\" >\"$RUNTIME_HUB_URL_FILE\"\n316:  export HUB_URL=\"$hub_url\"\n338:  AGENT_HUB_PORT=\"${hub_url##*:}\" python3 agent-hub/agent_hub.py >>\"$LOG_DIR/hub.log\" 2>&1 &\n414:seed_tasks_if_possible() {\n422:  scripts/seed_tasks.py --hub \"$hub_url\" >>\"$BOOTSTRAP_LOG\" 2>&1 || add_action \"任务种子注入失败：请查看 $BOOTSTRAP_LOG\"\n446:  HUB_URL=\"$hub_url\" scripts/autopilot.sh start >>\"$BOOTSTRAP_LOG\" 2>&1 || add_action \"autopilot 启动失败：请查看 $BOOTSTRAP_LOG\"\n593:    local hub_url=\"$HUB_URL\"\n597:    if [[ -z \"${HUB_URL:-}\" ]]; then\n598:      add_action \"无法解析 HUB_URL，自动驾驶无法继续。\"\n608:      seed_tasks_if_possible \"$hub_url\" || true\n#!/usr/bin/env bash\n# NetMic 自动驾驶入口与上下文加载器。\n#\n# 设计目标：\n# 1) 用户只需运行本脚本即可启动自动开发流程（前台监督，不隐藏）。\n# 2) 在 Agent 循环内（ROLE/BOOTSTRAP_CONTEXT_ONLY）退化为“上下文摘要器”。\nset -euo pipefail\n\nROOT=\"$(cd \"$(dirname \"${BASH_SOURCE[0]}\")/..\" && pwd)\"\ncd \"$ROOT\"\n\nSTATE_DIR=\"$ROOT/.autopilot\"\nLOG_DIR=\"$STATE_DIR/logs\"\nRUNTIME_HUB_URL_FILE=\"$STATE_DIR/runtime_hub_url.txt\"\nRUNNER_ENV_FILE=\"$STATE_DIR/runner.env\"\nRUNNER_ENV_EXAMPLE=\"$STATE_DIR/runner.env.example\"\nHUB_URL_SHARED_FILE=\"$ROOT/docs/HUB_URL.txt\"\nBOOTSTRAP_LOG=\"$LOG_DIR/bootstrap.log\"\nWORKSPACE_MARKER=\"$STATE_DIR/workspace_bootstrap.done\"\n\nREFRESH_SECONDS=\"${BOOTSTRAP_REFRESH_SECONDS:-15}\"\nCONTEXT_ONLY=\"${BOOTSTRAP_CONTEXT_ONLY:-0}\"\nONCE=0\nSTATUS_ONLY=0\nSTOP_ONLY=0\n\nusage() {\n  cat <<'USAGE'\n用法：scripts/agent_bootstrap.sh [--context] [--once] [--status] [--stop]\n\n说明：\n- 无参数：以前台监督器模式运行（推荐入口）。\n- --context：只输出上下文摘要（供 agent 循环调用）。\n- --once：执行一次自检/启动/状态汇总后退出（便于 CI 或调试）。\n- --status：只看当前状态，不做启动动作。\n- --stop：停止 autopilot 与本机 Hub。\nUSAGE\n}\n\nwhile [[ $# -gt 0 ]]; do\n  case \"$1\" in\n    --context)\n      CONTEXT_ONLY=1\n      shift\n      ;;\n    --once)\n      ONCE=1\n      shift\n      ;;\n    --status)\n      STATUS_ONLY=1\n      shift\n      ;;\n    --stop)\n      STOP_ONLY=1\n      shift\n      ;;\n    -h|--help)\n      usage\n      exit 0\n      ;;\n    *)\n      echo \"未知参数：$1\" >&2\n      usage >&2\n      exit 1\n      ;;\n  esac\ndone\n\nmkdir -p \"$STATE_DIR\" \"$LOG_DIR\"\n\nts_now() {\n  date -Iseconds\n}\n\n# -------- 上下文摘要模式（用于 agent 循环） --------\ncontext_summary() {\n  local hub_url=\"${HUB:-${HUB_URL:-}}\"\n\n  echo \"== NetMic context ==\"\n  echo \"time:   $(ts_now)\"\n  echo \"repo:   $(basename \"$ROOT\")\"\n  echo \"path:   $ROOT\"\n  echo \"branch: $(git rev-parse --abbrev-ref HEAD 2>/dev/null || echo 'n/a')\"\n  echo \"status:\"\n  git status -sb || true\n  echo\n\n  if [[ -n \"$hub_url\" ]] && command -v curl >/dev/null 2>&1; then\n    echo \"-- HUB health --\"\n    curl -s \"$hub_url/v1/health\" || true\n    echo\n    echo \"-- HUB agents (active_within=600) --\"\n    curl -s \"$hub_url/v1/agents?active_within=600&limit=20\" || true\n    echo\n    echo \"-- HUB tasks --\"\n    curl -s \"$hub_url/v1/tasks?limit=20\" || true\n    echo\n  fi\n\n  if [[ -f docs/SESSION_LOG.md ]]; then\n    echo \"-- SESSION_LOG tail --\"\n    tail -n 15 docs/SESSION_LOG.md\n    echo\n  fi\n\n  if [[ -f docs/DECISIONS.md ]]; then\n    echo \"-- DECISIONS tail --\"\n    tail -n 10 docs/DECISIONS.md\n    echo\n  fi\n\n  if [[ -f docs/TODO.md ]]; then\n    echo \"-- TODO head --\"\n    head -n 20 docs/TODO.md\n    echo\n  fi\n\n  if command -v gh >/dev/null 2>&1; then\n    echo \"-- Open issues (gh) --\"\n    gh issue list -L 10 || true\n    echo\n  fi\n\n  echo \"Next: follow MVP.md + docs/ROADMAP.md, pick one small task and validate it.\"\n}\n\n# 在 agent 角色环境中只做上下文摘要，避免递归拉起 autopilot。\nif [[ \"$CONTEXT_ONLY\" == \"1\" || -n \"${ROLE:-}\" ]]; then\n  context_summary\n  exit 0\nfi\n\n# -------- 停止/状态模式 --------\nif [[ \"$STOP_ONLY\" == \"1\" ]]; then\n  scripts/autopilot.sh stop || true\n  echo \"已请求停止 autopilot 与 Hub（若存在）。\"\n  exit 0\nfi\n\nif [[ \"$STATUS_ONLY\" == \"1\" ]]; then\n  # 仅展示状态，不做启动动作。\n  scripts/autopilot.sh status || true\n  exit 0\nfi\n\n# -------- 前台监督器模式 --------\n\n# 默认启用危险模式，避免被 approvals/sandbox 阻塞；允许用户显式覆盖。\nexport AUTOPILOT_DANGEROUS=\"${AUTOPILOT_DANGEROUS:-1}\"\n# 避免覆盖/污染已跟踪的 .autopilot/hub_url.txt。\nexport HUB_URL_FILE=\"$RUNTIME_HUB_URL_FILE\"\n\n# shellcheck disable=SC2034\nACTION_ITEMS=()\n\nadd_action() {\n  local msg=\"$1\"\n  ACTION_ITEMS+=(\"$msg\")\n}\n\nrequire_cmd_soft() {\n  local cmd=\"$1\"\n  local hint=\"$2\"\n  if ! command -v \"$cmd\" >/dev/null 2>&1; then\n    add_action \"缺少命令 '$cmd'：$hint\"\n    return 1\n  fi\n  return 0\n}\n\nextract_host() {\n  local url=\"$1\"\n  local host=\"${url#http://}\"\n  host=\"${host%%/*}\"\n  host=\"${host%%:*}\"\n  printf \"%s\" \"$host\"\n}\n\ndetect_default_ip() {\n  local ip=\"\"\n  if command -v ip >/dev/null 2>&1; then\n    ip=\"$(ip route get 1.1.1.1 2>/dev/null | awk '/src/ {for (i=1;i<=NF;i++) if ($i==\"src\") {print $(i+1); exit}}')\"\n  fi\n  if [[ -z \"$ip\" ]] && [[ \"$(uname -s 2>/dev/null || true)\" == \"Darwin\" ]] && command -v ipconfig >/dev/null 2>&1; then\n    ip=\"$(ipconfig getifaddr en0 2>/dev/null || true)\"\n  fi\n  if [[ -z \"$ip\" ]] && command -v hostname >/dev/null 2>&1; then\n    ip=\"$(hostname -I 2>/dev/null | awk '{print $1}')\"\n  fi\n  if [[ -z \"$ip\" ]]; then\n    ip=\"127.0.0.1\"\n  fi\n  printf \"%s\" \"$ip\"\n}\n\nlocal_ip_list() {\n  local ips=\"\"\n  if command -v hostname >/dev/null 2>&1; then\n    ips=\"$(hostname -I 2>/dev/null || true)\"\n  fi\n  if [[ -z \"$ips\" ]] && [[ \"$(uname -s 2>/dev/null || true)\" == \"Darwin\" ]] && command -v ipconfig >/dev/null 2>&1; then\n    ips=\"$(ipconfig getifaddr en0 2>/dev/null || true)\"\n  fi\n  if [[ -z \"$ips\" ]]; then\n    ips=\"$(detect_default_ip)\"\n  fi\n  printf \"%s\" \"$ips\"\n}\n\nhub_is_local() {\n  local host=\"$1\"\n  case \"$host\" in\n    127.0.0.1|localhost|0.0.0.0)\n      return 0\n      ;;\n  esac\n  local ips\n  ips=\"$(local_ip_list)\"\n  for ip in $ips; do\n    if [[ \"$host\" == \"$ip\" ]]; then\n      return 0\n    fi\n  done\n  return 1\n}\n\nhub_health() {\n  local url=\"$1\"\n  if ! command -v curl >/dev/null 2>&1; then\n    return 1\n  fi\n  curl -fsS \"$url/v1/health\" >/dev/null 2>&1\n}\n\nload_runner_env() {\n  if [[ -f \"$RUNNER_ENV_FILE\" ]]; then\n    # shellcheck disable=SC1090\n    source \"$RUNNER_ENV_FILE\"\n    return 0\n","exit_code":0,"status":"completed"}}
{"type":"item.completed","item":{"id":"item_40","type":"reasoning","text":"**Planning protocol doc creation**\n\nThe agent decided to create a minimal protocol document as a new seed task to safely keep progress moving despite network restrictions blocking hub startup, intending to update related docs and logs accordingly."}}
{"type":"item.started","item":{"id":"item_41","type":"command_execution","command":"/bin/bash -lc 'rg -n \"PROTO|protocol|握手|BUSY|心跳|统计|音频帧\" docs MVP.md scripts -S'","aggregated_output":"","exit_code":null,"status":"in_progress"}}
{"type":"item.completed","item":{"id":"item_41","type":"command_execution","command":"/bin/bash -lc 'rg -n \"PROTO|protocol|握手|BUSY|心跳|统计|音频帧\" docs MVP.md scripts -S'","aggregated_output":"docs/AGENT_HUB.md:39:## 注册 / 心跳\ndocs/WORKFLOW.md:74:- 允许：注册、心跳、任务领取/释放、补丁提交、测试会话编排  \ndocs/MODULE_OWNERS.md:33:| server/metrics | 丢包/缓冲/延迟统计 | Linux | 指标输出格式 |\ndocs/MODULE_OWNERS.md:36:| client/sender | UDP 发送与心跳 | macOS | 发送模块 |\ndocs/MODULE_OWNERS.md:37:| proto | 协议结构与握手 | 共享 | 消息定义文档 |\nMVP.md:50:* 冲突行为：当新客户端尝试连接时，Server 返回“BUSY”，客户端提示；可选“强制抢占”（MVP 可做开关，但默认关闭）\nMVP.md:123:* 数据面：音频帧（UDP payload）\nMVP.md:124:* 控制面：少量控制报文（握手/参数协商/心跳/统计/断开）\nMVP.md:129:* 握手：Client 发送目标参数，Server 返回接受/拒绝 + 生效参数\nMVP.md:130:* 心跳：用于断线检测\nMVP.md:131:* 统计：丢包率、接收缓冲深度、端到端估算延迟\nscripts/seed_tasks.py:64:        \"task_id\": \"M1-001-protocol-doc\",\nscripts/seed_tasks.py:68:            \"objective\": \"根据 MVP.md 的边界，产出 docs/PROTO.md（握手/心跳/统计/音频帧最小结构）。\",\nscripts/seed_tasks.py:70:                \"docs/PROTO.md 描述握手请求/响应字段\",\nscripts/seed_tasks.py:71:                \"定义最小音频帧头结构与统计字段\",\nscripts/seed_tasks.py:72:                \"明确单客户端占用与 BUSY 行为\",\nscripts/seed_tasks.py:82:            \"objective\": \"在 netmic-server 中落地 UDP 接收骨架（握手/音频包分流占位），先用 PCM 跑通链路。\",\nscripts/prompts/builder_mac.txt:30:- If you change protocol/config/IPC contracts, update the relevant docs in the same change.\nscripts/bootstrap/bootstrap_workspace.sh:71:pub mod protocol;\nscripts/bootstrap/bootstrap_workspace.sh:110:cat <<'RS' > crates/netmic-proto/src/protocol.rs\nscripts/bootstrap/bootstrap_workspace.sh:111://! 最小协议骨架（握手/心跳/统计占位）。\nscripts/bootstrap/bootstrap_workspace.sh:140:/// 握手请求。\nscripts/bootstrap/bootstrap_workspace.sh:148:/// 握手响应。\nscripts/bootstrap/bootstrap_workspace.sh:157:/// 心跳报文。\nscripts/bootstrap/bootstrap_workspace.sh:170:use netmic_proto::protocol::SessionParams;\nscripts/bootstrap/bootstrap_workspace.sh:187:use netmic_proto::protocol::SessionParams;\nscripts/prompts/orchestrator.txt:37:- If protocol/config/IPC contracts change, update docs in the same change.\nscripts/prompts/scribe.txt:21:   - Include the task id in the message, e.g. `task(M1-001): add protocol doc`.\nscripts/prompts/builder_linux.txt:30:- If you change protocol/config/IPC contracts, update the relevant docs in the same change.\n","exit_code":0,"status":"completed"}}
{"type":"item.completed","item":{"id":"item_49","type":"reasoning","text":"**Evaluating autopilot and hub start risks**\n\nThe autopilot may spawn persistent codex loops even when the hub start fails, risking unwanted background processes; testing with environment tweaks or missing codex can isolate behavior and validate control scripts safely."}}
{"type":"item.completed","item":{"id":"item_50","type":"reasoning","text":"**Planning PATH override to block codex**\n\nHiding codex by modifying PATH can prevent autopilot from starting while allowing hub start attempts; next step is verifying codex location with `command -v codex` to craft an effective PATH override."}}
{"type":"item.started","item":{"id":"item_51","type":"command_execution","command":"/bin/bash -lc 'command -v codex || true'","aggregated_output":"","exit_code":null,"status":"in_progress"}}
{"type":"item.completed","item":{"id":"item_51","type":"command_execution","command":"/bin/bash -lc 'command -v codex || true'","aggregated_output":"/home/arc/.nvm/versions/node/v24.12.0/bin/codex\n","exit_code":0,"status":"completed"}}
{"type":"item.completed","item":{"id":"item_42","type":"reasoning","text":"**Inspecting bootstrap workspace script**\n\nI'm opening the bootstrap script to understand how it creates the protocol skeleton and whether it defines structs that need aligning in the docs."}}
{"type":"item.completed","item":{"id":"item_43","type":"agent_message","text":"我会参考现有 Rust 骨架里已经定义的协议结构，确保新文档与代码骨架一致。"}}
{"type":"item.started","item":{"id":"item_44","type":"command_execution","command":"/bin/bash -lc \"sed -n '90,190p' scripts/bootstrap/bootstrap_workspace.sh\"","aggregated_output":"","exit_code":null,"status":"in_progress"}}
{"type":"item.completed","item":{"id":"item_44","type":"command_execution","command":"/bin/bash -lc \"sed -n '90,190p' scripts/bootstrap/bootstrap_workspace.sh\"","aggregated_output":"#[derive(Debug, Clone, Copy, PartialEq, Eq)]\npub struct DefaultParams {\n    pub codec: CodecKind,\n    pub sample_rate_hz: u32,\n    pub chunk_ms: u32,\n    pub jitter_buffer_ms: u32,\n}\n\nimpl Default for DefaultParams {\n    fn default() -> Self {\n        Self {\n            codec: CodecKind::Opus,\n            sample_rate_hz: INTERNAL_SAMPLE_RATE_HZ,\n            chunk_ms: 20,\n            jitter_buffer_ms: 100,\n        }\n    }\n}\nRS\n\ncat <<'RS' > crates/netmic-proto/src/protocol.rs\n//! 最小协议骨架（握手/心跳/统计占位）。\n\nuse serde::{Deserialize, Serialize};\n\n/// 客户端请求的会话参数（后续由参数校验模块收敛）。\n#[derive(Debug, Clone, Serialize, Deserialize, PartialEq, Eq)]\npub struct SessionParams {\n    pub codec: String,\n    pub sample_rate_hz: u32,\n    pub channels: u16,\n    pub chunk_ms: u32,\n    pub opus_bitrate_kbps: Option<u32>,\n    pub jitter_buffer_ms: u32,\n}\n\nimpl SessionParams {\n    /// 生成一个与文档默认值一致的参数集（字符串先占位）。\n    pub fn mvp_default() -> Self {\n        Self {\n            codec: \"opus\".to_string(),\n            sample_rate_hz: 48_000,\n            channels: 1,\n            chunk_ms: 20,\n            opus_bitrate_kbps: Some(48),\n            jitter_buffer_ms: 100,\n        }\n    }\n}\n\n/// 握手请求。\n#[derive(Debug, Clone, Serialize, Deserialize, PartialEq, Eq)]\npub struct HandshakeRequest {\n    pub client_name: String,\n    pub requested: SessionParams,\n    pub token: Option<String>,\n}\n\n/// 握手响应。\n#[derive(Debug, Clone, Serialize, Deserialize, PartialEq, Eq)]\npub struct HandshakeResponse {\n    pub accepted: bool,\n    pub reason: Option<String>,\n    pub effective: SessionParams,\n    pub busy: bool,\n}\n\n/// 心跳报文。\n#[derive(Debug, Clone, Serialize, Deserialize, PartialEq, Eq)]\npub struct Heartbeat {\n    pub session_id: String,\n    pub seq: u64,\n    pub sent_at_ms: u64,\n}\nRS\n\n# 写入 server/client 的最小入口，保证 cargo check 可运行。\ncat <<'RS' > crates/netmic-server/src/main.rs\n//! NetMic 服务端入口（MVP 版骨架）。\n\nuse netmic_proto::protocol::SessionParams;\nuse tracing::info;\n\nfn main() {\n    tracing_subscriber::fmt()\n        .with_env_filter(tracing_subscriber::EnvFilter::from_default_env())\n        .init();\n\n    let params = SessionParams::mvp_default();\n    info!(?params, \"netmic-server skeleton started\");\n    println!(\"netmic-server skeleton ready\");\n}\nRS\n\ncat <<'RS' > crates/netmic-client/src/main.rs\n//! NetMic 客户端入口（MVP 版骨架）。\n\nuse netmic_proto::protocol::SessionParams;\nuse tracing::info;\n\nfn main() {\n","exit_code":0,"status":"completed"}}
{"type":"item.completed","item":{"id":"item_52","type":"reasoning","text":"**Confirming minimal PATH for script**\n\nThe script can run with a PATH excluding nvm directories by including /usr/bin and /bin, which hold required tools like python3, git, curl, and tail. Including /usr/local might be optional but /usr/bin and /bin suffice."}}
{"type":"item.completed","item":{"id":"item_53","type":"agent_message","text":"我用一个收窄的 PATH 跑一次 `--once`，避免意外拉起 codex 循环，同时验证新的报错提示路径。"}}
{"type":"item.started","item":{"id":"item_54","type":"command_execution","command":"/bin/bash -lc 'PATH=/usr/bin:/bin scripts/agent_bootstrap.sh --once'","aggregated_output":"","exit_code":null,"status":"in_progress"}}
{"type":"item.completed","item":{"id":"item_54","type":"command_execution","command":"/bin/bash -lc 'PATH=/usr/bin:/bin scripts/agent_bootstrap.sh --once'","aggregated_output":"== NetMic context ==\ntime:   2026-01-27T20:04:50+08:00\nrepo:   NetMic\npath:   /home/arc/code/NetMic\nbranch: main\nstatus:\n## main...origin/main\n M docs/CONTINUOUS_AUTOPILOT.md\n M docs/WORKFLOW.md\n M scripts/agent_bootstrap.sh\n M scripts/autopilot.sh\n M scripts/prompts/builder_linux.txt\n M scripts/prompts/builder_mac.txt\n M scripts/prompts/orchestrator.txt\n M scripts/prompts/scribe.txt\n?? .autopilot/runner.env.example\n?? .gitignore\n?? Cargo.toml\n?? crates/\n?? docs/DECISIONS.md\n?? docs/SESSION_LOG.md\n?? docs/TODO.md\n?? scripts/bootstrap/\n?? scripts/seed_tasks.py\n\n-- HUB health --\n\n-- HUB agents (active_within=600) --\n\n-- HUB tasks --\n\n-- SESSION_LOG tail --\n# SESSION LOG\n\n## 2026-01-27\n- DONE: 将 `scripts/agent_bootstrap.sh` 升级为“前台监督器入口”，自动自检/启动 Hub/autopilot/任务种子/骨架初始化；为 autopilot 增加 `--context` 防递归；新增 `scripts/seed_tasks.py` 与 `scripts/bootstrap/bootstrap_workspace.sh`。\n- DONE(20:04+08): 以 scribe 视角执行 `scripts/agent_bootstrap.sh --context`；尝试启动/注册 Hub 以拉取 tasks/events。\n- BLOCKER: 本机缺少 cargo（Rust 工具链）；未配置 `BUILDER_MAC_SSH`；codex 可能尚未登录（需用户侧一次性处理）。\n- BLOCKER(20:04+08): 当前沙箱环境禁止监听 TCP 端口；`python3 agent-hub/agent_hub.py` 报 `PermissionError: [Errno 1] Operation not permitted`，因此无法读取 Hub 的 tasks/events。\n- NEXT: 安装 rustup/cargo；在 `.autopilot/runner.env` 填写跨机配置（或在 mac 也运行监督器）；随后直接运行 `scripts/agent_bootstrap.sh` 进入持续开发。\n- NEXT(20:04+08): 在可监听端口的真实机/Runner 上启动 Hub（或用监督器入口自动拉起），再由 scribe 基于 Hub 事件更新日志与 TODO。\n- TEST: 运行 `scripts/agent_bootstrap.sh --context`；运行 `scripts/agent_bootstrap.sh --once`；运行 `scripts/autopilot.sh stop` 并用 `ss -ltnp '( sport = :7788 )'` 确认 Hub 可停止。\n- TEST(20:04+08): 再次运行 `scripts/agent_bootstrap.sh --context`；尝试 `nohup python3 agent-hub/agent_hub.py`（受限环境下启动失败，见 `/tmp/agent_hub.log`）。\n\n-- DECISIONS tail --\n# DECISIONS\n\n## 2026-01-27\n- 背景：期望用户只运行 `scripts/agent_bootstrap.sh` 即可持续推进 MVP 开发，并在阻塞时得到明确提示。\n- 决策：将 `agent_bootstrap.sh` 设计为“前台监督器入口”，自动拉起 Hub/autopilot/任务种子/骨架初始化；在 agent 循环中使用 `--context` 退化为上下文摘要器，避免递归启动。\n- 影响：自动驾驶流程统一入口，但会在后台启动多个 agent 循环；停止需显式执行 `scripts/agent_bootstrap.sh --stop`（或 `scripts/autopilot.sh stop`）。\n\n-- TODO head --\n# TODO（MVP 自动驾驶看板）\n\n当前优先级（与 Hub 任务队列配合）：\n- 用户前置：安装 rustup/cargo，确保 `cargo check` 可运行。\n- 用户前置：配置 `.autopilot/runner.env`（至少补全 `BUILDER_MAC_SSH` 或在 mac 端也运行监督器）。\n- 环境前置：在可监听端口的真实机/Runner 上启动 Hub（受限沙箱可能无法绑定 `:7788`）。\n- 自动驾驶：运行 `scripts/agent_bootstrap.sh`，观察置顶提示并清除阻塞项。\n\nNext: follow MVP.md + docs/ROADMAP.md, pick one small task and validate it.\n","exit_code":0,"status":"completed"}}
{"type":"item.completed","item":{"id":"item_55","type":"reasoning","text":"**Analyzing script early exit due to ROLE environment**\n\nThe script exits early with context summary because the ROLE environment is set (likely to orchestrator), triggering an early exit before running the supervisor path. To test the supervisor path and start_hub, I'll override ROLE to empty in the environment and rerun the script."}}
{"type":"item.completed","item":{"id":"item_56","type":"reasoning","text":"**Preparing to test supervisor with minimal environment**\n\nI'll run the script with ROLE cleared and a minimal PATH to prevent autopilot from starting, ensuring start_hub runs and we can verify the action message in the supervisor output."}}
{"type":"item.completed","item":{"id":"item_57","type":"agent_message","text":"因为当前环境带有 `ROLE=orchestrator`，脚本会提前退化为 context 模式。我会临时清空 ROLE 再跑一次 `--once` 来验证新提示。"}}
{"type":"item.started","item":{"id":"item_58","type":"command_execution","command":"/bin/bash -lc 'ROLE= PATH=/usr/bin:/bin scripts/agent_bootstrap.sh --once'","aggregated_output":"","exit_code":null,"status":"in_progress"}}
{"type":"item.completed","item":{"id":"item_58","type":"command_execution","command":"/bin/bash -lc 'ROLE= PATH=/usr/bin:/bin scripts/agent_bootstrap.sh --once'","aggregated_output":"\u001b[2J\u001b[H== NetMic 自动驾驶监督器 ==\ntime:   2026-01-27T20:05:03+08:00\nrepo:   NetMic\nbranch: main\nhub:    http://127.0.0.1:7788\nmode:   foreground supervisor (Ctrl+C 退出；不会自动 stop)\n\n!! 需要用户处理的事项（置顶提示）\n1. 缺少命令 'codex'：用于自动开发与提交（codex CLI）。\n2. 缺少 cargo：建议安装 rustup（https://rustup.rs），否则无法构建 Rust MVP。\n3. 未配置 BUILDER_MAC_SSH：若需要自动驱动 mac builder，请在 /home/arc/code/NetMic/.autopilot/runner.env 中配置 SSH 信息，或在 mac 机器也运行本脚本。\n4. 可选：复制 /home/arc/code/NetMic/.autopilot/runner.env.example 为 /home/arc/code/NetMic/.autopilot/runner.env，并填写跨机配置（如 BUILDER_MAC_SSH）。\n5. Agent Hub 启动失败：当前环境可能禁止监听端口（PermissionError）。可在本机终端运行，或改用远端 Hub。日志：/home/arc/code/NetMic/.autopilot/logs/hub.log\n\n-- Hub 概览 --\nhub: unhealthy (http://127.0.0.1:7788)\n\n-- 进程状态 --\nhub: not running\norchestrator: not running\nbuilder-linux: not running\nscribe: not running\nbuilder-mac: 由 autopilot 通过 SSH 启动（若配置 BUILDER_MAC_SSH）\n\n-- SESSION_LOG tail --\n\n## 2026-01-27\n- DONE: 将 `scripts/agent_bootstrap.sh` 升级为“前台监督器入口”，自动自检/启动 Hub/autopilot/任务种子/骨架初始化；为 autopilot 增加 `--context` 防递归；新增 `scripts/seed_tasks.py` 与 `scripts/bootstrap/bootstrap_workspace.sh`。\n- DONE(20:04+08): 以 scribe 视角执行 `scripts/agent_bootstrap.sh --context`；尝试启动/注册 Hub 以拉取 tasks/events。\n- DONE(20:04+08): 按 scribe 循环尝试 `register` / `tasks` / `events`（`curl -s http://127.0.0.1:7788/...`），当前环境返回 exit=7（无法连接 Hub）。\n- BLOCKER: 本机缺少 cargo（Rust 工具链）；未配置 `BUILDER_MAC_SSH`；codex 可能尚未登录（需用户侧一次性处理）。\n- BLOCKER(20:04+08): 当前沙箱环境禁止监听 TCP 端口；`python3 agent-hub/agent_hub.py` 报 `PermissionError: [Errno 1] Operation not permitted`，因此无法读取 Hub 的 tasks/events。\n- BLOCKER(20:04+08): 复现 Hub 启动失败；日志位于 `/tmp/netmic_hub.log`（绑定 `:7788` 被拒绝）。\n- NEXT: 安装 rustup/cargo；在 `.autopilot/runner.env` 填写跨机配置（或在 mac 也运行监督器）；随后直接运行 `scripts/agent_bootstrap.sh` 进入持续开发。\n- NEXT(20:04+08): 在可监听端口的真实机/Runner 上启动 Hub（或用监督器入口自动拉起），再由 scribe 基于 Hub 事件更新日志与 TODO。\n- TEST: 运行 `scripts/agent_bootstrap.sh --context`；运行 `scripts/agent_bootstrap.sh --once`；运行 `scripts/autopilot.sh stop` 并用 `ss -ltnp '( sport = :7788 )'` 确认 Hub 可停止。\n- TEST(20:04+08): 再次运行 `scripts/agent_bootstrap.sh --context`；尝试 `nohup python3 agent-hub/agent_hub.py`（受限环境下启动失败，见 `/tmp/agent_hub.log`）。\n\n日志位置：/home/arc/code/NetMic/.autopilot/logs\n监督日志：/home/arc/code/NetMic/.autopilot/logs/bootstrap.log\n","exit_code":0,"status":"completed"}}
{"type":"item.completed","item":{"id":"item_59","type":"reasoning","text":"**Updating session log with message and hub blocker**\n\nI'm adding a dated entry in Chinese to docs/SESSION_LOG noting the new message update, the hub startup blocker related to sandboxing, and a test verification line, keeping existing format and avoiding nested bullets."}}
{"type":"item.completed","item":{"id":"item_60","type":"agent_message","text":"我会把这次脚本改动和验证方式追加到 `docs/SESSION_LOG.md`（遵循 DONE/BLOCKER/NEXT/TEST 结构）。"}}
{"type":"item.completed","item":{"id":"item_45","type":"reasoning","text":"**Drafting minimal protocol documentation**\n\nI'm outlining a concise docs/PROTO.md specifying UDP message types with JSON control messages and a simple binary header for audio frames, including BUSY behavior and single client constraints, ensuring it becomes a clear source of truth aligned with the code skeleton and MVP scope."}}
{"type":"item.completed","item":{"id":"item_46","type":"reasoning","text":"**Clarifying MVP params and task updates**\n\nI'm aligning protocol docs with MVP fields like sample rates, handshake, and BUSY behavior, and planning to update TODO tasks with new task ID formats while preserving old tasks to avoid breaking workflows. I’ll also document done/blocker status in SESSION_LOG and validate Python scripts compile despite environment restrictions."}}
{"type":"item.started","item":{"id":"item_47","type":"command_execution","command":"/bin/bash -lc 'ps -p 52551 -o pid,cmd'","aggregated_output":"","exit_code":null,"status":"in_progress"}}
{"type":"item.completed","item":{"id":"item_47","type":"command_execution","command":"/bin/bash -lc 'ps -p 52551 -o pid,cmd'","aggregated_output":"    PID CMD\n","exit_code":1,"status":"failed"}}
{"type":"item.completed","item":{"id":"item_61","type":"reasoning","text":"**Inspecting file context for precise patching**"}}
{"type":"item.completed","item":{"id":"item_62","type":"agent_message","text":"补丁没对上当前内容，我先读一下 `docs/SESSION_LOG.md` 的实际文本再精确修改。"}}
{"type":"item.started","item":{"id":"item_63","type":"command_execution","command":"/bin/bash -lc \"sed -n '1,220p' docs/SESSION_LOG.md\"","aggregated_output":"","exit_code":null,"status":"in_progress"}}
{"type":"item.completed","item":{"id":"item_63","type":"command_execution","command":"/bin/bash -lc \"sed -n '1,220p' docs/SESSION_LOG.md\"","aggregated_output":"# SESSION LOG\n\n## 2026-01-27\n- DONE: 将 `scripts/agent_bootstrap.sh` 升级为“前台监督器入口”，自动自检/启动 Hub/autopilot/任务种子/骨架初始化；为 autopilot 增加 `--context` 防递归；新增 `scripts/seed_tasks.py` 与 `scripts/bootstrap/bootstrap_workspace.sh`。\n- DONE(20:04+08): 以 scribe 视角执行 `scripts/agent_bootstrap.sh --context`；尝试启动/注册 Hub 以拉取 tasks/events。\n- DONE(20:04+08): 按 scribe 循环尝试 `register` / `tasks` / `events`（`curl -s http://127.0.0.1:7788/...`），当前环境返回 exit=7（无法连接 Hub）。\n- BLOCKER: 本机缺少 cargo（Rust 工具链）；未配置 `BUILDER_MAC_SSH`；codex 可能尚未登录（需用户侧一次性处理）。\n- BLOCKER(20:04+08): 当前沙箱环境禁止监听 TCP 端口；`python3 agent-hub/agent_hub.py` 报 `PermissionError: [Errno 1] Operation not permitted`，因此无法读取 Hub 的 tasks/events。\n- BLOCKER(20:04+08): 复现 Hub 启动失败；日志位于 `/tmp/netmic_hub.log`（绑定 `:7788` 被拒绝）。\n- NEXT: 安装 rustup/cargo；在 `.autopilot/runner.env` 填写跨机配置（或在 mac 也运行监督器）；随后直接运行 `scripts/agent_bootstrap.sh` 进入持续开发。\n- NEXT(20:04+08): 在可监听端口的真实机/Runner 上启动 Hub（或用监督器入口自动拉起），再由 scribe 基于 Hub 事件更新日志与 TODO。\n- TEST: 运行 `scripts/agent_bootstrap.sh --context`；运行 `scripts/agent_bootstrap.sh --once`；运行 `scripts/autopilot.sh stop` 并用 `ss -ltnp '( sport = :7788 )'` 确认 Hub 可停止。\n- TEST(20:04+08): 再次运行 `scripts/agent_bootstrap.sh --context`；尝试 `nohup python3 agent-hub/agent_hub.py`（受限环境下启动失败，见 `/tmp/netmic_hub.log`）。\n","exit_code":0,"status":"completed"}}
{"type":"item.completed","item":{"id":"item_64","type":"reasoning","text":"**Planning targeted patches**\n\nI'm preparing two precise patches to insert bullet lines: one immediately after the first DONE line and another near the TEST section, applying them separately to avoid conflicts."}}
{"type":"item.completed","item":{"id":"item_65","type":"agent_message","text":"我将用更小的补丁分两处插入，避免和现有内容冲突。"}}
{"type":"item.completed","item":{"id":"item_66","type":"file_change","changes":[{"path":"/home/arc/code/NetMic/docs/SESSION_LOG.md","kind":"update"}],"status":"completed"}}
{"type":"item.completed","item":{"id":"item_67","type":"reasoning","text":"**Adding test line after TEST bullet**"}}
{"type":"item.completed","item":{"id":"item_48","type":"reasoning","text":"**Drafting protocol doc outline**\n\nI've outlined the protocol doc sections and key transport/message details for the MVP, noting use of JSON control messages and SessionParams fields; I'll align handshake details with the current code skeleton to avoid doc-code conflicts."}}
{"type":"item.completed","item":{"id":"item_49","type":"reasoning","text":"**Resolving session_id inconsistency**\n\nI'm deciding to document session_id as client-generated in handshake requests to align with heartbeat usage, acknowledging this differs from current code skeleton but sets a clear protocol source of truth for future code updates."}}
{"type":"item.started","item":{"id":"item_50","type":"command_execution","command":"/bin/bash -lc 'rg --files -g \"Cargo.toml\"'","aggregated_output":"","exit_code":null,"status":"in_progress"}}
{"type":"item.completed","item":{"id":"item_50","type":"command_execution","command":"/bin/bash -lc 'rg --files -g \"Cargo.toml\"'","aggregated_output":"Cargo.toml\ncrates/netmic-proto/Cargo.toml\ncrates/netmic-client/Cargo.toml\ncrates/netmic-server/Cargo.toml\n","exit_code":0,"status":"completed"}}
{"type":"item.completed","item":{"id":"item_51","type":"reasoning","text":"**Locating protocol implementation**\n\nCrates are present, so the next step is to review crates/netmic-proto/src/protocol.rs to verify the actual protocol code and align documentation accordingly."}}
{"type":"item.started","item":{"id":"item_52","type":"command_execution","command":"/bin/bash -lc \"sed -n '1,200p' crates/netmic-proto/src/protocol.rs\"","aggregated_output":"","exit_code":null,"status":"in_progress"}}
{"type":"item.completed","item":{"id":"item_52","type":"command_execution","command":"/bin/bash -lc \"sed -n '1,200p' crates/netmic-proto/src/protocol.rs\"","aggregated_output":"sed：无法读取 crates/netmic-proto/src/protocol.rs：没有那个文件或目录\n","exit_code":2,"status":"failed"}}
{"type":"item.completed","item":{"id":"item_68","type":"file_change","changes":[{"path":"/home/arc/code/NetMic/docs/SESSION_LOG.md","kind":"update"}],"status":"completed"}}
{"type":"item.completed","item":{"id":"item_53","type":"reasoning","text":"**Inspecting crate directories**\n\nI found the cargo manifests but need to confirm if the source directories exist by listing the contents of the netmic-proto crate."}}
{"type":"item.started","item":{"id":"item_54","type":"command_execution","command":"/bin/bash -lc 'find crates -maxdepth 3 -type f -print'","aggregated_output":"","exit_code":null,"status":"in_progress"}}
{"type":"item.completed","item":{"id":"item_54","type":"command_execution","command":"/bin/bash -lc 'find crates -maxdepth 3 -type f -print'","aggregated_output":"crates/netmic-server/Cargo.toml\ncrates/netmic-client/Cargo.toml\ncrates/netmic-proto/src/config.rs\ncrates/netmic-proto/src/lib.rs\ncrates/netmic-proto/Cargo.toml\n","exit_code":0,"status":"completed"}}
{"type":"item.completed","item":{"id":"item_69","type":"reasoning","text":"**Verifying file**"}}
{"type":"item.started","item":{"id":"item_70","type":"command_execution","command":"/bin/bash -lc \"sed -n '1,220p' docs/SESSION_LOG.md\"","aggregated_output":"","exit_code":null,"status":"in_progress"}}
{"type":"item.completed","item":{"id":"item_70","type":"command_execution","command":"/bin/bash -lc \"sed -n '1,220p' docs/SESSION_LOG.md\"","aggregated_output":"# SESSION LOG\n\n## 2026-01-27\n- DONE: 将 `scripts/agent_bootstrap.sh` 升级为“前台监督器入口”，自动自检/启动 Hub/autopilot/任务种子/骨架初始化；为 autopilot 增加 `--context` 防递归；新增 `scripts/seed_tasks.py` 与 `scripts/bootstrap/bootstrap_workspace.sh`。\n- DONE(20:05+08): 当 Hub 启动失败且日志包含 PermissionError/operation not permitted 时，`agent_bootstrap.sh` 会给出“受限环境禁止监听端口”的明确提示，并指向 `/.autopilot/logs/hub.log`。\n- DONE(20:04+08): 以 scribe 视角执行 `scripts/agent_bootstrap.sh --context`；尝试启动/注册 Hub 以拉取 tasks/events。\n- DONE(20:04+08): 按 scribe 循环尝试 `register` / `tasks` / `events`（`curl -s http://127.0.0.1:7788/...`），当前环境返回 exit=7（无法连接 Hub）。\n- BLOCKER: 本机缺少 cargo（Rust 工具链）；未配置 `BUILDER_MAC_SSH`；codex 可能尚未登录（需用户侧一次性处理）。\n- BLOCKER(20:04+08): 当前沙箱环境禁止监听 TCP 端口；`python3 agent-hub/agent_hub.py` 报 `PermissionError: [Errno 1] Operation not permitted`，因此无法读取 Hub 的 tasks/events。\n- BLOCKER(20:04+08): 复现 Hub 启动失败；日志位于 `/tmp/netmic_hub.log`（绑定 `:7788` 被拒绝）。\n- NEXT: 安装 rustup/cargo；在 `.autopilot/runner.env` 填写跨机配置（或在 mac 也运行监督器）；随后直接运行 `scripts/agent_bootstrap.sh` 进入持续开发。\n- NEXT(20:04+08): 在可监听端口的真实机/Runner 上启动 Hub（或用监督器入口自动拉起），再由 scribe 基于 Hub 事件更新日志与 TODO。\n- TEST: 运行 `scripts/agent_bootstrap.sh --context`；运行 `scripts/agent_bootstrap.sh --once`；运行 `scripts/autopilot.sh stop` 并用 `ss -ltnp '( sport = :7788 )'` 确认 Hub 可停止。\n- TEST(20:05+08): 运行 `ROLE= PATH=/usr/bin:/bin scripts/agent_bootstrap.sh --once`，确认置顶提示包含“PermissionError/受限环境禁止监听端口”的明确说明。\n- TEST(20:04+08): 再次运行 `scripts/agent_bootstrap.sh --context`；尝试 `nohup python3 agent-hub/agent_hub.py`（受限环境下启动失败，见 `/tmp/netmic_hub.log`）。\n","exit_code":0,"status":"completed"}}
{"type":"item.completed","item":{"id":"item_55","type":"reasoning","text":"**Inspecting protocol module existence**\n\nI'm checking the netmic-proto source to confirm if protocol.rs exists and to understand the structure around config.rs and lib.rs."}}
{"type":"item.started","item":{"id":"item_56","type":"command_execution","command":"/bin/bash -lc \"sed -n '1,200p' crates/netmic-proto/src/lib.rs && echo '---' && sed -n '1,220p' crates/netmic-proto/src/config.rs\"","aggregated_output":"","exit_code":null,"status":"in_progress"}}
{"type":"item.completed","item":{"id":"item_56","type":"command_execution","command":"/bin/bash -lc \"sed -n '1,200p' crates/netmic-proto/src/lib.rs && echo '---' && sed -n '1,220p' crates/netmic-proto/src/config.rs\"","aggregated_output":"//! NetMic 共享协议与配置结构（MVP 版）。\n//!\n//! 文档来源：`MVP.md` 与 `docs/ROADMAP.md`。\n\npub mod config;\npub mod protocol;\n---\n//! 参数安全范围与默认值（以文档为准）。\n//!\n//! 参考：`MVP.md` 第 3 节与第 4 节。\n\n/// MVP 支持的编码类型。\n#[derive(Debug, Clone, Copy, PartialEq, Eq)]\npub enum CodecKind {\n    Opus,\n    Pcm16,\n}\n\n/// 内部标准格式（文档建议值）。\npub const INTERNAL_SAMPLE_RATE_HZ: u32 = 48_000;\npub const INTERNAL_CHANNELS: u16 = 1;\npub const INTERNAL_BITS_PER_SAMPLE: u16 = 16;\n\n/// 文档给出的默认参数。\n#[derive(Debug, Clone, Copy, PartialEq, Eq)]\npub struct DefaultParams {\n    pub codec: CodecKind,\n    pub sample_rate_hz: u32,\n    pub chunk_ms: u32,\n    pub jitter_buffer_ms: u32,\n}\n\nimpl Default for DefaultParams {\n    fn default() -> Self {\n        Self {\n            codec: CodecKind::Opus,\n            sample_rate_hz: INTERNAL_SAMPLE_RATE_HZ,\n            chunk_ms: 20,\n            jitter_buffer_ms: 100,\n        }\n    }\n}\n","exit_code":0,"status":"completed"}}
[2026-01-27T20:05:51+08:00] role=orchestrator iter=1
== NetMic context ==
time:   2026-01-27T20:05:51+08:00
repo:   NetMic
path:   /home/arc/code/NetMic
branch: main
status:
## main...origin/main [领先 1]
 M docs/CONTINUOUS_AUTOPILOT.md
 M docs/SESSION_LOG.md
 M docs/TODO.md
 M docs/WORKFLOW.md
 M scripts/agent_bootstrap.sh
 M scripts/autopilot.sh
 M scripts/prompts/builder_linux.txt
 M scripts/prompts/builder_mac.txt
 M scripts/prompts/orchestrator.txt
 M scripts/prompts/scribe.txt
?? .autopilot/runner.env.example
?? .gitignore
?? Cargo.toml
?? crates/
?? scripts/bootstrap/
?? scripts/linux/
?? scripts/seed_tasks.py

-- HUB health --
{"ok":true,"time":1769515551,"agents":0,"tasks":8,"sessions":0}
-- HUB agents (active_within=600) --
{"ok":true,"agents":[]}
-- HUB tasks --
{"ok":true,"tasks":[{"task_id":"BOOT-001-workspace-skeleton","status":"queued","claimed_by":null,"meta":{"target_role":"builder-linux","milestone":"bootstrap","objective":"\u8fd0\u884c scripts/bootstrap/bootstrap_workspace.sh \u521b\u5efa Rust \u5de5\u4f5c\u533a\u9aa8\u67b6\uff0c\u5e76\u786e\u4fdd cargo check \u901a\u8fc7\u3002","acceptance":["\u6839\u76ee\u5f55\u5b58\u5728 Cargo.toml workspace \u914d\u7f6e","crates/netmic-{proto,server,client} \u5b58\u5728\u4e14 cargo check \u901a\u8fc7","docs/SESSION_LOG.md \u8bb0\u5f55\u672c\u6b21\u9aa8\u67b6\u521d\u59cb\u5316\u7ed3\u679c"],"doc_refs":["MVP.md#4","docs/ROADMAP.md"]},"summary":"","updated_at":1769514854},{"task_id":"BOOT-002-session-docs-init","status":"queued","claimed_by":null,"meta":{"target_role":"scribe","milestone":"bootstrap","objective":"\u521d\u59cb\u5316 docs/SESSION_LOG.md \u4e0e docs/DECISIONS.md \u7684\u6700\u5c0f\u7ed3\u6784\uff0c\u5e76\u8bb0\u5f55\u81ea\u52a8\u9a7e\u9a76\u5165\u53e3\u7684\u8fd0\u884c\u65b9\u5f0f\u3002","acceptance":["docs/SESSION_LOG.md \u5305\u542b DONE/BLOCKER/NEXT/TEST \u6a21\u677f","docs/DECISIONS.md \u5305\u542b\u65e5\u671f\u4e0e\u51b3\u7b56\u6a21\u677f","\u6587\u6863\u660e\u786e agent_bootstrap.sh \u662f\u5165\u53e3"],"doc_refs":["docs/CONTINUOUS_AUTOPILOT.md","docs/WORKFLOW.md"]},"summary":"","updated_at":1769514854},{"task_id":"M0-001-linux-audio-selfcheck","status":"queued","claimed_by":null,"meta":{"target_role":"builder-linux","milestone":"M0","objective":"\u5b9e\u73b0 Linux \u97f3\u9891\u6ce8\u5165\u81ea\u68c0\u811a\u672c\uff08pactl/pipewire-pulse\uff09\uff0c\u5e76\u63d0\u4f9b\u6700\u5c0f smoke test\u3002","acceptance":["\u5b58\u5728 scripts/linux/audio_selfcheck.sh \u6216 .py","\u811a\u672c\u80fd\u8f93\u51fa\u662f\u5426\u53ef\u521b\u5efa\u865a\u62df\u9ea6\u514b\u98ce\u7684\u7ed3\u8bba","\u7ed3\u679c\u5199\u5165 docs/SESSION_LOG.md"],"doc_refs":["MVP.md#6","docs/ROADMAP.md#milestone-0"]},"summary":"","updated_at":1769514854},{"task_id":"M1-001-protocol-doc","status":"queued","claimed_by":null,"meta":{"target_role":"scribe","milestone":"M1","objective":"\u6839\u636e MVP.md \u7684\u8fb9\u754c\uff0c\u4ea7\u51fa docs/PROTO.md\uff08\u63e1\u624b/\u5fc3\u8df3/\u7edf\u8ba1/\u97f3\u9891\u5e27\u6700\u5c0f\u7ed3\u6784\uff09\u3002","acceptance":["docs/PROTO.md \u63cf\u8ff0\u63e1\u624b\u8bf7\u6c42/\u54cd\u5e94\u5b57\u6bb5","\u5b9a\u4e49\u6700\u5c0f\u97f3\u9891\u5e27\u5934\u7ed3\u6784\u4e0e\u7edf\u8ba1\u5b57\u6bb5","\u660e\u786e\u5355\u5ba2\u6237\u7aef\u5360\u7528\u4e0e BUSY \u884c\u4e3a"],"doc_refs":["MVP.md#5","docs/MODULE_OWNERS.md"]},"summary":"","updated_at":1769514854},{"task_id":"M1-002-server-udp-receiver","status":"queued","claimed_by":null,"meta":{"target_role":"builder-linux","milestone":"M1","objective":"\u5728 netmic-server \u4e2d\u843d\u5730 UDP \u63a5\u6536\u9aa8\u67b6\uff08\u63e1\u624b/\u97f3\u9891\u5305\u5206\u6d41\u5360\u4f4d\uff09\uff0c\u5148\u7528 PCM \u8dd1\u901a\u94fe\u8def\u3002","acceptance":["netmic-server \u80fd\u76d1\u542c UDP \u7aef\u53e3","\u80fd\u533a\u5206\u63a7\u5236\u9762\u4e0e\u6570\u636e\u9762\u6d88\u606f\u7c7b\u578b\uff08\u5360\u4f4d\u5b9e\u73b0\u53ef\uff09","cargo check \u901a\u8fc7\u4e14\u5199\u5165 SESSION_LOG"],"doc_refs":["MVP.md#5","docs/ROADMAP.md#milestone-1"]},"summary":"","updated_at":1769514854},{"task_id":"M1-003-client-capture-sender","status":"queued","claimed_by":null,"meta":{"target_role":"builder-mac","milestone":"M1","objective":"\u5728 netmic-client \u4e2d\u5b9e\u73b0\u91c7\u96c6/\u91cd\u91c7\u6837/\u53d1\u9001\u7684\u6700\u5c0f\u9aa8\u67b6\uff08\u53ef\u5148\u7528\u5047\u6570\u636e/\u6d4b\u8bd5\u97f3\uff09\u3002","acceptance":["netmic-client \u5177\u5907\u53d1\u9001\u5faa\u73af\u9aa8\u67b6","\u4e3a\u540e\u7eed\u63a5\u5165 cpal/rubato \u9884\u7559\u6e05\u6670\u6a21\u5757\u7ed3\u6784","cargo check \u901a\u8fc7\u4e14\u5199\u5165 SESSION_LOG"],"doc_refs":["MVP.md#4","docs/ROADMAP.md#milestone-1"]},"summary":"","updated_at":1769514854},{"task_id":"M2-001-config-validation","status":"queued","claimed_by":null,"meta":{"target_role":"builder-linux","milestone":"M2","objective":"\u5728 netmic-proto \u4e2d\u52a0\u5165\u53c2\u6570\u6821\u9a8c\u4e0e\u56de\u9000\u89c4\u5219\u9aa8\u67b6\uff08\u5b89\u5168\u8303\u56f4\u4ee5 MVP.md \u4e3a\u51c6\uff09\u3002","acceptance":["\u5b58\u5728\u53c2\u6570\u6821\u9a8c\u5165\u53e3\uff08validate \u6216 normalize\uff09","\u80fd\u8868\u8fbe\u56de\u9000\u5230\u9ed8\u8ba4\u503c\u7684\u7ed3\u679c\u7ed3\u6784","\u5173\u952e\u8303\u56f4\u5199\u5165\u6ce8\u91ca\u5e76\u5f15\u7528 MVP.md"],"doc_refs":["MVP.md#3","docs/ROADMAP.md#milestone-2"]},"summary":"","updated_at":1769514854},{"task_id":"M3-001-metrics-and-reconnect","status":"queued","claimed_by":null,"meta":{"target_role":"builder-linux","milestone":"M3","objective":"\u5728 server/client \u4fa7\u8865\u9f50\u6307\u6807\u4e0e\u91cd\u8fde\u72b6\u6001\u673a\u9aa8\u67b6\uff08\u65e5\u5fd7\u53ef\u89c2\u6d4b\u4f18\u5148\uff09\u3002","acceptance":["\u65e5\u5fd7\u4e2d\u53ef\u89c1\u72b6\u6001\u673a\u8f6c\u6362","\u5b58\u5728\u4e22\u5305/\u7f13\u51b2\u6df1\u5ea6\u7b49\u6307\u6807\u7ed3\u6784\u5360\u4f4d","\u6587\u6863\u6216\u6ce8\u91ca\u89e3\u91ca\u6062\u590d\u7a97\u53e3\u76ee\u6807\uff0810 \u79d2\u5185\uff09"],"doc_refs":["MVP.md#8","docs/ROADMAP.md#milestone-3"]},"summary":"","updated_at":1769514854}]}
-- SESSION_LOG tail --
# SESSION LOG

## 2026-01-27
- DONE: 将 `scripts/agent_bootstrap.sh` 升级为“前台监督器入口”，自动自检/启动 Hub/autopilot/任务种子/骨架初始化；为 autopilot 增加 `--context` 防递归；新增 `scripts/seed_tasks.py` 与 `scripts/bootstrap/bootstrap_workspace.sh`。
- DONE(20:05+08): 当 Hub 启动失败且日志包含 PermissionError/operation not permitted 时，`agent_bootstrap.sh` 会给出“受限环境禁止监听端口”的明确提示，并指向 `/.autopilot/logs/hub.log`。
- DONE(20:04+08): 以 scribe 视角执行 `scripts/agent_bootstrap.sh --context`；尝试启动/注册 Hub 以拉取 tasks/events。
- DONE(20:04+08): 按 scribe 循环尝试 `register` / `tasks` / `events`（`curl -s http://127.0.0.1:7788/...`），当前环境返回 exit=7（无法连接 Hub）。
- BLOCKER: 本机缺少 cargo（Rust 工具链）；未配置 `BUILDER_MAC_SSH`；codex 可能尚未登录（需用户侧一次性处理）。
- BLOCKER(20:04+08): 当前沙箱环境禁止监听 TCP 端口；`python3 agent-hub/agent_hub.py` 报 `PermissionError: [Errno 1] Operation not permitted`，因此无法读取 Hub 的 tasks/events。
- BLOCKER(20:04+08): 复现 Hub 启动失败；日志位于 `/tmp/netmic_hub.log`（绑定 `:7788` 被拒绝）。
- NEXT: 安装 rustup/cargo；在 `.autopilot/runner.env` 填写跨机配置（或在 mac 也运行监督器）；随后直接运行 `scripts/agent_bootstrap.sh` 进入持续开发。
- NEXT(20:04+08): 在可监听端口的真实机/Runner 上启动 Hub（或用监督器入口自动拉起），再由 scribe 基于 Hub 事件更新日志与 TODO。
- TEST: 运行 `scripts/agent_bootstrap.sh --context`；运行 `scripts/agent_bootstrap.sh --once`；运行 `scripts/autopilot.sh stop` 并用 `ss -ltnp '( sport = :7788 )'` 确认 Hub 可停止。
- TEST(20:05+08): 运行 `ROLE= PATH=/usr/bin:/bin scripts/agent_bootstrap.sh --once`，确认置顶提示包含“PermissionError/受限环境禁止监听端口”的明确说明。
- TEST(20:04+08): 再次运行 `scripts/agent_bootstrap.sh --context`；尝试 `nohup python3 agent-hub/agent_hub.py`（受限环境下启动失败，见 `/tmp/netmic_hub.log`）。

-- DECISIONS tail --

## 2026-01-27
- 背景：期望用户只运行 `scripts/agent_bootstrap.sh` 即可持续推进 MVP 开发，并在阻塞时得到明确提示。
- 决策：将 `agent_bootstrap.sh` 设计为“前台监督器入口”，自动拉起 Hub/autopilot/任务种子/骨架初始化；在 agent 循环中使用 `--context` 退化为上下文摘要器，避免递归启动。
- 影响：自动驾驶流程统一入口，但会在后台启动多个 agent 循环；停止需显式执行 `scripts/agent_bootstrap.sh --stop`（或 `scripts/autopilot.sh stop`）。

## 2026-01-27（scribe/受限环境策略）
- 背景：当前 Codex 沙箱无法监听 TCP 端口，`agent-hub` 绑定 `:7788` 会失败，Hub 不可达。
- 决策：scribe 在受限环境不强依赖 Hub；以 `scripts/agent_bootstrap.sh --context` 与 MVP/ROADMAP 为准更新 `SESSION_LOG`/`TODO`，并显式记录 Hub 阻塞。
- 影响：日志与优先级可保持可读，但 tasks/events 需在真实 Runner 上补齐与回写。

-- TODO head --
# TODO（MVP 自动驾驶看板）

当前优先级（与 Hub 任务队列配合）：
- 用户前置：安装 rustup/cargo，确保 `cargo check` 可运行。
- 用户前置：配置 `.autopilot/runner.env`（至少补全 `BUILDER_MAC_SSH` 或在 mac 端也运行监督器）。
- 环境前置：在可监听端口的真实机/Runner 上启动 Hub（受限沙箱可能无法绑定 `:7788`）。
- 里程碑优先：当 cargo/Hub 可用后，先推进 M0（pactl/pipewire 自检 → virtual source 创建 → sine wave 持续写入 5 分钟 smoke）。
- 自动驾驶：运行 `scripts/agent_bootstrap.sh`，观察置顶提示并清除阻塞项。

Next: follow MVP.md + docs/ROADMAP.md, pick one small task and validate it.
error: the argument '--full-auto' cannot be used with '--dangerously-bypass-approvals-and-sandbox'

Usage: codex exec --full-auto --cd <DIR> --output-last-message <FILE> --json [PROMPT]

For more information, try '--help'.
{"type":"item.completed","item":{"id":"item_57","type":"reasoning","text":"**Planning protocol module implementation**\n\nI'll create the missing protocol module in the crate, mirroring structures from the bootstrap script and verifying dependencies like serde from the Cargo manifest to ensure correct setup."}}
{"type":"item.started","item":{"id":"item_58","type":"command_execution","command":"/bin/bash -lc \"sed -n '1,200p' crates/netmic-proto/Cargo.toml\"","aggregated_output":"","exit_code":null,"status":"in_progress"}}
{"type":"item.completed","item":{"id":"item_58","type":"command_execution","command":"/bin/bash -lc \"sed -n '1,200p' crates/netmic-proto/Cargo.toml\"","aggregated_output":"[package]\nname = \"netmic-proto\"\nversion = \"0.1.0\"\nedition = \"2021\"\n\n[dependencies]\nserde = { workspace = true }\nserde_json = { workspace = true }\nthiserror = { workspace = true }\n","exit_code":0,"status":"completed"}}
{"type":"item.completed","item":{"id":"item_71","type":"reasoning","text":"**Planning offline task queue in docs**\n\nSince the hub can't create tasks, I'll update docs/TODO with an offline task queue using the specified task ID format in Chinese, keeping a flat bullet list respecting module boundaries and including small, testable tasks."}}
{"type":"item.completed","item":{"id":"item_72","type":"reasoning","text":"**Drafting offline Linux audio selfcheck task**\n\nI'm outlining a small selfcheck script task to verify pactl presence and print diagnostics, acknowledging runtime limitations but ensuring the script runs with meaningful output; I'll next inspect scripts/ for existing related code to build on."}}
{"type":"item.completed","item":{"id":"item_73","type":"agent_message","text":"Hub 受限时，我先看看仓库里是否已有 Linux 音频自检脚本可复用，否则就直接补一个小脚本推进 M0。"}}
{"type":"item.started","item":{"id":"item_74","type":"command_execution","command":"/bin/bash -lc 'rg -n \"audio_selfcheck|selfcheck|pactl|pipewire|virtual-source|module-virtual-source\" scripts docs agent-hub MVP.md'","aggregated_output":"","exit_code":null,"status":"in_progress"}}
{"type":"item.completed","item":{"id":"item_74","type":"command_execution","command":"/bin/bash -lc 'rg -n \"audio_selfcheck|selfcheck|pactl|pipewire|virtual-source|module-virtual-source\" scripts docs agent-hub MVP.md'","aggregated_output":"MVP.md:14:* Linux 注入方式：仅支持 **PipeWire / Pulse 兼容层**（pipewire-pulse 或 pulseaudio 环境）\nMVP.md:144:* 前置条件：系统需有 pipewire-pulse 或 pulseaudio，并可使用 pactl 创建虚拟 source/sink 类设备\nMVP.md:238:* 控制：明确最低环境假设；提供自检（检测 pactl/pipewire-pulse）与 FAQ\nMVP.md:306:  （你的做法是：用 pactl 创建 Virtual Source，然后用 pulse simple API 往对应目标写 PCM。）\nscripts/seed_tasks.py:50:        \"task_id\": \"M0-001-linux-audio-selfcheck\",\nscripts/seed_tasks.py:54:            \"objective\": \"实现 Linux 音频注入自检脚本（pactl/pipewire-pulse），并提供最小 smoke test。\",\nscripts/seed_tasks.py:56:                \"存在 scripts/linux/audio_selfcheck.sh 或 .py\",\ndocs/TODO.md:7:- 里程碑优先：当 cargo/Hub 可用后，先推进 M0（pactl/pipewire 自检 → virtual source 创建 → sine wave 持续写入 5 分钟 smoke）。\ndocs/CONTINUOUS_AUTOPILOT.md:8:- mac Runner 有音频采集权限；linux Runner 有 PipeWire/Pulse 与 pactl 可用。\nscripts/agent_bootstrap.sh:381:    if ! command -v pactl >/dev/null 2>&1; then\nscripts/agent_bootstrap.sh:382:      add_action \"Linux 缺少 pactl：MVP 需要 PipeWire/Pulse 兼容层（pipewire-pulse 或 pulseaudio）。\"\ndocs/ROADMAP.md:13:1) 环境自检（pactl / pipewire-pulse）  \ndocs/ROADMAP.md:14:2) 创建虚拟麦克风（pactl + module-virtual-source）  \nscripts/linux/audio_selfcheck.sh:31:  pactl info 2>/dev/null | awk -F': ' '/^Server Name:/ {print $2; exit}'\nscripts/linux/audio_selfcheck.sh:37:    printf 'pipewire-pulse'\nscripts/linux/audio_selfcheck.sh:48:  require_cmd pactl || return 1\nscripts/linux/audio_selfcheck.sh:52:    log_fail \"无法通过 pactl 读取服务端信息（Pulse/PipeWire 可能未运行）。\"\nscripts/linux/audio_selfcheck.sh:60:    pipewire-pulse)\nscripts/linux/audio_selfcheck.sh:82:      pactl unload-module \"$source_id\" >/dev/null 2>&1 || true\nscripts/linux/audio_selfcheck.sh:85:      pactl unload-module \"$sink_id\" >/dev/null 2>&1 || true\nscripts/linux/audio_selfcheck.sh:93:  sink_id=\"$(pactl load-module module-null-sink \\\nscripts/linux/audio_selfcheck.sh:101:  source_id=\"$(pactl load-module module-remap-source \\\nscripts/linux/audio_selfcheck.sh:110:  if pactl list short sources 2>/dev/null | awk '{print $2}' | grep -Fx \"$source_name\" >/dev/null 2>&1; then\nscripts/linux/audio_selfcheck_test.sh:2:# 使用 stub pactl 对 audio_selfcheck.sh 做最小可重复测试。\nscripts/linux/audio_selfcheck_test.sh:6:TARGET=\"$ROOT/scripts/linux/audio_selfcheck.sh\"\nscripts/linux/audio_selfcheck_test.sh:23:cat >\"$stub_dir/pactl\" <<'EOF'\nscripts/linux/audio_selfcheck_test.sh:83:chmod +x \"$stub_dir/pactl\"\nscripts/linux/audio_selfcheck_test.sh:85:echo \"[test] pactl 缺失时应判定 NOT_READY\"\nscripts/linux/audio_selfcheck_test.sh:87:  echo \"期望失败但成功了（pactl 缺失场景）\" >&2\nscripts/linux/audio_selfcheck_test.sh:91:echo \"[test] stub pactl + smoke 应判定 READY\"\nscripts/linux/audio_selfcheck_test.sh:105:echo \"[ok] audio_selfcheck.sh 最小测试通过\"\n","exit_code":0,"status":"completed"}}
{"type":"item.completed","item":{"id":"item_59","type":"reasoning","text":"**Inspecting root Cargo workspace**\n\nI'm checking the root Cargo.toml to identify workspace members and dependencies, aiming to understand the overall project structure."}}
{"type":"item.started","item":{"id":"item_60","type":"command_execution","command":"/bin/bash -lc \"sed -n '1,200p' Cargo.toml\"","aggregated_output":"","exit_code":null,"status":"in_progress"}}
{"type":"item.completed","item":{"id":"item_60","type":"command_execution","command":"/bin/bash -lc \"sed -n '1,200p' Cargo.toml\"","aggregated_output":"[workspace]\nmembers = [\n  \"crates/netmic-proto\",\n  \"crates/netmic-server\",\n  \"crates/netmic-client\",\n]\nresolver = \"2\"\n\n[workspace.package]\nedition = \"2021\"\nlicense = \"MIT\"\nauthors = [\"NetMic Agents\"]\n\n[workspace.dependencies]\nanyhow = \"1\"\nserde = { version = \"1\", features = [\"derive\"] }\nserde_json = \"1\"\nthiserror = \"1\"\ntracing = \"0.1\"\ntracing-subscriber = { version = \"0.3\", features = [\"env-filter\", \"fmt\"] }\n","exit_code":0,"status":"completed"}}
{"type":"item.completed","item":{"id":"item_61","type":"reasoning","text":"**Inspecting client cargo manifests**\n\nI'm checking the client cargo manifests to identify the main source file, though it may not exist or be straightforward to find."}}
{"type":"item.completed","item":{"id":"item_75","type":"reasoning","text":"**Reviewing existing audio selfcheck script**\n\nThe audio_selfcheck script exists alongside a test script that uses a stub due to missing dependencies; next, I'll inspect the script's quality and consider doc updates or modifications before running its tests."}}
{"type":"item.completed","item":{"id":"item_76","type":"agent_message","text":"仓库里已经有 `scripts/linux/audio_selfcheck.sh` 和对应的 stub 测试脚本。我先读一下并尝试跑测试。"}}
{"type":"item.started","item":{"id":"item_62","type":"command_execution","command":"/bin/bash -lc \"sed -n '1,200p' crates/netmic-server/Cargo.toml && echo '---' && sed -n '1,200p' crates/netmic-client/Cargo.toml\"","aggregated_output":"","exit_code":null,"status":"in_progress"}}
{"type":"item.completed","item":{"id":"item_62","type":"command_execution","command":"/bin/bash -lc \"sed -n '1,200p' crates/netmic-server/Cargo.toml && echo '---' && sed -n '1,200p' crates/netmic-client/Cargo.toml\"","aggregated_output":"[package]\nname = \"netmic-server\"\nversion = \"0.1.0\"\nedition = \"2021\"\n\n[dependencies]\nanyhow = { workspace = true }\nnetmic-proto = { path = \"../netmic-proto\" }\ntracing = { workspace = true }\ntracing-subscriber = { workspace = true }\n---\n[package]\nname = \"netmic-client\"\nversion = \"0.1.0\"\nedition = \"2021\"\n\n[dependencies]\nnetmic-proto = { path = \"../netmic-proto\" }\ntracing = { workspace = true }\ntracing-subscriber = { workspace = true }\n","exit_code":0,"status":"completed"}}
{"type":"item.started","item":{"id":"item_77","type":"command_execution","command":"/bin/bash -lc \"sed -n '1,220p' scripts/linux/audio_selfcheck.sh\"","aggregated_output":"","exit_code":null,"status":"in_progress"}}
{"type":"item.completed","item":{"id":"item_77","type":"command_execution","command":"/bin/bash -lc \"sed -n '1,220p' scripts/linux/audio_selfcheck.sh\"","aggregated_output":"#!/usr/bin/env bash\n# Linux 音频注入自检：检查 PipeWire/Pulse 兼容层是否可用于创建虚拟麦克风。\nset -euo pipefail\n\nSMOKE=0\nif [[ \"${1:-}\" == \"--smoke\" ]]; then\n  SMOKE=1\nfi\n\nlog() {\n  printf '%s\\n' \"$*\"\n}\n\nlog_warn() {\n  printf 'WARN: %s\\n' \"$*\" >&2\n}\n\nlog_fail() {\n  printf 'FAIL: %s\\n' \"$*\" >&2\n}\n\nrequire_cmd() {\n  local cmd=\"$1\"\n  if ! command -v \"$cmd\" >/dev/null 2>&1; then\n    log_fail \"缺少命令：$cmd\"\n    return 1\n  fi\n}\n\ndetect_server_name() {\n  pactl info 2>/dev/null | awk -F': ' '/^Server Name:/ {print $2; exit}'\n}\n\nserver_kind_from_name() {\n  local name=\"$1\"\n  if [[ \"$name\" == *\"PipeWire\"* ]] || [[ \"$name\" == *\"on PipeWire\"* ]]; then\n    printf 'pipewire-pulse'\n    return 0\n  fi\n  if [[ \"$name\" == *\"PulseAudio\"* ]] || [[ \"$name\" == *\"pulseaudio\"* ]]; then\n    printf 'pulseaudio'\n    return 0\n  fi\n  printf 'unknown'\n}\n\nbasic_checks() {\n  require_cmd pactl || return 1\n  local server_name\n  server_name=\"$(detect_server_name || true)\"\n  if [[ -z \"$server_name\" ]]; then\n    log_fail \"无法通过 pactl 读取服务端信息（Pulse/PipeWire 可能未运行）。\"\n    return 1\n  fi\n\n  local server_kind\n  server_kind=\"$(server_kind_from_name \"$server_name\")\"\n  log \"检测到音频服务：$server_name\"\n  case \"$server_kind\" in\n    pipewire-pulse)\n      log \"服务类型判断：PipeWire（Pulse 兼容层）\"\n      ;;\n    pulseaudio)\n      log \"服务类型判断：PulseAudio\"\n      ;;\n    *)\n      log_warn \"服务类型未识别，但仍可尝试进行 smoke 检查。\"\n      ;;\n  esac\n}\n\nsmoke_check_virtual_source() {\n  local suffix\n  suffix=\"${NETMIC_SMOKE_ID:-$$}\"\n  local sink_name=\"netmic_smoke_sink_${suffix}\"\n  local source_name=\"netmic_smoke_source_${suffix}\"\n  local sink_id=\"\"\n  local source_id=\"\"\n\n  cleanup() {\n    if [[ -n \"$source_id\" ]]; then\n      pactl unload-module \"$source_id\" >/dev/null 2>&1 || true\n    fi\n    if [[ -n \"$sink_id\" ]]; then\n      pactl unload-module \"$sink_id\" >/dev/null 2>&1 || true\n    fi\n  }\n  trap cleanup EXIT\n\n  log \"开始 smoke 检查：尝试创建临时虚拟麦克风。\"\n\n  # 优先使用 module-null-sink + module-remap-source 的组合，兼容性更好。\n  sink_id=\"$(pactl load-module module-null-sink \\\n    \"sink_name=${sink_name}\" \\\n    \"sink_properties=device.description=NetMic_Smoke_Sink\" 2>/dev/null || true)\"\n  if [[ -z \"$sink_id\" ]]; then\n    log_fail \"无法加载 module-null-sink（缺少模块或服务端拒绝）。\"\n    return 1\n  fi\n\n  source_id=\"$(pactl load-module module-remap-source \\\n    \"master=${sink_name}.monitor\" \\\n    \"source_name=${source_name}\" \\\n    \"source_properties=device.description=NetMic_Smoke_Source\" 2>/dev/null || true)\"\n  if [[ -z \"$source_id\" ]]; then\n    log_fail \"无法加载 module-remap-source（虚拟 source 创建失败）。\"\n    return 1\n  fi\n\n  if pactl list short sources 2>/dev/null | awk '{print $2}' | grep -Fx \"$source_name\" >/dev/null 2>&1; then\n    log \"smoke 检查通过：可创建虚拟麦克风（临时 source 已出现）。\"\n    return 0\n  fi\n\n  log_fail \"smoke 检查失败：未在 sources 列表中看到临时虚拟麦克风。\"\n  return 1\n}\n\nmain() {\n  if ! basic_checks; then\n    log \"结论：NOT_READY（基础检查未通过）\"\n    return 1\n  fi\n\n  if [[ \"$SMOKE\" -eq 1 ]]; then\n    if smoke_check_virtual_source; then\n      log \"结论：READY（smoke 检查通过）\"\n      return 0\n    fi\n    log \"结论：NOT_READY（smoke 检查失败）\"\n    return 1\n  fi\n\n  log \"结论：CHECK_OK（基础检查通过，建议使用 --smoke 进一步验证）\"\n}\n\nmain \"$@\"\n\n","exit_code":0,"status":"completed"}}
{"type":"item.completed","item":{"id":"item_63","type":"reasoning","text":"**Checking alternative source directory**"}}
{"type":"item.started","item":{"id":"item_64","type":"command_execution","command":"/bin/bash -lc 'find crates/netmic-server crates/netmic-client -maxdepth 2 -type f -print'","aggregated_output":"","exit_code":null,"status":"in_progress"}}
{"type":"item.completed","item":{"id":"item_64","type":"command_execution","command":"/bin/bash -lc 'find crates/netmic-server crates/netmic-client -maxdepth 2 -type f -print'","aggregated_output":"crates/netmic-server/Cargo.toml\ncrates/netmic-client/Cargo.toml\n","exit_code":0,"status":"completed"}}
{"type":"item.completed","item":{"id":"item_78","type":"reasoning","text":"**Running existing audio selfcheck test script**"}}
{"type":"item.completed","item":{"id":"item_79","type":"agent_message","text":"我直接跑一下现有的 stub 测试脚本，确认当前脚本行为是可重复的。"}}
{"type":"item.started","item":{"id":"item_80","type":"command_execution","command":"/bin/bash -lc 'bash scripts/linux/audio_selfcheck_test.sh'","aggregated_output":"","exit_code":null,"status":"in_progress"}}
{"type":"item.completed","item":{"id":"item_80","type":"command_execution","command":"/bin/bash -lc 'bash scripts/linux/audio_selfcheck_test.sh'","aggregated_output":"[test] pactl 缺失时应判定 NOT_READY\n[test] stub pactl + smoke 应判定 READY\nstub smoke 测试失败，输出如下：\n检测到音频服务：PulseAudio (on PipeWire 0.3.79)\n服务类型判断：PipeWire（Pulse 兼容层）\n开始 smoke 检查：尝试创建临时虚拟麦克风。\nsmoke 检查通过：可创建虚拟麦克风（临时 source 已出现）。\n结论：READY（smoke 检查通过）\n/home/arc/code/NetMic/scripts/linux/audio_selfcheck.sh: 行 81: source_id: 未绑定的变量\n","exit_code":1,"status":"failed"}}
{"type":"item.completed","item":{"id":"item_81","type":"reasoning","text":"**Identifying trap local variable scope bug**\n\nThe test fails due to a trap referencing a local variable after its function returns, causing an unbound variable error under set -u; the fix is to use global variables for cleanup or adjust variable handling since trap executes outside the function scope."}}
{"type":"item.completed","item":{"id":"item_82","type":"reasoning","text":"**Switching trap variables to globals**\n\nDeciding to declare key variables globally with defaults to prevent unbound errors in the cleanup trap, ensuring cleanup references always exist on exit; plan includes updating the script accordingly while preserving existing comments and reviewing test scripts for expected behavior."}}
{"type":"item.completed","item":{"id":"item_83","type":"agent_message","text":"测试脚本暴露了一个真实 bug（`trap` 访问了函数的局部变量）。我先读测试脚本，然后修这个问题并让测试通过。"}}
{"type":"item.started","item":{"id":"item_84","type":"command_execution","command":"/bin/bash -lc \"sed -n '1,220p' scripts/linux/audio_selfcheck_test.sh\"","aggregated_output":"","exit_code":null,"status":"in_progress"}}
{"type":"item.completed","item":{"id":"item_84","type":"command_execution","command":"/bin/bash -lc \"sed -n '1,220p' scripts/linux/audio_selfcheck_test.sh\"","aggregated_output":"#!/usr/bin/env bash\n# 使用 stub pactl 对 audio_selfcheck.sh 做最小可重复测试。\nset -euo pipefail\n\nROOT=\"$(cd \"$(dirname \"${BASH_SOURCE[0]}\")/../..\" && pwd)\"\nTARGET=\"$ROOT/scripts/linux/audio_selfcheck.sh\"\n\nif [[ ! -x \"$TARGET\" ]]; then\n  echo \"目标脚本不存在或不可执行：$TARGET\" >&2\n  exit 1\nfi\n\ntmpdir=\"$(mktemp -d)\"\ncleanup() {\n  rm -rf \"$tmpdir\"\n}\ntrap cleanup EXIT\n\nstub_dir=\"$tmpdir/stubbin\"\nstate_dir=\"$tmpdir/state\"\nmkdir -p \"$stub_dir\" \"$state_dir\"\n\ncat >\"$stub_dir/pactl\" <<'EOF'\n#!/usr/bin/env bash\nset -euo pipefail\n\nSTATE_DIR=\"${STATE_DIR:?}\"\n\ncmd=\"${1:-}\"\nshift || true\n\ncase \"$cmd\" in\n  info)\n    cat <<INFO\nServer Name: PulseAudio (on PipeWire 0.3.79)\nINFO\n    ;;\n  load-module)\n    module=\"${1:-}\"\n    shift || true\n    case \"$module\" in\n      module-null-sink)\n        echo \"101\"\n        ;;\n      module-remap-source)\n        source_name=\"\"\n        for arg in \"$@\"; do\n          case \"$arg\" in\n            source_name=*)\n              source_name=\"${arg#source_name=}\"\n              ;;\n          esac\n        done\n        if [[ -n \"$source_name\" ]]; then\n          printf '%s\\n' \"$source_name\" >\"$STATE_DIR/source_name\"\n        fi\n        echo \"102\"\n        ;;\n      *)\n        exit 1\n        ;;\n    esac\n    ;;\n  unload-module)\n    exit 0\n    ;;\n  list)\n    sub=\"${1:-}\"\n    shift || true\n    if [[ \"$sub\" == \"short\" && \"${1:-}\" == \"sources\" ]]; then\n      source_name=\"$(cat \"$STATE_DIR/source_name\" 2>/dev/null || true)\"\n      if [[ -n \"$source_name\" ]]; then\n        printf '42\\t%s\\tmodule-remap-source\\t...\\n' \"$source_name\"\n      fi\n    fi\n    ;;\n  *)\n    exit 1\n    ;;\nesac\nEOF\n\nchmod +x \"$stub_dir/pactl\"\n\necho \"[test] pactl 缺失时应判定 NOT_READY\"\nif PATH=\"$stub_dir/empty\" \"$TARGET\" >/dev/null 2>&1; then\n  echo \"期望失败但成功了（pactl 缺失场景）\" >&2\n  exit 1\nfi\n\necho \"[test] stub pactl + smoke 应判定 READY\"\nout_file=\"$tmpdir/out.txt\"\nif ! PATH=\"$stub_dir:$PATH\" STATE_DIR=\"$state_dir\" NETMIC_SMOKE_ID=\"test\" \"$TARGET\" --smoke >\"$out_file\" 2>&1; then\n  echo \"stub smoke 测试失败，输出如下：\" >&2\n  cat \"$out_file\" >&2\n  exit 1\nfi\n\nif ! grep -q '结论：READY' \"$out_file\"; then\n  echo \"未看到 READY 结论，输出如下：\" >&2\n  cat \"$out_file\" >&2\n  exit 1\nfi\n\necho \"[ok] audio_selfcheck.sh 最小测试通过\"\n\n","exit_code":0,"status":"completed"}}
{"type":"item.completed","item":{"id":"item_85","type":"reasoning","text":"**Fixing trap cleanup with global variables**\n\nThe cleanup trap now uses global variables initialized upfront to avoid unbound errors, ensuring the exit trap unloads modules correctly by referencing these globals instead of locals."}}
{"type":"item.completed","item":{"id":"item_86","type":"reasoning","text":"**Confirming trap persistence and updating docs**\n\nTrap remains set after function returns but safely uses global empty variables to avoid erroneous cleanup; I'll update the comments to document the trap-local variable issue before applying the patch."}}
{"type":"item.completed","item":{"id":"item_87","type":"agent_message","text":"我会修掉 `trap` 访问局部变量的问题：把清理用到的模块 ID 提升为脚本级变量，并用默认展开避免 `set -u` 报错。"}}
{"type":"item.completed","item":{"id":"item_65","type":"reasoning","text":"**Assessing bootstrap script for cargo absence**\n\nThe bootstrap script runs cargo check at the end and uses set -e, which would cause it to exit if cargo is missing; I'll inspect if it already handles skipping cargo check or if it needs modification to allow skeleton creation without cargo."}}
{"type":"item.completed","item":{"id":"item_66","type":"reasoning","text":"**Planning manual skeleton creation without cargo**\n\nCargo is missing so bootstrap won't run, but I can manually create minimal Rust source files and docs to meet initial tasks, including protocol module with serde, server/client mains with minimal code, and updated docs with protocol spec and session logs. I'll keep changes minimal to avoid disrupting existing seed tasks and consider adding Git ignore for local autopilot files."}}
{"type":"item.started","item":{"id":"item_67","type":"command_execution","command":"/bin/bash -lc \"sed -n '1,200p' .gitignore\"","aggregated_output":"","exit_code":null,"status":"in_progress"}}
{"type":"item.completed","item":{"id":"item_67","type":"command_execution","command":"/bin/bash -lc \"sed -n '1,200p' .gitignore\"","aggregated_output":"# NetMic 本地自动驾驶状态（不应进入版本控制）\n.autopilot/*.pid\n.autopilot/*.loop.sh\n.autopilot/*.prompt.txt\n.autopilot/*.last.txt\n.autopilot/logs/\n.autopilot/runner.env\n.autopilot/hub_url.txt\n.autopilot/runtime_hub_url.txt\n.autopilot/workspace_bootstrap.done\n\n# Agent Hub 本地数据库\nagent_hub.db\n","exit_code":0,"status":"completed"}}
{"type":"item.completed","item":{"id":"item_68","type":"reasoning","text":"**Adding .gitignore to exclude autopilot state**"}}
{"type":"item.completed","item":{"id":"item_69","type":"agent_message","text":"我会先补齐共享协议模块与 server/client 最小入口，再写 docs/PROTO.md，并更新 SESSION_LOG/DECISIONS。"}}
{"type":"item.completed","item":{"id":"item_88","type":"reasoning","text":"**Inspecting file start for precise patching**"}}
{"type":"item.completed","item":{"id":"item_89","type":"agent_message","text":"补丁没对上，我先看一下脚本开头的真实内容再精确修改。"}}
{"type":"item.started","item":{"id":"item_90","type":"command_execution","command":"/bin/bash -lc \"sed -n '1,80p' scripts/linux/audio_selfcheck.sh\"","aggregated_output":"","exit_code":null,"status":"in_progress"}}
{"type":"item.completed","item":{"id":"item_90","type":"command_execution","command":"/bin/bash -lc \"sed -n '1,80p' scripts/linux/audio_selfcheck.sh\"","aggregated_output":"#!/usr/bin/env bash\n# Linux 音频注入自检：检查 PipeWire/Pulse 兼容层是否可用于创建虚拟麦克风。\nset -euo pipefail\n\nSMOKE=0\nif [[ \"${1:-}\" == \"--smoke\" ]]; then\n  SMOKE=1\nfi\n\nSMOKE_SINK_ID=\"\"\nSMOKE_SOURCE_ID=\"\"\n\nlog() {\n  printf '%s\\n' \"$*\"\n}\n\nlog_warn() {\n  printf 'WARN: %s\\n' \"$*\" >&2\n}\n\nlog_fail() {\n  printf 'FAIL: %s\\n' \"$*\" >&2\n}\n\nrequire_cmd() {\n  local cmd=\"$1\"\n  if ! command -v \"$cmd\" >/dev/null 2>&1; then\n    log_fail \"缺少命令：$cmd\"\n    return 1\n  fi\n}\n\ndetect_server_name() {\n  pactl info 2>/dev/null | awk -F': ' '/^Server Name:/ {print $2; exit}'\n}\n\nserver_kind_from_name() {\n  local name=\"$1\"\n  if [[ \"$name\" == *\"PipeWire\"* ]] || [[ \"$name\" == *\"on PipeWire\"* ]]; then\n    printf 'pipewire-pulse'\n    return 0\n  fi\n  if [[ \"$name\" == *\"PulseAudio\"* ]] || [[ \"$name\" == *\"pulseaudio\"* ]]; then\n    printf 'pulseaudio'\n    return 0\n  fi\n  printf 'unknown'\n}\n\nbasic_checks() {\n  require_cmd pactl || return 1\n  local server_name\n  server_name=\"$(detect_server_name || true)\"\n  if [[ -z \"$server_name\" ]]; then\n    log_fail \"无法通过 pactl 读取服务端信息（Pulse/PipeWire 可能未运行）。\"\n    return 1\n  fi\n\n  local server_kind\n  server_kind=\"$(server_kind_from_name \"$server_name\")\"\n  log \"检测到音频服务：$server_name\"\n  case \"$server_kind\" in\n    pipewire-pulse)\n      log \"服务类型判断：PipeWire（Pulse 兼容层）\"\n      ;;\n    pulseaudio)\n      log \"服务类型判断：PulseAudio\"\n      ;;\n    *)\n      log_warn \"服务类型未识别，但仍可尝试进行 smoke 检查。\"\n      ;;\n  esac\n}\n\nsmoke_check_virtual_source() {\n  local suffix\n  suffix=\"${NETMIC_SMOKE_ID:-$$}\"\n  local sink_name=\"netmic_smoke_sink_${suffix}\"\n  local source_name=\"netmic_smoke_source_${suffix}\"\n\n","exit_code":0,"status":"completed"}}
{"type":"item.completed","item":{"id":"item_91","type":"reasoning","text":"**Inspecting smoke cleanup context**\n\nI'm checking the code around lines 80–130 to understand how local variables sink_id and source_id relate to the global SMOKE_SINK_ID and SMOKE_SOURCE_ID, aiming to patch in the correct context."}}
{"type":"item.started","item":{"id":"item_92","type":"command_execution","command":"/bin/bash -lc \"sed -n '80,180p' scripts/linux/audio_selfcheck.sh\"","aggregated_output":"","exit_code":null,"status":"in_progress"}}
{"type":"item.completed","item":{"id":"item_92","type":"command_execution","command":"/bin/bash -lc \"sed -n '80,180p' scripts/linux/audio_selfcheck.sh\"","aggregated_output":"\n  cleanup_smoke_modules() {\n    local source_id=\"${SMOKE_SOURCE_ID:-}\"\n    local sink_id=\"${SMOKE_SINK_ID:-}\"\n    if [[ -n \"$source_id\" ]]; then\n      pactl unload-module \"$source_id\" >/dev/null 2>&1 || true\n    fi\n    if [[ -n \"$sink_id\" ]]; then\n      pactl unload-module \"$sink_id\" >/dev/null 2>&1 || true\n    fi\n  }\n  trap cleanup_smoke_modules EXIT\n\n  log \"开始 smoke 检查：尝试创建临时虚拟麦克风。\"\n\n  # 优先使用 module-null-sink + module-remap-source 的组合，兼容性更好。\n  SMOKE_SINK_ID=\"$(pactl load-module module-null-sink \\\n    \"sink_name=${sink_name}\" \\\n    \"sink_properties=device.description=NetMic_Smoke_Sink\" 2>/dev/null || true)\"\n  if [[ -z \"$SMOKE_SINK_ID\" ]]; then\n    log_fail \"无法加载 module-null-sink（缺少模块或服务端拒绝）。\"\n    return 1\n  fi\n\n  SMOKE_SOURCE_ID=\"$(pactl load-module module-remap-source \\\n    \"master=${sink_name}.monitor\" \\\n    \"source_name=${source_name}\" \\\n    \"source_properties=device.description=NetMic_Smoke_Source\" 2>/dev/null || true)\"\n  if [[ -z \"$SMOKE_SOURCE_ID\" ]]; then\n    log_fail \"无法加载 module-remap-source（虚拟 source 创建失败）。\"\n    return 1\n  fi\n\n  if pactl list short sources 2>/dev/null | awk '{print $2}' | grep -Fx \"$source_name\" >/dev/null 2>&1; then\n    log \"smoke 检查通过：可创建虚拟麦克风（临时 source 已出现）。\"\n    return 0\n  fi\n\n  log_fail \"smoke 检查失败：未在 sources 列表中看到临时虚拟麦克风。\"\n  return 1\n}\n\nmain() {\n  if ! basic_checks; then\n    log \"结论：NOT_READY（基础检查未通过）\"\n    return 1\n  fi\n\n  if [[ \"$SMOKE\" -eq 1 ]]; then\n    if smoke_check_virtual_source; then\n      log \"结论：READY（smoke 检查通过）\"\n      return 0\n    fi\n    log \"结论：NOT_READY（smoke 检查失败）\"\n    return 1\n  fi\n\n  log \"结论：CHECK_OK（基础检查通过，建议使用 --smoke 进一步验证）\"\n}\n\nmain \"$@\"\n","exit_code":0,"status":"completed"}}
{"type":"item.completed","item":{"id":"item_70","type":"file_change","changes":[{"path":"/home/arc/code/NetMic/crates/netmic-proto/src/protocol.rs","kind":"add"}],"status":"completed"}}
{"type":"item.completed","item":{"id":"item_71","type":"reasoning","text":"**Planning to add session_id to handshake request**\n\nThe session_id is present in heartbeat but missing from handshake, causing inconsistency; adding an optional session_id field to the handshake request will clarify session management and align with the protocol's expectations while requiring corresponding doc updates."}}
{"type":"item.completed","item":{"id":"item_72","type":"reasoning","text":"**Deciding to add session_id to handshake request and response**\n\nThe plan is to include session_id fields in both handshake request and response, with the response echoing the effective session_id for clarity and consistency."}}
{"type":"item.completed","item":{"id":"item_73","type":"file_change","changes":[{"path":"/home/arc/code/NetMic/crates/netmic-proto/src/protocol.rs","kind":"update"}],"status":"completed"}}
{"type":"item.completed","item":{"id":"item_93","type":"reasoning","text":"**Investigating unbound variable error**\n\nThe cleanup function uses local variables defaulting to globals, which should prevent unbound errors, but the error suggests source_id is unbound inside cleanup; this implies cleanup might be running in a context where local variables aren't properly set or the variable is referenced before assignment despite default expansions."}}
{"type":"item.completed","item":{"id":"item_94","type":"reasoning","text":"**Analyzing unbound variable in trap-triggered cleanup**\n\nThe error at line 81 during trap cleanup suggests that although the cleanup function declares source_id as local with a default, the variable is still unbound when accessed—likely because the trap runs after the main function exits, and local variables aren't reliably set then, causing set -u to fail on source_id references."}}
{"type":"item.completed","item":{"id":"item_95","type":"agent_message","text":"我先带行号看一下脚本，确认报错位置，再做最小修复。"}}
{"type":"item.started","item":{"id":"item_96","type":"command_execution","command":"/bin/bash -lc \"nl -ba scripts/linux/audio_selfcheck.sh | sed -n '70,110p'\"","aggregated_output":"","exit_code":null,"status":"in_progress"}}
{"type":"item.completed","item":{"id":"item_96","type":"command_execution","command":"/bin/bash -lc \"nl -ba scripts/linux/audio_selfcheck.sh | sed -n '70,110p'\"","aggregated_output":"    70\t      log_warn \"服务类型未识别，但仍可尝试进行 smoke 检查。\"\n    71\t      ;;\n    72\t  esac\n    73\t}\n    74\t\n    75\tsmoke_check_virtual_source() {\n    76\t  local suffix\n    77\t  suffix=\"${NETMIC_SMOKE_ID:-$$}\"\n    78\t  local sink_name=\"netmic_smoke_sink_${suffix}\"\n    79\t  local source_name=\"netmic_smoke_source_${suffix}\"\n    80\t\n    81\t  cleanup_smoke_modules() {\n    82\t    local source_id=\"${SMOKE_SOURCE_ID:-}\"\n    83\t    local sink_id=\"${SMOKE_SINK_ID:-}\"\n    84\t    if [[ -n \"$source_id\" ]]; then\n    85\t      pactl unload-module \"$source_id\" >/dev/null 2>&1 || true\n    86\t    fi\n    87\t    if [[ -n \"$sink_id\" ]]; then\n    88\t      pactl unload-module \"$sink_id\" >/dev/null 2>&1 || true\n    89\t    fi\n    90\t  }\n    91\t  trap cleanup_smoke_modules EXIT\n    92\t\n    93\t  log \"开始 smoke 检查：尝试创建临时虚拟麦克风。\"\n    94\t\n    95\t  # 优先使用 module-null-sink + module-remap-source 的组合，兼容性更好。\n    96\t  SMOKE_SINK_ID=\"$(pactl load-module module-null-sink \\\n    97\t    \"sink_name=${sink_name}\" \\\n    98\t    \"sink_properties=device.description=NetMic_Smoke_Sink\" 2>/dev/null || true)\"\n    99\t  if [[ -z \"$SMOKE_SINK_ID\" ]]; then\n   100\t    log_fail \"无法加载 module-null-sink（缺少模块或服务端拒绝）。\"\n   101\t    return 1\n   102\t  fi\n   103\t\n   104\t  SMOKE_SOURCE_ID=\"$(pactl load-module module-remap-source \\\n   105\t    \"master=${sink_name}.monitor\" \\\n   106\t    \"source_name=${source_name}\" \\\n   107\t    \"source_properties=device.description=NetMic_Smoke_Source\" 2>/dev/null || true)\"\n   108\t  if [[ -z \"$SMOKE_SOURCE_ID\" ]]; then\n   109\t    log_fail \"无法加载 module-remap-source（虚拟 source 创建失败）。\"\n   110\t    return 1\n","exit_code":0,"status":"completed"}}
{"type":"item.completed","item":{"id":"item_74","type":"reasoning","text":"**Adding minimal server and client main skeletons**\n\nI'm adding basic main.rs files for server and client with tracing and default session parameters, ensuring handshake uses consistent session_id while allowing it to be filled later. Next steps include compiling once the environment is ready."}}
{"type":"item.completed","item":{"id":"item_75","type":"file_change","changes":[{"path":"/home/arc/code/NetMic/crates/netmic-server/src/main.rs","kind":"add"}],"status":"completed"}}
{"type":"item.completed","item":{"id":"item_76","type":"reasoning","text":"**Switching focus to client main**"}}
{"type":"item.completed","item":{"id":"item_77","type":"file_change","changes":[{"path":"/home/arc/code/NetMic/crates/netmic-client/src/main.rs","kind":"add"}],"status":"completed"}}
{"type":"item.completed","item":{"id":"item_97","type":"reasoning","text":"**Analyzing unbound variable error in cleanup function**\n\nThe unbound variable error likely arises because the cleanup function runs via trap after script exit when local variables may no longer exist, causing the `source_id` reference to fail despite local assignment; this suggests the trap context impacts variable scope even inside the function."}}
{"type":"item.completed","item":{"id":"item_98","type":"reasoning","text":"**Refactoring cleanup to top-level function**\n\nI'm moving the cleanup function outside the nested scope to avoid trap-related local variable issues by defining a top-level cleanup using global variables with defaults, then referencing it in trap within smoke_check for safer, simpler variable handling."}}
{"type":"item.completed","item":{"id":"item_99","type":"agent_message","text":"这个报错很可能和“在函数内部定义 trap 函数”的作用域细节有关。我会做最小且稳妥的修复：把清理函数提升到脚本级，并在 smoke 前重置全局状态。"}}
{"type":"item.completed","item":{"id":"item_100","type":"file_change","changes":[{"path":"/home/arc/code/NetMic/scripts/linux/audio_selfcheck.sh","kind":"update"}],"status":"completed"}}
{"type":"item.completed","item":{"id":"item_101","type":"reasoning","text":"**Verifying file top and smoke function**"}}
{"type":"item.started","item":{"id":"item_102","type":"command_execution","command":"/bin/bash -lc \"nl -ba scripts/linux/audio_selfcheck.sh | sed -n '1,120p'\"","aggregated_output":"","exit_code":null,"status":"in_progress"}}
{"type":"item.completed","item":{"id":"item_102","type":"command_execution","command":"/bin/bash -lc \"nl -ba scripts/linux/audio_selfcheck.sh | sed -n '1,120p'\"","aggregated_output":"     1\t#!/usr/bin/env bash\n     2\t# Linux 音频注入自检：检查 PipeWire/Pulse 兼容层是否可用于创建虚拟麦克风。\n     3\tset -euo pipefail\n     4\t\n     5\tSMOKE=0\n     6\tif [[ \"${1:-}\" == \"--smoke\" ]]; then\n     7\t  SMOKE=1\n     8\tfi\n     9\t\n    10\tSMOKE_SINK_ID=\"\"\n    11\tSMOKE_SOURCE_ID=\"\"\n    12\t\n    13\tsmoke_cleanup() {\n    14\t  # 使用默认展开，避免 set -u 在未绑定变量时退出。\n    15\t  local source_id=\"${SMOKE_SOURCE_ID:-}\"\n    16\t  local sink_id=\"${SMOKE_SINK_ID:-}\"\n    17\t  if [[ -n \"$source_id\" ]]; then\n    18\t    pactl unload-module \"$source_id\" >/dev/null 2>&1 || true\n    19\t  fi\n    20\t  if [[ -n \"$sink_id\" ]]; then\n    21\t    pactl unload-module \"$sink_id\" >/dev/null 2>&1 || true\n    22\t  fi\n    23\t}\n    24\t\n    25\tlog() {\n    26\t  printf '%s\\n' \"$*\"\n    27\t}\n    28\t\n    29\tlog_warn() {\n    30\t  printf 'WARN: %s\\n' \"$*\" >&2\n    31\t}\n    32\t\n    33\tlog_fail() {\n    34\t  printf 'FAIL: %s\\n' \"$*\" >&2\n    35\t}\n    36\t\n    37\trequire_cmd() {\n    38\t  local cmd=\"$1\"\n    39\t  if ! command -v \"$cmd\" >/dev/null 2>&1; then\n    40\t    log_fail \"缺少命令：$cmd\"\n    41\t    return 1\n    42\t  fi\n    43\t}\n    44\t\n    45\tdetect_server_name() {\n    46\t  pactl info 2>/dev/null | awk -F': ' '/^Server Name:/ {print $2; exit}'\n    47\t}\n    48\t\n    49\tserver_kind_from_name() {\n    50\t  local name=\"$1\"\n    51\t  if [[ \"$name\" == *\"PipeWire\"* ]] || [[ \"$name\" == *\"on PipeWire\"* ]]; then\n    52\t    printf 'pipewire-pulse'\n    53\t    return 0\n    54\t  fi\n    55\t  if [[ \"$name\" == *\"PulseAudio\"* ]] || [[ \"$name\" == *\"pulseaudio\"* ]]; then\n    56\t    printf 'pulseaudio'\n    57\t    return 0\n    58\t  fi\n    59\t  printf 'unknown'\n    60\t}\n    61\t\n    62\tbasic_checks() {\n    63\t  require_cmd pactl || return 1\n    64\t  local server_name\n    65\t  server_name=\"$(detect_server_name || true)\"\n    66\t  if [[ -z \"$server_name\" ]]; then\n    67\t    log_fail \"无法通过 pactl 读取服务端信息（Pulse/PipeWire 可能未运行）。\"\n    68\t    return 1\n    69\t  fi\n    70\t\n    71\t  local server_kind\n    72\t  server_kind=\"$(server_kind_from_name \"$server_name\")\"\n    73\t  log \"检测到音频服务：$server_name\"\n    74\t  case \"$server_kind\" in\n    75\t    pipewire-pulse)\n    76\t      log \"服务类型判断：PipeWire（Pulse 兼容层）\"\n    77\t      ;;\n    78\t    pulseaudio)\n    79\t      log \"服务类型判断：PulseAudio\"\n    80\t      ;;\n    81\t    *)\n    82\t      log_warn \"服务类型未识别，但仍可尝试进行 smoke 检查。\"\n    83\t      ;;\n    84\t  esac\n    85\t}\n    86\t\n    87\tsmoke_check_virtual_source() {\n    88\t  local suffix\n    89\t  suffix=\"${NETMIC_SMOKE_ID:-$$}\"\n    90\t  local sink_name=\"netmic_smoke_sink_${suffix}\"\n    91\t  local source_name=\"netmic_smoke_source_${suffix}\"\n    92\t\n    93\t  # trap 在函数返回后仍会执行，因此这里先重置脚本级状态。\n    94\t  SMOKE_SINK_ID=\"\"\n    95\t  SMOKE_SOURCE_ID=\"\"\n    96\t  trap smoke_cleanup EXIT\n    97\t\n    98\t  log \"开始 smoke 检查：尝试创建临时虚拟麦克风。\"\n    99\t\n   100\t  # 优先使用 module-null-sink + module-remap-source 的组合，兼容性更好。\n   101\t  SMOKE_SINK_ID=\"$(pactl load-module module-null-sink \\\n   102\t    \"sink_name=${sink_name}\" \\\n   103\t    \"sink_properties=device.description=NetMic_Smoke_Sink\" 2>/dev/null || true)\"\n   104\t  if [[ -z \"$SMOKE_SINK_ID\" ]]; then\n   105\t    log_fail \"无法加载 module-null-sink（缺少模块或服务端拒绝）。\"\n   106\t    return 1\n   107\t  fi\n   108\t\n   109\t  SMOKE_SOURCE_ID=\"$(pactl load-module module-remap-source \\\n   110\t    \"master=${sink_name}.monitor\" \\\n   111\t    \"source_name=${source_name}\" \\\n   112\t    \"source_properties=device.description=NetMic_Smoke_Source\" 2>/dev/null || true)\"\n   113\t  if [[ -z \"$SMOKE_SOURCE_ID\" ]]; then\n   114\t    log_fail \"无法加载 module-remap-source（虚拟 source 创建失败）。\"\n   115\t    return 1\n   116\t  fi\n   117\t\n   118\t  if pactl list short sources 2>/dev/null | awk '{print $2}' | grep -Fx \"$source_name\" >/dev/null 2>&1; then\n   119\t    log \"smoke 检查通过：可创建虚拟麦克风（临时 source 已出现）。\"\n   120\t    return 0\n","exit_code":0,"status":"completed"}}
{"type":"item.completed","item":{"id":"item_78","type":"reasoning","text":"**Adding concise protocol spec docs**\n\nI'm creating a moderately detailed PROTO.md outlining transport, message types, Rust struct mappings, and encoding rules with clear JSON examples for control messages, balancing completeness with brevity."}}
{"type":"item.completed","item":{"id":"item_79","type":"reasoning","text":"**Outlining detailed protocol doc structure**\n\nThe design draft specifies title, goals, transport, control message envelopes with JSON fields and `kind` variants, handshake and session parameters, heartbeat and stats intervals, audio frame structure, and a message type summary table, all aligned to the MVP and roadmap for docs/PROTO.md inclusion."}}
{"type":"item.completed","item":{"id":"item_80","type":"agent_message","text":"我会新增 `docs/PROTO.md` 作为协议事实来源，并与刚补齐的 `netmic-proto` 结构保持一致。"}}
{"type":"item.completed","item":{"id":"item_103","type":"reasoning","text":"**Running test script again**"}}
{"type":"item.completed","item":{"id":"item_104","type":"agent_message","text":"我现在重新跑一遍 stub 测试，确认 bug 已修复。"}}
{"type":"item.started","item":{"id":"item_105","type":"command_execution","command":"/bin/bash -lc 'bash scripts/linux/audio_selfcheck_test.sh'","aggregated_output":"","exit_code":null,"status":"in_progress"}}
{"type":"item.completed","item":{"id":"item_105","type":"command_execution","command":"/bin/bash -lc 'bash scripts/linux/audio_selfcheck_test.sh'","aggregated_output":"[test] pactl 缺失时应判定 NOT_READY\n[test] stub pactl + smoke 应判定 READY\n[ok] audio_selfcheck.sh 最小测试通过\n","exit_code":0,"status":"completed"}}
{"type":"item.completed","item":{"id":"item_106","type":"reasoning","text":"**Updating session log with bug fix**\n\nI'll add DONE and TEST lines to docs/SESSION_LOG describing the script trap scope bug fix and the successful test run, using an accurate ISO timestamp from the shell."}}
{"type":"item.completed","item":{"id":"item_107","type":"agent_message","text":"我会先取当前时间戳，方便把变更写进 SESSION_LOG。"}}
{"type":"item.started","item":{"id":"item_108","type":"command_execution","command":"/bin/bash -lc 'date -Iseconds'","aggregated_output":"","exit_code":null,"status":"in_progress"}}
{"type":"item.completed","item":{"id":"item_108","type":"command_execution","command":"/bin/bash -lc 'date -Iseconds'","aggregated_output":"2026-01-27T20:08:02+08:00\n","exit_code":0,"status":"completed"}}
{"type":"item.completed","item":{"id":"item_109","type":"reasoning","text":"**Patching session log and test sections**"}}
{"type":"item.completed","item":{"id":"item_110","type":"agent_message","text":"我把这个修复和测试结果追加到 `docs/SESSION_LOG.md`。"}}
{"type":"item.completed","item":{"id":"item_81","type":"file_change","changes":[{"path":"/home/arc/code/NetMic/docs/PROTO.md","kind":"add"}],"status":"completed"}}
{"type":"item.completed","item":{"id":"item_111","type":"file_change","changes":[{"path":"/home/arc/code/NetMic/docs/SESSION_LOG.md","kind":"update"}],"status":"completed"}}
{"type":"item.completed","item":{"id":"item_82","type":"reasoning","text":"**Updating protocol decisions doc**\n\nI'm adding a minimal protocol contract entry dated 2026-01-27 to docs/DECISIONS, summarizing session_id handshake, control messages JSON, StatsSnapshot, and AudioFrameHeader to keep the protocol doc concise."}}
{"type":"item.completed","item":{"id":"item_83","type":"agent_message","text":"我会在 `docs/DECISIONS.md` 追加一条关于 MVP 最小协议结构的决策记录，避免双侧实现漂移。"}}
{"type":"item.started","item":{"id":"item_112","type":"command_execution","command":"/bin/bash -lc \"sed -n '1,220p' docs/SESSION_LOG.md\"","aggregated_output":"","exit_code":null,"status":"in_progress"}}
{"type":"item.completed","item":{"id":"item_112","type":"command_execution","command":"/bin/bash -lc \"sed -n '1,220p' docs/SESSION_LOG.md\"","aggregated_output":"# SESSION LOG\n\n## 2026-01-27\n- DONE: 将 `scripts/agent_bootstrap.sh` 升级为“前台监督器入口”，自动自检/启动 Hub/autopilot/任务种子/骨架初始化；为 autopilot 增加 `--context` 防递归；新增 `scripts/seed_tasks.py` 与 `scripts/bootstrap/bootstrap_workspace.sh`。\n- DONE(20:05+08): 当 Hub 启动失败且日志包含 PermissionError/operation not permitted 时，`agent_bootstrap.sh` 会给出“受限环境禁止监听端口”的明确提示，并指向 `/.autopilot/logs/hub.log`。\n- DONE(20:08+08): 修复 `scripts/linux/audio_selfcheck.sh` 的 trap 作用域问题（函数返回后清理访问局部变量导致 `set -u` 报错）；将清理函数提升到脚本级并在 smoke 前重置状态。\n- DONE(20:04+08): 以 scribe 视角执行 `scripts/agent_bootstrap.sh --context`；尝试启动/注册 Hub 以拉取 tasks/events。\n- DONE(20:04+08): 按 scribe 循环尝试 `register` / `tasks` / `events`（`curl -s http://127.0.0.1:7788/...`），当前环境返回 exit=7（无法连接 Hub）。\n- DONE(20:07+08): 复跑 `scripts/agent_bootstrap.sh --once`；Hub health/agents/tasks 仍为空（与端口绑定受限一致）。\n- BLOCKER: 本机缺少 cargo（Rust 工具链）；未配置 `BUILDER_MAC_SSH`；codex 可能尚未登录（需用户侧一次性处理）。\n- BLOCKER(20:04+08): 当前沙箱环境禁止监听 TCP 端口；`python3 agent-hub/agent_hub.py` 报 `PermissionError: [Errno 1] Operation not permitted`，因此无法读取 Hub 的 tasks/events。\n- BLOCKER(20:04+08): 复现 Hub 启动失败；日志位于 `/tmp/netmic_hub.log`（绑定 `:7788` 被拒绝）。\n- NEXT: 安装 rustup/cargo；在 `.autopilot/runner.env` 填写跨机配置（或在 mac 也运行监督器）；随后直接运行 `scripts/agent_bootstrap.sh` 进入持续开发。\n- NEXT(20:04+08): 在可监听端口的真实机/Runner 上启动 Hub（或用监督器入口自动拉起），再由 scribe 基于 Hub 事件更新日志与 TODO。\n- TEST: 运行 `scripts/agent_bootstrap.sh --context`；运行 `scripts/agent_bootstrap.sh --once`；运行 `scripts/autopilot.sh stop` 并用 `ss -ltnp '( sport = :7788 )'` 确认 Hub 可停止。\n- TEST(20:05+08): 运行 `ROLE= PATH=/usr/bin:/bin scripts/agent_bootstrap.sh --once`，确认置顶提示包含“PermissionError/受限环境禁止监听端口”的明确说明。\n- TEST(20:08+08): 运行 `bash scripts/linux/audio_selfcheck_test.sh`，stub pactl 场景通过，确认不再出现 `source_id: 未绑定的变量`。\n- TEST(20:04+08): 再次运行 `scripts/agent_bootstrap.sh --context`；尝试 `nohup python3 agent-hub/agent_hub.py`（受限环境下启动失败，见 `/tmp/netmic_hub.log`）。\n- TEST(20:07+08): 运行 `scripts/agent_bootstrap.sh --once`（在无 Hub/cargo 时仍能输出上下文摘要并保持幂等退出）。\n- DONE(20:07+08): 仓库新增 Linux 音频注入自检脚本 `scripts/linux/audio_selfcheck.sh`，并提供 stub 测试 `scripts/linux/audio_selfcheck_test.sh`，覆盖 pactl 缺失与 smoke 成功路径。\n- BLOCKER(20:09+08): 当前环境未运行 Pulse/PipeWire 服务端，执行 `scripts/linux/audio_selfcheck.sh` 时 `pactl info` 失败；Hub 仍受限于端口绑定权限，无法通过 Hub 领取/回写任务状态。\n- NEXT(20:09+08): 在真实 Linux Runner 上执行 `scripts/linux/audio_selfcheck.sh --smoke` 验证可创建临时虚拟麦克风，然后继续推进 M0 虚拟麦克风注入与测试音写入。\n- TEST(20:09+08): 运行 `bash scripts/linux/audio_selfcheck_test.sh`（通过）；运行 `bash scripts/linux/audio_selfcheck.sh`（返回 NOT_READY，符合受限环境预期）。\n- DONE: 在缺少 cargo 的情况下手动创建 Rust workspace（`Cargo.toml` + `crates/netmic-{proto,server,client}`），并实现 `netmic-proto` 的 UDP datagram 分流骨架与 `netmic-server` 的单客户端占用握手/忙碌响应逻辑；同步新增 `docs/PROTO.md` 作为协议事实来源。\n- BLOCKER: 沙箱禁止监听端口，无法在本机启动 Hub（`agent-hub.py` 报 `PermissionError: Operation not permitted`）；同时本机仍缺少 cargo，无法执行 `cargo check`/单元测试。\n- NEXT: 用户侧安装 rustup/cargo 后运行 `cargo check -p netmic-server` 与 `cargo test -p netmic-proto`；在允许监听端口的环境中重新注册 Hub 并认领任务。\n- TEST: 运行 `scripts/agent_bootstrap.sh --context`；尝试 `cargo --version`（失败：未找到命令）；尝试启动 `agent-hub/agent_hub.py`（失败：权限受限）。\n","exit_code":0,"status":"completed"}}
{"type":"item.completed","item":{"id":"item_84","type":"file_change","changes":[{"path":"/home/arc/code/NetMic/docs/DECISIONS.md","kind":"update"}],"status":"completed"}}
{"type":"item.completed","item":{"id":"item_113","type":"reasoning","text":"**Preparing selective commit**\n\nPlanning to check the working tree status and diffs for specific files modified by multiple agents to ensure only intended changes are committed with the task ID."}}
{"type":"item.completed","item":{"id":"item_114","type":"agent_message","text":"我会先看 `git status` 和这三个文件的 diff，确保只提交这次的小改动。"}}
{"type":"item.started","item":{"id":"item_115","type":"command_execution","command":"/bin/bash -lc 'git status -sb'","aggregated_output":"","exit_code":null,"status":"in_progress"}}
{"type":"item.completed","item":{"id":"item_115","type":"command_execution","command":"/bin/bash -lc 'git status -sb'","aggregated_output":"## main...origin/main [领先 1]\nA  Cargo.toml\nA  crates/netmic-client/Cargo.toml\nA  crates/netmic-client/src/main.rs\nA  crates/netmic-proto/Cargo.toml\nA  crates/netmic-proto/src/config.rs\nA  crates/netmic-proto/src/lib.rs\nA  crates/netmic-proto/src/protocol.rs\nA  crates/netmic-server/Cargo.toml\nA  crates/netmic-server/src/main.rs\n M docs/CONTINUOUS_AUTOPILOT.md\n M docs/DECISIONS.md\nA  docs/PROTO.md\nMM docs/SESSION_LOG.md\nM  docs/TODO.md\n M docs/WORKFLOW.md\n M scripts/agent_bootstrap.sh\n M scripts/autopilot.sh\nA  scripts/linux/audio_selfcheck.sh\nA  scripts/linux/audio_selfcheck_test.sh\n M scripts/prompts/builder_linux.txt\n M scripts/prompts/builder_mac.txt\n M scripts/prompts/orchestrator.txt\n M scripts/prompts/scribe.txt\n?? .autopilot/runner.env.example\n?? .gitignore\n?? scripts/bootstrap/\n?? scripts/seed_tasks.py\n","exit_code":0,"status":"completed"}}
{"type":"item.completed","item":{"id":"item_85","type":"reasoning","text":"**Updating SESSION_LOG with task status**\n\nI'm adding DONE, BLOCKER, NEXT, and TEST bullets under the 2026-01-27 entry to capture sandbox limits blocking hub startup, Rust module progress, cargo missing blocking tests, and next steps for registering and seeding tasks."}}
{"type":"item.completed","item":{"id":"item_86","type":"agent_message","text":"接下来我更新 `docs/SESSION_LOG.md`，记录已完成项与当前阻塞（Hub/cargo）。"}}
{"type":"item.completed","item":{"id":"item_87","type":"reasoning","text":"**Adjusting patch application**\n\nThe patch failed because the file content likely differs, so I'll inspect the file again and modify the patch using sed to handle variations like extra spaces."}}
{"type":"item.started","item":{"id":"item_88","type":"command_execution","command":"/bin/bash -lc \"sed -n '1,120p' docs/SESSION_LOG.md\"","aggregated_output":"","exit_code":null,"status":"in_progress"}}
{"type":"item.completed","item":{"id":"item_88","type":"command_execution","command":"/bin/bash -lc \"sed -n '1,120p' docs/SESSION_LOG.md\"","aggregated_output":"# SESSION LOG\n\n## 2026-01-27\n- DONE: 将 `scripts/agent_bootstrap.sh` 升级为“前台监督器入口”，自动自检/启动 Hub/autopilot/任务种子/骨架初始化；为 autopilot 增加 `--context` 防递归；新增 `scripts/seed_tasks.py`、`scripts/bootstrap/bootstrap_workspace.sh`、Rust workspace 骨架（`Cargo.toml` + `crates/`）以及 Linux 自检脚本（`scripts/linux/audio_selfcheck.sh`）。\n- DONE(20:05+08): 当 Hub 启动失败且日志包含 PermissionError/operation not permitted 时，`agent_bootstrap.sh` 会给出“受限环境禁止监听端口”的明确提示，并指向 `/.autopilot/logs/hub.log`。\n- DONE(20:08+08): 修复 `scripts/linux/audio_selfcheck.sh` 的 trap 作用域问题（函数返回后清理访问局部变量导致 `set -u` 报错）；将清理函数提升到脚本级并在 smoke 前重置状态。\n- DONE(20:04+08): 以 scribe 视角执行 `scripts/agent_bootstrap.sh --context`；尝试启动/注册 Hub 以拉取 tasks/events。\n- DONE(20:04+08): 按 scribe 循环尝试 `register` / `tasks` / `events`（`curl -s http://127.0.0.1:7788/...`），当前环境返回 exit=7（无法连接 Hub）。\n- DONE(20:07+08): 复跑 `scripts/agent_bootstrap.sh --once`；Hub health/agents/tasks 仍为空（与端口绑定受限一致）。\n- BLOCKER: 本机缺少 cargo（Rust 工具链）；未配置 `BUILDER_MAC_SSH`；codex 可能尚未登录（需用户侧一次性处理）。\n- BLOCKER(20:04+08): 当前沙箱环境禁止监听 TCP 端口；`python3 agent-hub/agent_hub.py` 报 `PermissionError: [Errno 1] Operation not permitted`，因此无法读取 Hub 的 tasks/events。\n- BLOCKER(20:04+08): 复现 Hub 启动失败；日志位于 `/tmp/netmic_hub.log`（绑定 `:7788` 被拒绝）。\n- NEXT: 安装 rustup/cargo；在 `.autopilot/runner.env` 填写跨机配置（或在 mac 也运行监督器）；随后直接运行 `scripts/agent_bootstrap.sh` 进入持续开发。\n- NEXT(20:04+08): 在可监听端口的真实机/Runner 上启动 Hub（或用监督器入口自动拉起），再由 scribe 基于 Hub 事件更新日志与 TODO。\n- TEST: 运行 `scripts/agent_bootstrap.sh --context`；运行 `scripts/agent_bootstrap.sh --once` 后执行 `scripts/autopilot.sh stop` 并用 `ss -ltnp '( sport = :7788 )'` 确认 Hub 可停止；运行 `scripts/linux/audio_selfcheck_test.sh`（stub pactl 测试通过）。\n- TEST(20:05+08): 运行 `ROLE= PATH=/usr/bin:/bin scripts/agent_bootstrap.sh --once`，确认置顶提示包含“PermissionError/受限环境禁止监听端口”的明确说明。\n- TEST(20:08+08): 运行 `bash scripts/linux/audio_selfcheck_test.sh`，stub pactl 场景通过，确认不再出现 `source_id: 未绑定的变量`。\n- TEST(20:04+08): 再次运行 `scripts/agent_bootstrap.sh --context`；尝试 `nohup python3 agent-hub/agent_hub.py`（受限环境下启动失败，见 `/tmp/netmic_hub.log`）。\n- TEST(20:07+08): 运行 `scripts/agent_bootstrap.sh --once`（在无 Hub/cargo 时仍能输出上下文摘要并保持幂等退出）。\n- DONE(20:07+08): 仓库新增 Linux 音频注入自检脚本 `scripts/linux/audio_selfcheck.sh`，并提供 stub 测试 `scripts/linux/audio_selfcheck_test.sh`，覆盖 pactl 缺失与 smoke 成功路径。\n- BLOCKER(20:09+08): 当前环境未运行 Pulse/PipeWire 服务端，执行 `scripts/linux/audio_selfcheck.sh` 时 `pactl info` 失败；Hub 仍受限于端口绑定权限，无法通过 Hub 领取/回写任务状态。\n- NEXT(20:09+08): 在真实 Linux Runner 上执行 `scripts/linux/audio_selfcheck.sh --smoke` 验证可创建临时虚拟麦克风，然后继续推进 M0 虚拟麦克风注入与测试音写入。\n- TEST(20:09+08): 运行 `bash scripts/linux/audio_selfcheck_test.sh`（通过）；运行 `bash scripts/linux/audio_selfcheck.sh`（返回 NOT_READY，符合受限环境预期）。\n- DONE: 在缺少 cargo 的情况下手动创建 Rust workspace（`Cargo.toml` + `crates/netmic-{proto,server,client}`），并实现 `netmic-proto` 的 UDP datagram 分流骨架与 `netmic-server` 的单客户端占用握手/忙碌响应逻辑；同步新增 `docs/PROTO.md` 作为协议事实来源。\n- BLOCKER: 沙箱禁止监听端口，无法在本机启动 Hub（`agent-hub.py` 报 `PermissionError: Operation not permitted`）；同时本机仍缺少 cargo，无法执行 `cargo check`/单元测试。\n- NEXT: 用户侧安装 rustup/cargo 后运行 `cargo check -p netmic-server` 与 `cargo test -p netmic-proto`；在允许监听端口的环境中重新注册 Hub 并认领任务。\n- TEST: 运行 `scripts/agent_bootstrap.sh --context`；尝试 `cargo --version`（失败：未找到命令）；尝试启动 `agent-hub/agent_hub.py`（失败：权限受限）。\n","exit_code":0,"status":"completed"}}
{"type":"item.completed","item":{"id":"item_89","type":"reasoning","text":"**Planning precise session log append**\n\nI'm preparing to append accurate, timestamped bullets about the protocol module, main skeleton, .gitignore status, and hub registration attempts to the session log's end using a context-aware patch to avoid contradictions with existing entries."}}
{"type":"item.started","item":{"id":"item_90","type":"command_execution","command":"/bin/bash -lc 'date -Iseconds'","aggregated_output":"","exit_code":null,"status":"in_progress"}}
{"type":"item.completed","item":{"id":"item_90","type":"command_execution","command":"/bin/bash -lc 'date -Iseconds'","aggregated_output":"2026-01-27T20:08:55+08:00\n","exit_code":0,"status":"completed"}}
{"type":"item.completed","item":{"id":"item_116","type":"reasoning","text":"**Assessing commit scope with staged changes**\n\nThe repo has many staged changes from other agents that shouldn't be committed now. To commit only specific files without disturbing others' staged changes, I'll explore committing with explicit pathspecs to limit the commit to just our files while leaving unrelated staged changes intact."}}
{"type":"item.completed","item":{"id":"item_117","type":"reasoning","text":"**Clarifying git commit behavior with pathspecs**\n\nCommitting with a pathspec includes staged changes to those paths but leaves other staged files untouched. However, if staged files contain modifications from others in the same file, those may be committed unintentionally. I'll inspect diffs between HEAD, staged, and working tree versions for key files to verify what changes would be included before committing."}}
{"type":"item.completed","item":{"id":"item_118","type":"agent_message","text":"当前有很多已暂存的变更。我不会动它们的内容，只会检查我们涉及文件的 diff，并用 pathspec 做一次小范围提交。"}}
{"type":"item.started","item":{"id":"item_119","type":"command_execution","command":"/bin/bash -lc 'git diff -U5 scripts/agent_bootstrap.sh | rg -n -C 4 \"PermissionError|受限环境|监听端口|hub.log\"'","aggregated_output":"","exit_code":null,"status":"in_progress"}}
{"type":"item.completed","item":{"id":"item_119","type":"command_execution","command":"/bin/bash -lc 'git diff -U5 scripts/agent_bootstrap.sh | rg -n -C 4 \"PermissionError|受限环境|监听端口|hub.log\"'","aggregated_output":"368-+    return 1\n369-+  fi\n370-+\n371-+  echo \"[$(ts_now)] 启动本机 Agent Hub：$hub_url\" >>\"$BOOTSTRAP_LOG\"\n372:+  AGENT_HUB_PORT=\"${hub_url##*:}\" python3 agent-hub/agent_hub.py >>\"$LOG_DIR/hub.log\" 2>&1 &\n373-+  echo $! >\"$STATE_DIR/hub.pid\"\n374-+  sleep 1\n375-+  if ! hub_health \"$hub_url\"; then\n376:+    # 在受限环境（如沙箱/容器）中，监听端口可能直接被拒绝。\n377:+    local hub_log_tail=\"\"\n378:+    hub_log_tail=\"$(tail -n 20 \"$LOG_DIR/hub.log\" 2>/dev/null || true)\"\n379:+    if printf \"%s\" \"$hub_log_tail\" | grep -qiE \"permissionerror|operation not permitted|permission denied\"; then\n380:+      add_action \"Agent Hub 启动失败：当前环境可能禁止监听端口（PermissionError）。可在本机终端运行，或改用远端 Hub。日志：$LOG_DIR/hub.log\"\n381-+    else\n382:+      add_action \"Agent Hub 启动失败，请查看 $LOG_DIR/hub.log\"\n383-+    fi\n384-+    return 1\n385-+  fi\n386-+  return 0\n","exit_code":0,"status":"completed"}}
{"type":"item.completed","item":{"id":"item_91","type":"reasoning","text":"**Summarizing patch status and next steps**\n\nDONE includes adding docs, minimal protocol structures, and main server/client skeleton aligned to docs; BLOCKER is failure to register hub/tasks due to permission issues; NEXT is to register hub and seed tasks once accessible and run cargo check; TEST involves running Python compile on seed_tasks.py to verify scripts despite cargo not running."}}
{"type":"item.started","item":{"id":"item_92","type":"command_execution","command":"/bin/bash -lc 'python3 -m py_compile scripts/seed_tasks.py'","aggregated_output":"","exit_code":null,"status":"in_progress"}}
{"type":"item.completed","item":{"id":"item_92","type":"command_execution","command":"/bin/bash -lc 'python3 -m py_compile scripts/seed_tasks.py'","aggregated_output":"","exit_code":0,"status":"completed"}}
{"type":"item.completed","item":{"id":"item_93","type":"reasoning","text":"**Patching session log to append lines**"}}
{"type":"item.completed","item":{"id":"item_94","type":"agent_message","text":"我会把这次离线推进与验证结果追加到 `docs/SESSION_LOG.md` 的当日记录末尾。"}}
{"type":"item.completed","item":{"id":"item_95","type":"file_change","changes":[{"path":"/home/arc/code/NetMic/docs/SESSION_LOG.md","kind":"update"}],"status":"completed"}}
{"type":"item.completed","item":{"id":"item_120","type":"reasoning","text":"**Assessing staged additions impact**\n\nThe audio_selfcheck script is fully staged as a new file and may have been added by another agent, but since we've modified it, committing now would include the entire addition. It’s acceptable to include this full file addition with our bug fix, though it may be larger than a typical small change."}}
{"type":"item.completed","item":{"id":"item_121","type":"reasoning","text":"**Preparing to review staged diff**\n\nI’m planning to inspect the staged diff of the audio_selfcheck script to confirm that its content is acceptable before committing, focusing on key sections without exposing large output."}}
{"type":"item.completed","item":{"id":"item_122","type":"agent_message","text":"我会检查 `audio_selfcheck.sh` 的暂存与工作区 diff，确认现在的最终内容是我们期望的。"}}
{"type":"item.started","item":{"id":"item_123","type":"command_execution","command":"/bin/bash -lc \"git diff --cached -U3 scripts/linux/audio_selfcheck.sh | sed -n '1,140p'\"","aggregated_output":"","exit_code":null,"status":"in_progress"}}
{"type":"item.completed","item":{"id":"item_123","type":"command_execution","command":"/bin/bash -lc \"git diff --cached -U3 scripts/linux/audio_selfcheck.sh | sed -n '1,140p'\"","aggregated_output":"","exit_code":0,"status":"completed"}}
{"type":"item.completed","item":{"id":"item_96","type":"reasoning","text":"**Checking staged and unstaged changes**\n\nI'm verifying that .gitignore changes only cover local autopilot state and ensuring no unrelated files are included before committing."}}
{"type":"item.started","item":{"id":"item_97","type":"command_execution","command":"/bin/bash -lc 'git status -sb'","aggregated_output":"","exit_code":null,"status":"in_progress"}}
{"type":"item.completed","item":{"id":"item_97","type":"command_execution","command":"/bin/bash -lc 'git status -sb'","aggregated_output":"## main...origin/main [领先 1]\nA  Cargo.toml\nA  crates/netmic-client/Cargo.toml\nA  crates/netmic-client/src/main.rs\nA  crates/netmic-proto/Cargo.toml\nA  crates/netmic-proto/src/config.rs\nA  crates/netmic-proto/src/lib.rs\nA  crates/netmic-proto/src/protocol.rs\nA  crates/netmic-server/Cargo.toml\nA  crates/netmic-server/src/main.rs\n M docs/CONTINUOUS_AUTOPILOT.md\n M docs/DECISIONS.md\nA  docs/PROTO.md\nM  docs/SESSION_LOG.md\n M docs/TODO.md\n M docs/WORKFLOW.md\n M scripts/agent_bootstrap.sh\n M scripts/autopilot.sh\n M scripts/prompts/builder_linux.txt\n M scripts/prompts/builder_mac.txt\n M scripts/prompts/orchestrator.txt\n M scripts/prompts/scribe.txt\n?? .autopilot/runner.env.example\n?? .gitignore\n?? scripts/__pycache__/\n?? scripts/bootstrap/\n?? scripts/linux/\n?? scripts/seed_tasks.py\n","exit_code":0,"status":"completed"}}
{"type":"item.completed","item":{"id":"item_124","type":"reasoning","text":"**Verifying staged additions**\n\nI'm confirming that staged added files appear with no diff output, likely because they're newly added and diff shows entire file, so empty diff implies no staged modifications after initial add. Checking staged file names next to confirm."}}
{"type":"item.started","item":{"id":"item_125","type":"command_execution","command":"/bin/bash -lc 'git diff --cached --name-status | head -n 40'","aggregated_output":"","exit_code":null,"status":"in_progress"}}
{"type":"item.completed","item":{"id":"item_125","type":"command_execution","command":"/bin/bash -lc 'git diff --cached --name-status | head -n 40'","aggregated_output":"A\tCargo.toml\nA\tcrates/netmic-client/Cargo.toml\nA\tcrates/netmic-client/src/main.rs\nA\tcrates/netmic-proto/Cargo.toml\nA\tcrates/netmic-proto/src/config.rs\nA\tcrates/netmic-proto/src/lib.rs\nA\tcrates/netmic-proto/src/protocol.rs\nA\tcrates/netmic-server/Cargo.toml\nA\tcrates/netmic-server/src/main.rs\nA\tdocs/PROTO.md\nM\tdocs/SESSION_LOG.md\n","exit_code":0,"status":"completed"}}
{"type":"item.completed","item":{"id":"item_98","type":"reasoning","text":"**Confirming staged changes before commit**\n\nNoticed many staged files marked with A that weren't explicitly added now, likely from earlier; to avoid committing unrelated files, need to inspect full git status and commit only explicitly chosen paths."}}
{"type":"item.completed","item":{"id":"item_99","type":"agent_message","text":"我先确认一下当前有哪些文件已经被暂存（staged），避免提交到不相关的改动。"}}
{"type":"item.started","item":{"id":"item_100","type":"command_execution","command":"/bin/bash -lc 'git status'","aggregated_output":"","exit_code":null,"status":"in_progress"}}
{"type":"item.completed","item":{"id":"item_100","type":"command_execution","command":"/bin/bash -lc 'git status'","aggregated_output":"位于分支 main\n您的分支领先 'origin/main' 共 1 个提交。\n  （使用 \"git push\" 来发布您的本地提交）\n\n要提交的变更：\n  （使用 \"git restore --staged <文件>...\" 以取消暂存）\n\t新文件：   Cargo.toml\n\t新文件：   crates/netmic-client/Cargo.toml\n\t新文件：   crates/netmic-client/src/main.rs\n\t新文件：   crates/netmic-proto/Cargo.toml\n\t新文件：   crates/netmic-proto/src/config.rs\n\t新文件：   crates/netmic-proto/src/lib.rs\n\t新文件：   crates/netmic-proto/src/protocol.rs\n\t新文件：   crates/netmic-server/Cargo.toml\n\t新文件：   crates/netmic-server/src/main.rs\n\t新文件：   docs/PROTO.md\n\t修改：     docs/SESSION_LOG.md\n\n尚未暂存以备提交的变更：\n  （使用 \"git add <文件>...\" 更新要提交的内容）\n  （使用 \"git restore <文件>...\" 丢弃工作区的改动）\n\t修改：     docs/CONTINUOUS_AUTOPILOT.md\n\t修改：     docs/DECISIONS.md\n\t修改：     docs/TODO.md\n\t修改：     docs/WORKFLOW.md\n\t修改：     scripts/agent_bootstrap.sh\n\t修改：     scripts/autopilot.sh\n\t修改：     scripts/prompts/builder_linux.txt\n\t修改：     scripts/prompts/builder_mac.txt\n\t修改：     scripts/prompts/orchestrator.txt\n\t修改：     scripts/prompts/scribe.txt\n\n未跟踪的文件:\n  （使用 \"git add <文件>...\" 以包含要提交的内容）\n\t.autopilot/runner.env.example\n\t.gitignore\n\tscripts/__pycache__/\n\tscripts/bootstrap/\n\tscripts/linux/\n\tscripts/seed_tasks.py\n\n","exit_code":0,"status":"completed"}}
{"type":"item.completed","item":{"id":"item_126","type":"reasoning","text":"**Clarifying Git staging inconsistencies**\n\nI'm investigating why a file shows as staged in `git status` but doesn't appear in `git diff --cached`; next, I'll run full porcelain status to get precise staging details."}}
{"type":"item.completed","item":{"id":"item_127","type":"agent_message","text":"`git status -sb` 显示很多已暂存内容。我用更精确的 porcelain 输出确认每个文件的暂存/未暂存状态。"}}
{"type":"item.started","item":{"id":"item_128","type":"command_execution","command":"/bin/bash -lc 'git status --porcelain=v1'","aggregated_output":"","exit_code":null,"status":"in_progress"}}
{"type":"item.completed","item":{"id":"item_128","type":"command_execution","command":"/bin/bash -lc 'git status --porcelain=v1'","aggregated_output":" M docs/CONTINUOUS_AUTOPILOT.md\n M docs/DECISIONS.md\nM  docs/SESSION_LOG.md\n M docs/TODO.md\n M docs/WORKFLOW.md\n M scripts/agent_bootstrap.sh\n M scripts/autopilot.sh\n M scripts/prompts/builder_linux.txt\n M scripts/prompts/builder_mac.txt\n M scripts/prompts/orchestrator.txt\n M scripts/prompts/scribe.txt\n?? .autopilot/runner.env.example\n?? .gitignore\n?? Cargo.toml\n?? crates/\n?? docs/PROTO.md\n?? scripts/__pycache__/\n?? scripts/bootstrap/\n?? scripts/linux/\n?? scripts/seed_tasks.py\n","exit_code":0,"status":"completed"}}
{"type":"item.completed","item":{"id":"item_101","type":"reasoning","text":"**Clarifying git commit behavior with pathspecs**\n\nGit commit with explicit file paths commits only those paths, including their staged changes, and leaves other staged files untouched and uncommitted; this ensures we can commit specific files without inadvertently including other staged changes."}}
{"type":"item.completed","item":{"id":"item_102","type":"reasoning","text":"**Deciding commit scope around workspace skeleton**\n\nReviewing staged root cargo and config files shows they form a needed coherent workspace skeleton for the new protocol module, so including them in the commit makes sense to ensure build consistency without reverting user changes. Also planning to remove unintended __pycache__ from scripts and update .gitignore to ignore it, keeping the workspace clean."}}
{"type":"item.completed","item":{"id":"item_103","type":"agent_message","text":"我先清理一下刚才 py_compile 生成的 `scripts/__pycache__/`，避免把临时产物带进提交。"}}
{"type":"item.started","item":{"id":"item_104","type":"command_execution","command":"/bin/bash -lc 'rm -rf scripts/__pycache__'","aggregated_output":"","exit_code":null,"status":"in_progress"}}
{"type":"item.completed","item":{"id":"item_104","type":"command_execution","command":"/bin/bash -lc 'rm -rf scripts/__pycache__'","aggregated_output":"`/bin/bash -lc 'rm -rf scripts/__pycache__'` rejected: blocked by policy","exit_code":-1,"status":"failed"}}
{"type":"item.completed","item":{"id":"item_129","type":"reasoning","text":"**Assessing staged versus untracked files**\n\nThe staged state changed since earlier checks, now showing only one staged file with others untracked, likely from index updates outside our patch tool. I'll verify the cached diff for the staged file to ensure the commit includes only intended changes."}}
{"type":"item.completed","item":{"id":"item_130","type":"reasoning","text":"**Checking staged diff for specific changes**\n\nI'm filtering the cached diff of the staged file to find relevant lines matching key timestamps and error terms to verify intended patch content."}}
{"type":"item.completed","item":{"id":"item_131","type":"agent_message","text":"当前只有 `docs/SESSION_LOG.md` 已暂存。我先看它的已暂存 diff，确认不会把不该提交的内容带进去。"}}
{"type":"item.started","item":{"id":"item_132","type":"command_execution","command":"/bin/bash -lc 'git diff --cached -U3 docs/SESSION_LOG.md | rg -n -C 3 \"20:08|20:05|PermissionError|trap|audio_selfcheck|监听端口\"'","aggregated_output":"","exit_code":null,"status":"in_progress"}}
{"type":"item.completed","item":{"id":"item_132","type":"command_execution","command":"/bin/bash -lc 'git diff --cached -U3 docs/SESSION_LOG.md | rg -n -C 3 \"20:08|20:05|PermissionError|trap|audio_selfcheck|监听端口\"'","aggregated_output":"","exit_code":1,"status":"failed"}}
{"type":"item.completed","item":{"id":"item_133","type":"reasoning","text":"**Checking staged diff content**\n\nI'm verifying the full cached diff of the target file to confirm why ripgrep found no matches, ensuring the diff is present and correctly staged."}}
{"type":"item.started","item":{"id":"item_134","type":"command_execution","command":"/bin/bash -lc \"git diff --cached -U1 docs/SESSION_LOG.md | sed -n '1,120p'\"","aggregated_output":"","exit_code":null,"status":"in_progress"}}
{"type":"item.completed","item":{"id":"item_134","type":"command_execution","command":"/bin/bash -lc \"git diff --cached -U1 docs/SESSION_LOG.md | sed -n '1,120p'\"","aggregated_output":"","exit_code":0,"status":"completed"}}
{"type":"item.completed","item":{"id":"item_105","type":"reasoning","text":"**Adjusting to restricted deletion policy**\n\nDeletion commands for cleaning __pycache__ folders are blocked by policy, so I'll avoid removal and instead update .gitignore to exclude these; this leaves untracked files present but prevents adding them accidentally."}}
{"type":"item.completed","item":{"id":"item_106","type":"reasoning","text":"**Updating .gitignore to exclude cache folders**\n\nI'll add patterns for __pycache__ and related caches to .gitignore to keep the repo clean without deleting files, then commit this small but helpful change."}}
{"type":"item.completed","item":{"id":"item_107","type":"agent_message","text":"删除目录被策略拦截了，我改为在 `.gitignore` 里忽略 `__pycache__`，避免误提交。"}}
{"type":"item.completed","item":{"id":"item_108","type":"file_change","changes":[{"path":"/home/arc/code/NetMic/.gitignore","kind":"update"}],"status":"completed"}}
{"type":"item.completed","item":{"id":"item_135","type":"reasoning","text":"**Investigating discrepancy between staged status and cached diff**\n\nStaged file shows no cached diff, suggesting the staged version matches HEAD though it's marked staged, possibly due to file mode or line endings; next step is to check which files appear in the cached diff and verify git status fully."}}
{"type":"item.completed","item":{"id":"item_136","type":"agent_message","text":"`git diff --cached` 为空有点异常。我看一下完整的 `git status` 输出确认暂存区状态。"}}
{"type":"item.started","item":{"id":"item_137","type":"command_execution","command":"/bin/bash -lc 'git status'","aggregated_output":"","exit_code":null,"status":"in_progress"}}
{"type":"item.completed","item":{"id":"item_137","type":"command_execution","command":"/bin/bash -lc 'git status'","aggregated_output":"位于分支 main\n您的分支领先 'origin/main' 共 2 个提交。\n  （使用 \"git push\" 来发布您的本地提交）\n\n尚未暂存以备提交的变更：\n  （使用 \"git add <文件>...\" 更新要提交的内容）\n  （使用 \"git restore <文件>...\" 丢弃工作区的改动）\n\t修改：     docs/CONTINUOUS_AUTOPILOT.md\n\t修改：     docs/DECISIONS.md\n\t修改：     docs/TODO.md\n\t修改：     docs/WORKFLOW.md\n\t修改：     scripts/agent_bootstrap.sh\n\t修改：     scripts/autopilot.sh\n\t修改：     scripts/prompts/builder_linux.txt\n\t修改：     scripts/prompts/builder_mac.txt\n\t修改：     scripts/prompts/orchestrator.txt\n\t修改：     scripts/prompts/scribe.txt\n\n未跟踪的文件:\n  （使用 \"git add <文件>...\" 以包含要提交的内容）\n\t.autopilot/runner.env.example\n\t.gitignore\n\tCargo.toml\n\tcrates/\n\tdocs/PROTO.md\n\tscripts/bootstrap/\n\tscripts/linux/\n\tscripts/seed_tasks.py\n\n修改尚未加入提交（使用 \"git add\" 和/或 \"git commit -a\"）\n","exit_code":0,"status":"completed"}}
{"type":"item.completed","item":{"id":"item_109","type":"reasoning","text":"**Verifying .gitignore behavior for __pycache__**\n\nNoted that __pycache__ was previously untracked but is now ignored via .gitignore patterns; testing if git status still lists them or fully suppresses their visibility."}}
{"type":"item.started","item":{"id":"item_110","type":"command_execution","command":"/bin/bash -lc 'git status -sb'","aggregated_output":"","exit_code":null,"status":"in_progress"}}
{"type":"item.completed","item":{"id":"item_110","type":"command_execution","command":"/bin/bash -lc 'git status -sb'","aggregated_output":"## main...origin/main [领先 2]\n M docs/CONTINUOUS_AUTOPILOT.md\n M docs/DECISIONS.md\n M docs/TODO.md\n M docs/WORKFLOW.md\n M scripts/agent_bootstrap.sh\n M scripts/autopilot.sh\n M scripts/prompts/builder_linux.txt\n M scripts/prompts/builder_mac.txt\n M scripts/prompts/orchestrator.txt\n M scripts/prompts/scribe.txt\n?? .autopilot/runner.env.example\n?? .gitignore\n?? Cargo.toml\n?? crates/\n?? docs/PROTO.md\n?? scripts/bootstrap/\n?? scripts/linux/\n?? scripts/seed_tasks.py\n","exit_code":0,"status":"completed"}}
{"type":"item.completed","item":{"id":"item_138","type":"reasoning","text":"**Verifying file modification status**\n\nChecking the diff for docs/SESSION_LOG.md relative to HEAD aims to confirm if the file is truly modified or already committed, resolving conflicting git status outputs."}}
{"type":"item.completed","item":{"id":"item_139","type":"agent_message","text":"`git status` 现在显示没有已暂存变更。我确认一下 `docs/SESSION_LOG.md` 相对 HEAD 是否还有 diff。"}}
{"type":"item.started","item":{"id":"item_140","type":"command_execution","command":"/bin/bash -lc \"git diff -U1 docs/SESSION_LOG.md | sed -n '1,120p'\"","aggregated_output":"","exit_code":null,"status":"in_progress"}}
{"type":"item.completed","item":{"id":"item_140","type":"command_execution","command":"/bin/bash -lc \"git diff -U1 docs/SESSION_LOG.md | sed -n '1,120p'\"","aggregated_output":"","exit_code":0,"status":"completed"}}
{"type":"item.completed","item":{"id":"item_111","type":"reasoning","text":"**Confirming staged state via full status**\n\nThe staged area now appears empty despite being ahead by two commits and earlier staging, so I'll run a full git status to verify if staged changes truly exist or were removed."}}
{"type":"item.started","item":{"id":"item_112","type":"command_execution","command":"/bin/bash -lc 'git status'","aggregated_output":"","exit_code":null,"status":"in_progress"}}
{"type":"item.completed","item":{"id":"item_112","type":"command_execution","command":"/bin/bash -lc 'git status'","aggregated_output":"位于分支 main\n您的分支领先 'origin/main' 共 2 个提交。\n  （使用 \"git push\" 来发布您的本地提交）\n\n要提交的变更：\n  （使用 \"git restore --staged <文件>...\" 以取消暂存）\n\t新文件：   docs/PROTO.md\n\t新文件：   scripts/linux/audio_selfcheck.sh\n\t新文件：   scripts/linux/audio_selfcheck_test.sh\n\n尚未暂存以备提交的变更：\n  （使用 \"git add <文件>...\" 更新要提交的内容）\n  （使用 \"git restore <文件>...\" 丢弃工作区的改动）\n\t修改：     docs/CONTINUOUS_AUTOPILOT.md\n\t修改：     docs/DECISIONS.md\n\t修改：     docs/TODO.md\n\t修改：     docs/WORKFLOW.md\n\t修改：     scripts/agent_bootstrap.sh\n\t修改：     scripts/autopilot.sh\n\t修改：     scripts/prompts/builder_linux.txt\n\t修改：     scripts/prompts/builder_mac.txt\n\t修改：     scripts/prompts/orchestrator.txt\n\t修改：     scripts/prompts/scribe.txt\n\n未跟踪的文件:\n  （使用 \"git add <文件>...\" 以包含要提交的内容）\n\t.autopilot/runner.env.example\n\t.gitignore\n\tCargo.toml\n\tcrates/\n\tscripts/bootstrap/\n\tscripts/seed_tasks.py\n\n","exit_code":0,"status":"completed"}}
{"type":"item.completed","item":{"id":"item_141","type":"reasoning","text":"**Investigating no diff despite recent changes**\n\nThe working tree matches HEAD for the file despite recent patching, likely because HEAD is ahead by 2 commits that may already include those modifications; next is to check recent commit messages to clarify what changes are present."}}
{"type":"item.completed","item":{"id":"item_142","type":"agent_message","text":"我看一下最近的提交历史，确认哪些变更已经在本地提交过。"}}
{"type":"item.started","item":{"id":"item_143","type":"command_execution","command":"/bin/bash -lc 'git log --oneline -n 8'","aggregated_output":"","exit_code":null,"status":"in_progress"}}
{"type":"item.completed","item":{"id":"item_143","type":"command_execution","command":"/bin/bash -lc 'git log --oneline -n 8'","aggregated_output":"e0bbc8a task(M1-002): add udp receiver skeleton\ne4da71c task(SCRIBE-20260127): update session log and TODO\n65c6be8 补充AGENTS.MD\na32d95d 补充Skills\ncd0cd99 执行添加AI自动执行相关规则和脚本\n58c4c04 SKILLS 更新\ndd6ad99 restore: keep source skills and refine merged ui\n7a41940 refactor: merge ui skills\n","exit_code":0,"status":"completed"}}
{"type":"item.completed","item":{"id":"item_144","type":"reasoning","text":"**Checking diffs for key scripts**"}}
{"type":"item.completed","item":{"id":"item_145","type":"agent_message","text":"我确认一下目前还未提交的 diff，重点看我们改动过的脚本。"}}
{"type":"item.started","item":{"id":"item_146","type":"command_execution","command":"/bin/bash -lc \"git diff -U2 scripts/agent_bootstrap.sh | sed -n '1,120p'\"","aggregated_output":"","exit_code":null,"status":"in_progress"}}
{"type":"item.completed","item":{"id":"item_146","type":"command_execution","command":"/bin/bash -lc \"git diff -U2 scripts/agent_bootstrap.sh | sed -n '1,120p'\"","aggregated_output":"diff --git a/scripts/agent_bootstrap.sh b/scripts/agent_bootstrap.sh\nindex cf8df0a..dd91234 100755\n--- a/scripts/agent_bootstrap.sh\n+++ b/scripts/agent_bootstrap.sh\n@@ -1,4 +1,8 @@\n #!/usr/bin/env bash\n-# Quick context loader for Codex agents.\n+# NetMic 自动驾驶入口与上下文加载器。\n+#\n+# 设计目标：\n+# 1) 用户只需运行本脚本即可启动自动开发流程（前台监督，不隐藏）。\n+# 2) 在 Agent 循环内（ROLE/BOOTSTRAP_CONTEXT_ONLY）退化为“上下文摘要器”。\n set -euo pipefail\n \n@@ -6,47 +10,615 @@ ROOT=\"$(cd \"$(dirname \"${BASH_SOURCE[0]}\")/..\" && pwd)\"\n cd \"$ROOT\"\n \n-echo \"== NetMic bootstrap ==\"\n-echo \"repo:  $(basename \"$ROOT\")\"\n-echo \"path:  $ROOT\"\n-echo \"branch: $(git rev-parse --abbrev-ref HEAD 2>/dev/null || echo 'n/a')\"\n-echo \"status:\"\n-git status -sb || true\n-echo\n-\n-if [[ -n \"${HUB:-}\" ]] && command -v curl >/dev/null 2>&1; then\n-  echo \"-- HUB health --\"\n-  curl -s \"$HUB/v1/health\" || true\n-  echo\n-  echo \"-- HUB agents (active_within=600) --\"\n-  curl -s \"$HUB/v1/agents?active_within=600&limit=20\" || true\n-  echo\n-  echo \"-- HUB tasks --\"\n-  curl -s \"$HUB/v1/tasks?limit=20\" || true\n+STATE_DIR=\"$ROOT/.autopilot\"\n+LOG_DIR=\"$STATE_DIR/logs\"\n+RUNTIME_HUB_URL_FILE=\"$STATE_DIR/runtime_hub_url.txt\"\n+RUNNER_ENV_FILE=\"$STATE_DIR/runner.env\"\n+RUNNER_ENV_EXAMPLE=\"$STATE_DIR/runner.env.example\"\n+HUB_URL_SHARED_FILE=\"$ROOT/docs/HUB_URL.txt\"\n+BOOTSTRAP_LOG=\"$LOG_DIR/bootstrap.log\"\n+WORKSPACE_MARKER=\"$STATE_DIR/workspace_bootstrap.done\"\n+\n+REFRESH_SECONDS=\"${BOOTSTRAP_REFRESH_SECONDS:-15}\"\n+CONTEXT_ONLY=\"${BOOTSTRAP_CONTEXT_ONLY:-0}\"\n+ONCE=0\n+STATUS_ONLY=0\n+STOP_ONLY=0\n+\n+usage() {\n+  cat <<'USAGE'\n+用法：scripts/agent_bootstrap.sh [--context] [--once] [--status] [--stop]\n+\n+说明：\n+- 无参数：以前台监督器模式运行（推荐入口）。\n+- --context：只输出上下文摘要（供 agent 循环调用）。\n+- --once：执行一次自检/启动/状态汇总后退出（便于 CI 或调试）。\n+- --status：只看当前状态，不做启动动作。\n+- --stop：停止 autopilot 与本机 Hub。\n+USAGE\n+}\n+\n+while [[ $# -gt 0 ]]; do\n+  case \"$1\" in\n+    --context)\n+      CONTEXT_ONLY=1\n+      shift\n+      ;;\n+    --once)\n+      ONCE=1\n+      shift\n+      ;;\n+    --status)\n+      STATUS_ONLY=1\n+      shift\n+      ;;\n+    --stop)\n+      STOP_ONLY=1\n+      shift\n+      ;;\n+    -h|--help)\n+      usage\n+      exit 0\n+      ;;\n+    *)\n+      echo \"未知参数：$1\" >&2\n+      usage >&2\n+      exit 1\n+      ;;\n+  esac\n+done\n+\n+mkdir -p \"$STATE_DIR\" \"$LOG_DIR\"\n+\n+ts_now() {\n+  date -Iseconds\n+}\n+\n+# -------- 上下文摘要模式（用于 agent 循环） --------\n+context_summary() {\n+  local hub_url=\"${HUB:-${HUB_URL:-}}\"\n+\n+  echo \"== NetMic context ==\"\n+  echo \"time:   $(ts_now)\"\n+  echo \"repo:   $(basename \"$ROOT\")\"\n+  echo \"path:   $ROOT\"\n+  echo \"branch: $(git rev-parse --abbrev-ref HEAD 2>/dev/null || echo 'n/a')\"\n+  echo \"status:\"\n+  git status -sb || true\n   echo\n+\n+  if [[ -n \"$hub_url\" ]] && command -v curl >/dev/null 2>&1; then\n+    echo \"-- HUB health --\"\n+    curl -s \"$hub_url/v1/health\" || true\n+    echo\n+    echo \"-- HUB agents (active_within=600) --\"\n+    curl -s \"$hub_url/v1/agents?active_within=600&limit=20\" || true\n+    echo\n+    echo \"-- HUB tasks --\"\n+    curl -s \"$hub_url/v1/tasks?limit=20\" || true\n","exit_code":0,"status":"completed"}}
{"type":"item.completed","item":{"id":"item_113","type":"reasoning","text":"**Respecting user staging decisions**\n\nThe docs/PROTO files we created should be committed, but the staged audio scripts weren't modified by us and must be left staged to avoid interfering with user changes; we'll explicitly stage and commit only our target files without unstaging anything else."}}
{"type":"item.completed","item":{"id":"item_114","type":"reasoning","text":"**Planning explicit staging of workspace skeleton**\n\nI'm preparing to stage specific root and crate Cargo.toml files plus key source files and docs/PROTO to establish the workspace skeleton while avoiding unrelated untracked scripts and preserving current staging of audio scripts."}}
{"type":"item.completed","item":{"id":"item_115","type":"agent_message","text":"我会只用显式路径 `git add` 暂存这次改动需要的文件，避免把其他已暂存的内容带进来。"}}
{"type":"item.started","item":{"id":"item_116","type":"command_execution","command":"/bin/bash -lc 'git add .gitignore Cargo.toml crates/netmic-proto/Cargo.toml crates/netmic-proto/src/lib.rs crates/netmic-proto/src/config.rs crates/netmic-proto/src/protocol.rs crates/netmic-server/Cargo.toml crates/netmic-server/src/main.rs crates/netmic-client/Cargo.toml crates/netmic-client/src/main.rs docs/PROTO.md docs/DECISIONS.md docs/SESSION_LOG.md'","aggregated_output":"","exit_code":null,"status":"in_progress"}}
{"type":"item.completed","item":{"id":"item_116","type":"command_execution","command":"/bin/bash -lc 'git add .gitignore Cargo.toml crates/netmic-proto/Cargo.toml crates/netmic-proto/src/lib.rs crates/netmic-proto/src/config.rs crates/netmic-proto/src/protocol.rs crates/netmic-server/Cargo.toml crates/netmic-server/src/main.rs crates/netmic-client/Cargo.toml crates/netmic-client/src/main.rs docs/PROTO.md docs/DECISIONS.md docs/SESSION_LOG.md'","aggregated_output":"","exit_code":0,"status":"completed"}}
{"type":"item.completed","item":{"id":"item_117","type":"reasoning","text":"**Reviewing staged changes for commit**\n\nI'm checking the staged files to confirm only intended audio scripts are staged and to plan committing with a pathspec to restrict changes precisely."}}
{"type":"item.started","item":{"id":"item_118","type":"command_execution","command":"/bin/bash -lc 'git status'","aggregated_output":"","exit_code":null,"status":"in_progress"}}
{"type":"item.completed","item":{"id":"item_118","type":"command_execution","command":"/bin/bash -lc 'git status'","aggregated_output":"位于分支 main\n您的分支领先 'origin/main' 共 2 个提交。\n  （使用 \"git push\" 来发布您的本地提交）\n\n要提交的变更：\n  （使用 \"git restore --staged <文件>...\" 以取消暂存）\n\t新文件：   .gitignore\n\t新文件：   Cargo.toml\n\t新文件：   crates/netmic-client/Cargo.toml\n\t新文件：   crates/netmic-client/src/main.rs\n\t新文件：   crates/netmic-proto/Cargo.toml\n\t新文件：   crates/netmic-proto/src/config.rs\n\t新文件：   crates/netmic-proto/src/lib.rs\n\t新文件：   crates/netmic-proto/src/protocol.rs\n\t新文件：   crates/netmic-server/Cargo.toml\n\t新文件：   crates/netmic-server/src/main.rs\n\t修改：     docs/DECISIONS.md\n\t新文件：   docs/PROTO.md\n\t修改：     docs/TODO.md\n\n尚未暂存以备提交的变更：\n  （使用 \"git add <文件>...\" 更新要提交的内容）\n  （使用 \"git restore <文件>...\" 丢弃工作区的改动）\n\t修改：     docs/CONTINUOUS_AUTOPILOT.md\n\t修改：     docs/WORKFLOW.md\n\t修改：     scripts/agent_bootstrap.sh\n\t修改：     scripts/autopilot.sh\n\t修改：     scripts/prompts/builder_linux.txt\n\t修改：     scripts/prompts/builder_mac.txt\n\t修改：     scripts/prompts/orchestrator.txt\n\t修改：     scripts/prompts/scribe.txt\n\n未跟踪的文件:\n  （使用 \"git add <文件>...\" 以包含要提交的内容）\n\t.autopilot/runner.env.example\n\tscripts/bootstrap/\n\tscripts/linux/\n\tscripts/seed_tasks.py\n\n","exit_code":0,"status":"completed"}}
{"type":"item.completed","item":{"id":"item_119","type":"reasoning","text":"**Verifying staging state discrepancies**\n\nDiscovered docs/TODO remains staged unexpectedly while docs/SESSION_LOG.md shows neither staged nor untracked despite adding; next I'll check differences in both working tree and index to clarify why SESSION_LOG.md isn’t staged."}}
{"type":"item.completed","item":{"id":"item_120","type":"agent_message","text":"我检查一下 `docs/SESSION_LOG.md` 是否已经被正确暂存（cached diff）。"}}
{"type":"item.started","item":{"id":"item_121","type":"command_execution","command":"/bin/bash -lc \"git diff -- docs/SESSION_LOG.md && echo '---CACHED---' && git diff --cached -- docs/SESSION_LOG.md\"","aggregated_output":"","exit_code":null,"status":"in_progress"}}
{"type":"item.completed","item":{"id":"item_121","type":"command_execution","command":"/bin/bash -lc \"git diff -- docs/SESSION_LOG.md && echo '---CACHED---' && git diff --cached -- docs/SESSION_LOG.md\"","aggregated_output":"diff --git a/docs/SESSION_LOG.md b/docs/SESSION_LOG.md\nindex a9c8e58..5c4da9d 100644\n--- a/docs/SESSION_LOG.md\n+++ b/docs/SESSION_LOG.md\n@@ -7,6 +7,7 @@\n - DONE(20:04+08): 以 scribe 视角执行 `scripts/agent_bootstrap.sh --context`；尝试启动/注册 Hub 以拉取 tasks/events。\n - DONE(20:04+08): 按 scribe 循环尝试 `register` / `tasks` / `events`（`curl -s http://127.0.0.1:7788/...`），当前环境返回 exit=7（无法连接 Hub）。\n - DONE(20:07+08): 复跑 `scripts/agent_bootstrap.sh --once`；Hub health/agents/tasks 仍为空（与端口绑定受限一致）。\n+- DONE(20:11+08): 在 Hub 不可达时改用 `sqlite3 agent_hub.db` 查看任务种子；当前任务均为 `queued`（含 `M0-001-linux-audio-selfcheck`、`M1-001-protocol-doc` 等）。\n - BLOCKER: 本机缺少 cargo（Rust 工具链）；未配置 `BUILDER_MAC_SSH`；codex 可能尚未登录（需用户侧一次性处理）。\n - BLOCKER(20:04+08): 当前沙箱环境禁止监听 TCP 端口；`python3 agent-hub/agent_hub.py` 报 `PermissionError: [Errno 1] Operation not permitted`，因此无法读取 Hub 的 tasks/events。\n - BLOCKER(20:04+08): 复现 Hub 启动失败；日志位于 `/tmp/netmic_hub.log`（绑定 `:7788` 被拒绝）。\n---CACHED---\n","exit_code":0,"status":"completed"}}
{"type":"item.completed","item":{"id":"item_122","type":"reasoning","text":"**Noticing concurrent file changes**\n\nThe session_log file shows diff changes unrelated to our patch, indicating another agent modified it concurrently; I'll check the file's end directly to confirm our appended lines."}}
{"type":"item.started","item":{"id":"item_123","type":"command_execution","command":"/bin/bash -lc 'tail -n 40 docs/SESSION_LOG.md'","aggregated_output":"","exit_code":null,"status":"in_progress"}}
{"type":"item.completed","item":{"id":"item_123","type":"command_execution","command":"/bin/bash -lc 'tail -n 40 docs/SESSION_LOG.md'","aggregated_output":"# SESSION LOG\n\n## 2026-01-27\n- DONE: 将 `scripts/agent_bootstrap.sh` 升级为“前台监督器入口”，自动自检/启动 Hub/autopilot/任务种子/骨架初始化；为 autopilot 增加 `--context` 防递归；新增 `scripts/seed_tasks.py`、`scripts/bootstrap/bootstrap_workspace.sh`、Rust workspace 骨架（`Cargo.toml` + `crates/`）、Linux 自检脚本（`scripts/linux/audio_selfcheck.sh`）以及协议草案文档（`docs/PROTO.md`）。\n- DONE(20:05+08): 当 Hub 启动失败且日志包含 PermissionError/operation not permitted 时，`agent_bootstrap.sh` 会给出“受限环境禁止监听端口”的明确提示，并指向 `/.autopilot/logs/hub.log`。\n- DONE(20:08+08): 修复 `scripts/linux/audio_selfcheck.sh` 的 trap 作用域问题（函数返回后清理访问局部变量导致 `set -u` 报错）；将清理函数提升到脚本级并在 smoke 前重置状态。\n- DONE(20:04+08): 以 scribe 视角执行 `scripts/agent_bootstrap.sh --context`；尝试启动/注册 Hub 以拉取 tasks/events。\n- DONE(20:04+08): 按 scribe 循环尝试 `register` / `tasks` / `events`（`curl -s http://127.0.0.1:7788/...`），当前环境返回 exit=7（无法连接 Hub）。\n- DONE(20:07+08): 复跑 `scripts/agent_bootstrap.sh --once`；Hub health/agents/tasks 仍为空（与端口绑定受限一致）。\n- DONE(20:11+08): 在 Hub 不可达时改用 `sqlite3 agent_hub.db` 查看任务种子；当前任务均为 `queued`（含 `M0-001-linux-audio-selfcheck`、`M1-001-protocol-doc` 等）。\n- BLOCKER: 本机缺少 cargo（Rust 工具链）；未配置 `BUILDER_MAC_SSH`；codex 可能尚未登录（需用户侧一次性处理）。\n- BLOCKER(20:04+08): 当前沙箱环境禁止监听 TCP 端口；`python3 agent-hub/agent_hub.py` 报 `PermissionError: [Errno 1] Operation not permitted`，因此无法读取 Hub 的 tasks/events。\n- BLOCKER(20:04+08): 复现 Hub 启动失败；日志位于 `/tmp/netmic_hub.log`（绑定 `:7788` 被拒绝）。\n- NEXT: 安装 rustup/cargo；在 `.autopilot/runner.env` 填写跨机配置（或在 mac 也运行监督器）；随后直接运行 `scripts/agent_bootstrap.sh` 进入持续开发。\n- NEXT(20:04+08): 在可监听端口的真实机/Runner 上启动 Hub（或用监督器入口自动拉起），再由 scribe 基于 Hub 事件更新日志与 TODO。\n- TEST: 运行 `scripts/agent_bootstrap.sh --context`；运行 `scripts/agent_bootstrap.sh --once` 后执行 `scripts/autopilot.sh stop` 并用 `ss -ltnp '( sport = :7788 )'` 确认 Hub 可停止；运行 `scripts/linux/audio_selfcheck_test.sh`（stub pactl 测试通过）。\n- TEST(20:05+08): 运行 `ROLE= PATH=/usr/bin:/bin scripts/agent_bootstrap.sh --once`，确认置顶提示包含“PermissionError/受限环境禁止监听端口”的明确说明。\n- TEST(20:08+08): 运行 `bash scripts/linux/audio_selfcheck_test.sh`，stub pactl 场景通过，确认不再出现 `source_id: 未绑定的变量`。\n- TEST(20:04+08): 再次运行 `scripts/agent_bootstrap.sh --context`；尝试 `nohup python3 agent-hub/agent_hub.py`（受限环境下启动失败，见 `/tmp/netmic_hub.log`）。\n- TEST(20:07+08): 运行 `scripts/agent_bootstrap.sh --once`（在无 Hub/cargo 时仍能输出上下文摘要并保持幂等退出）。\n- DONE(20:07+08): 仓库新增 Linux 音频注入自检脚本 `scripts/linux/audio_selfcheck.sh`，并提供 stub 测试 `scripts/linux/audio_selfcheck_test.sh`，覆盖 pactl 缺失与 smoke 成功路径。\n- BLOCKER(20:09+08): 当前环境未运行 Pulse/PipeWire 服务端，执行 `scripts/linux/audio_selfcheck.sh` 时 `pactl info` 失败；Hub 仍受限于端口绑定权限，无法通过 Hub 领取/回写任务状态。\n- NEXT(20:09+08): 在真实 Linux Runner 上执行 `scripts/linux/audio_selfcheck.sh --smoke` 验证可创建临时虚拟麦克风，然后继续推进 M0 虚拟麦克风注入与测试音写入。\n- TEST(20:09+08): 运行 `bash scripts/linux/audio_selfcheck_test.sh`（通过）；运行 `bash scripts/linux/audio_selfcheck.sh`（返回 NOT_READY，符合受限环境预期）。\n- DONE: 在缺少 cargo 的情况下手动创建 Rust workspace（`Cargo.toml` + `crates/netmic-{proto,server,client}`），并实现 `netmic-proto` 的 UDP datagram 分流骨架与 `netmic-server` 的单客户端占用握手/忙碌响应逻辑；同步新增 `docs/PROTO.md` 作为协议事实来源。\n- BLOCKER: 沙箱禁止监听端口，无法在本机启动 Hub（`agent-hub.py` 报 `PermissionError: Operation not permitted`）；同时本机仍缺少 cargo，无法执行 `cargo check`/单元测试。\n- NEXT: 用户侧安装 rustup/cargo 后运行 `cargo check -p netmic-server` 与 `cargo test -p netmic-proto`；在允许监听端口的环境中重新注册 Hub 并认领任务。\n- TEST: 运行 `scripts/agent_bootstrap.sh --context`；尝试 `cargo --version`（失败：未找到命令）；尝试启动 `agent-hub/agent_hub.py`（失败：权限受限）。\n- DONE(20:09+08): 以 orchestrator 视角执行清单：尝试 register/agents/tasks（均因端口受限失败），转为离线推进；新增协议事实来源 `docs/PROTO.md`，并补齐 `crates/netmic-proto/src/protocol.rs` 与 `crates/netmic-{server,client}/src/main.rs` 最小骨架。\n- BLOCKER(20:09+08): 当前沙箱禁止绑定/访问 `127.0.0.1:7788`，无法通过 Hub 进行任务队列检查与 claim/release。\n- NEXT(20:09+08): 在可监听端口的 Runner 上重新执行 register + `/v1/agents` + `/v1/tasks`；若队列为空，运行 `scripts/seed_tasks.py --hub <hub>` 注入任务种子，并优先推进 M0 虚拟麦克风自检/写入链路。\n- TEST(20:09+08): 运行 `scripts/agent_bootstrap.sh --context`（成功）；运行 `python3 -m py_compile scripts/seed_tasks.py`（成功）；Rust 侧因缺少 cargo 无法执行 `cargo check`。\n","exit_code":0,"status":"completed"}}
{"type":"item.completed","item":{"id":"item_124","type":"reasoning","text":"**Ensuring session log changes are staged**\n\nThe session log modifications weren't staged previously, likely due to a path or size issue, so I'll explicitly stage the full session log file again, accepting that this may include other session log updates from agents."}}
{"type":"item.completed","item":{"id":"item_125","type":"agent_message","text":"我会再次显式暂存 `docs/SESSION_LOG.md`，确保这次的日志变更进入提交。"}}
{"type":"item.started","item":{"id":"item_126","type":"command_execution","command":"/bin/bash -lc 'git add docs/SESSION_LOG.md'","aggregated_output":"","exit_code":null,"status":"in_progress"}}
{"type":"item.completed","item":{"id":"item_126","type":"command_execution","command":"/bin/bash -lc 'git add docs/SESSION_LOG.md'","aggregated_output":"","exit_code":0,"status":"completed"}}
{"type":"item.completed","item":{"id":"item_147","type":"reasoning","text":"**Avoiding committing large unrelated changes**\n\nThe script has massive uncommitted changes beyond the small intended edits, making a full commit unsafe; need a way to commit only the intended small changes without including other large modifications."}}
{"type":"item.completed","item":{"id":"item_148","type":"reasoning","text":"**Committing only new audio selfcheck scripts**\n\nDecided to skip committing the large uncommitted bootstrap script changes due to complexity and unvalidated diffs, and instead stage and commit just the new audio selfcheck scripts which are untracked and safely isolated."}}
{"type":"item.completed","item":{"id":"item_149","type":"agent_message","text":"`agent_bootstrap.sh` 当前相对 HEAD 是一次很大的未提交重写，无法安全做“小范围提交”。我会先把已验证且相对独立的自检脚本与测试脚本单独暂存并提交。"}}
{"type":"item.started","item":{"id":"item_150","type":"command_execution","command":"/bin/bash -lc 'git add scripts/linux/audio_selfcheck.sh scripts/linux/audio_selfcheck_test.sh'","aggregated_output":"","exit_code":null,"status":"in_progress"}}
{"type":"item.completed","item":{"id":"item_150","type":"command_execution","command":"/bin/bash -lc 'git add scripts/linux/audio_selfcheck.sh scripts/linux/audio_selfcheck_test.sh'","aggregated_output":"","exit_code":0,"status":"completed"}}
{"type":"item.completed","item":{"id":"item_127","type":"reasoning","text":"**Checking git status**"}}
{"type":"item.started","item":{"id":"item_128","type":"command_execution","command":"/bin/bash -lc 'git status'","aggregated_output":"","exit_code":null,"status":"in_progress"}}
{"type":"item.completed","item":{"id":"item_128","type":"command_execution","command":"/bin/bash -lc 'git status'","aggregated_output":"位于分支 main\n您的分支领先 'origin/main' 共 2 个提交。\n  （使用 \"git push\" 来发布您的本地提交）\n\n要提交的变更：\n  （使用 \"git restore --staged <文件>...\" 以取消暂存）\n\t新文件：   scripts/linux/audio_selfcheck.sh\n\t新文件：   scripts/linux/audio_selfcheck_test.sh\n\n尚未暂存以备提交的变更：\n  （使用 \"git add <文件>...\" 更新要提交的内容）\n  （使用 \"git restore <文件>...\" 丢弃工作区的改动）\n\t修改：     docs/CONTINUOUS_AUTOPILOT.md\n\t修改：     docs/DECISIONS.md\n\t修改：     docs/SESSION_LOG.md\n\t修改：     docs/TODO.md\n\t修改：     docs/WORKFLOW.md\n\t修改：     scripts/agent_bootstrap.sh\n\t修改：     scripts/autopilot.sh\n\t修改：     scripts/prompts/builder_linux.txt\n\t修改：     scripts/prompts/builder_mac.txt\n\t修改：     scripts/prompts/orchestrator.txt\n\t修改：     scripts/prompts/scribe.txt\n\n未跟踪的文件:\n  （使用 \"git add <文件>...\" 以包含要提交的内容）\n\t.autopilot/runner.env.example\n\t.gitignore\n\tCargo.toml\n\tcrates/\n\tdocs/PROTO.md\n\tscripts/bootstrap/\n\tscripts/seed_tasks.py\n\n","exit_code":0,"status":"completed"}}
{"type":"item.completed","item":{"id":"item_151","type":"reasoning","text":"**Checking staged changes for scripts**"}}
{"type":"item.started","item":{"id":"item_152","type":"command_execution","command":"/bin/bash -lc 'git diff --cached --name-status | rg \"scripts/linux\" || true'","aggregated_output":"","exit_code":null,"status":"in_progress"}}
{"type":"item.completed","item":{"id":"item_152","type":"command_execution","command":"/bin/bash -lc 'git diff --cached --name-status | rg \"scripts/linux\" || true'","aggregated_output":"","exit_code":0,"status":"completed"}}
{"type":"item.completed","item":{"id":"item_153","type":"reasoning","text":"**Investigating staged changes absence**\n\nThe cached diff shows no staged files despite expectation; I'm running a broad cached diff to confirm if any files are staged at all or if other factors like .gitignore are affecting visibility."}}
{"type":"item.completed","item":{"id":"item_154","type":"agent_message","text":"我确认一下暂存区里现在到底有哪些文件。"}}
{"type":"item.started","item":{"id":"item_155","type":"command_execution","command":"/bin/bash -lc 'git diff --cached --name-status | head -n 40'","aggregated_output":"","exit_code":null,"status":"in_progress"}}
{"type":"item.completed","item":{"id":"item_155","type":"command_execution","command":"/bin/bash -lc 'git diff --cached --name-status | head -n 40'","aggregated_output":"","exit_code":0,"status":"completed"}}
{"type":"item.completed","item":{"id":"item_129","type":"reasoning","text":"**Investigating untracked files despite successful add**\n\nThe added files remain untracked even though git add returned success, suggesting possible interference from ignore rules, submodules, nested repos, or lock files; I'll check for global or local ignore patterns and repository structure next."}}
{"type":"item.completed","item":{"id":"item_130","type":"reasoning","text":"**Checking ignore status with git check-ignore**\n\nPlan to use git check-ignore to verify if global or local ignore patterns are causing crates files to be skipped by git add despite no explicit errors."}}
{"type":"item.completed","item":{"id":"item_131","type":"agent_message","text":"`git add` 没生效的样子，我先检查这些路径是否被 ignore 规则拦住了。"}}
{"type":"item.started","item":{"id":"item_132","type":"command_execution","command":"/bin/bash -lc 'git check-ignore -v Cargo.toml crates/netmic-proto/src/protocol.rs docs/PROTO.md .gitignore || true'","aggregated_output":"","exit_code":null,"status":"in_progress"}}
{"type":"item.completed","item":{"id":"item_132","type":"command_execution","command":"/bin/bash -lc 'git check-ignore -v Cargo.toml crates/netmic-proto/src/protocol.rs docs/PROTO.md .gitignore || true'","aggregated_output":"","exit_code":0,"status":"completed"}}
{"type":"item.completed","item":{"id":"item_156","type":"reasoning","text":"**Investigating missing git staged changes**\n\nObserved unexpected lack of staged changes despite adding files; suspect possible .gitignore exclusions or partial clone effects, but scripts/linux appears untracked. Planning to re-run git status to clarify file tracking state."}}
{"type":"item.completed","item":{"id":"item_157","type":"agent_message","text":"暂存区看起来还是空的。我再看一下 `git status --porcelain` 的当前状态。"}}
{"type":"item.started","item":{"id":"item_158","type":"command_execution","command":"/bin/bash -lc 'git status --porcelain=v1'","aggregated_output":"","exit_code":null,"status":"in_progress"}}
{"type":"item.completed","item":{"id":"item_158","type":"command_execution","command":"/bin/bash -lc 'git status --porcelain=v1'","aggregated_output":"A  Cargo.toml\n M docs/CONTINUOUS_AUTOPILOT.md\n M docs/DECISIONS.md\n M docs/SESSION_LOG.md\n M docs/TODO.md\n M docs/WORKFLOW.md\n M scripts/agent_bootstrap.sh\n M scripts/autopilot.sh\nA  scripts/linux/audio_selfcheck.sh\nA  scripts/linux/audio_selfcheck_test.sh\n M scripts/prompts/builder_linux.txt\n M scripts/prompts/builder_mac.txt\n M scripts/prompts/orchestrator.txt\n M scripts/prompts/scribe.txt\n?? .autopilot/runner.env.example\n?? .gitignore\n?? crates/\n?? docs/PROTO.md\n?? scripts/bootstrap/\n?? scripts/seed_tasks.py\n","exit_code":0,"status":"completed"}}
[2026-01-27T20:12:36+08:00] role=orchestrator iter=1
== NetMic context ==
time:   2026-01-27T20:12:36+08:00
repo:   NetMic
path:   /home/arc/code/NetMic
branch: main
status:
## main...origin/main [领先 2]
 M .autopilot/hub_url.txt
 M docs/CONTINUOUS_AUTOPILOT.md
 M docs/DECISIONS.md
 M docs/SESSION_LOG.md
 M docs/TODO.md
 M docs/WORKFLOW.md
 M scripts/agent_bootstrap.sh
 M scripts/autopilot.sh
 M scripts/prompts/builder_linux.txt
 M scripts/prompts/builder_mac.txt
 M scripts/prompts/orchestrator.txt
 M scripts/prompts/scribe.txt
?? .autopilot/runner.env.example
?? .gitignore
?? Cargo.toml
?? crates/
?? docs/PROTO.md
?? scripts/bootstrap/
?? scripts/linux/
?? scripts/seed_tasks.py

-- HUB health --
{"ok":true,"time":1769515956,"agents":0,"tasks":8,"sessions":0}
-- HUB agents (active_within=600) --
{"ok":true,"agents":[]}
-- HUB tasks --
{"ok":true,"tasks":[{"task_id":"BOOT-001-workspace-skeleton","status":"queued","claimed_by":null,"meta":{"target_role":"builder-linux","milestone":"bootstrap","objective":"\u8fd0\u884c scripts/bootstrap/bootstrap_workspace.sh \u521b\u5efa Rust \u5de5\u4f5c\u533a\u9aa8\u67b6\uff0c\u5e76\u786e\u4fdd cargo check \u901a\u8fc7\u3002","acceptance":["\u6839\u76ee\u5f55\u5b58\u5728 Cargo.toml workspace \u914d\u7f6e","crates/netmic-{proto,server,client} \u5b58\u5728\u4e14 cargo check \u901a\u8fc7","docs/SESSION_LOG.md \u8bb0\u5f55\u672c\u6b21\u9aa8\u67b6\u521d\u59cb\u5316\u7ed3\u679c"],"doc_refs":["MVP.md#4","docs/ROADMAP.md"]},"summary":"","updated_at":1769514854},{"task_id":"BOOT-002-session-docs-init","status":"queued","claimed_by":null,"meta":{"target_role":"scribe","milestone":"bootstrap","objective":"\u521d\u59cb\u5316 docs/SESSION_LOG.md \u4e0e docs/DECISIONS.md \u7684\u6700\u5c0f\u7ed3\u6784\uff0c\u5e76\u8bb0\u5f55\u81ea\u52a8\u9a7e\u9a76\u5165\u53e3\u7684\u8fd0\u884c\u65b9\u5f0f\u3002","acceptance":["docs/SESSION_LOG.md \u5305\u542b DONE/BLOCKER/NEXT/TEST \u6a21\u677f","docs/DECISIONS.md \u5305\u542b\u65e5\u671f\u4e0e\u51b3\u7b56\u6a21\u677f","\u6587\u6863\u660e\u786e agent_bootstrap.sh \u662f\u5165\u53e3"],"doc_refs":["docs/CONTINUOUS_AUTOPILOT.md","docs/WORKFLOW.md"]},"summary":"","updated_at":1769514854},{"task_id":"M0-001-linux-audio-selfcheck","status":"queued","claimed_by":null,"meta":{"target_role":"builder-linux","milestone":"M0","objective":"\u5b9e\u73b0 Linux \u97f3\u9891\u6ce8\u5165\u81ea\u68c0\u811a\u672c\uff08pactl/pipewire-pulse\uff09\uff0c\u5e76\u63d0\u4f9b\u6700\u5c0f smoke test\u3002","acceptance":["\u5b58\u5728 scripts/linux/audio_selfcheck.sh \u6216 .py","\u811a\u672c\u80fd\u8f93\u51fa\u662f\u5426\u53ef\u521b\u5efa\u865a\u62df\u9ea6\u514b\u98ce\u7684\u7ed3\u8bba","\u7ed3\u679c\u5199\u5165 docs/SESSION_LOG.md"],"doc_refs":["MVP.md#6","docs/ROADMAP.md#milestone-0"]},"summary":"","updated_at":1769514854},{"task_id":"M1-001-protocol-doc","status":"queued","claimed_by":null,"meta":{"target_role":"scribe","milestone":"M1","objective":"\u6839\u636e MVP.md \u7684\u8fb9\u754c\uff0c\u4ea7\u51fa docs/PROTO.md\uff08\u63e1\u624b/\u5fc3\u8df3/\u7edf\u8ba1/\u97f3\u9891\u5e27\u6700\u5c0f\u7ed3\u6784\uff09\u3002","acceptance":["docs/PROTO.md \u63cf\u8ff0\u63e1\u624b\u8bf7\u6c42/\u54cd\u5e94\u5b57\u6bb5","\u5b9a\u4e49\u6700\u5c0f\u97f3\u9891\u5e27\u5934\u7ed3\u6784\u4e0e\u7edf\u8ba1\u5b57\u6bb5","\u660e\u786e\u5355\u5ba2\u6237\u7aef\u5360\u7528\u4e0e BUSY \u884c\u4e3a"],"doc_refs":["MVP.md#5","docs/MODULE_OWNERS.md"]},"summary":"","updated_at":1769514854},{"task_id":"M1-002-server-udp-receiver","status":"queued","claimed_by":null,"meta":{"target_role":"builder-linux","milestone":"M1","objective":"\u5728 netmic-server \u4e2d\u843d\u5730 UDP \u63a5\u6536\u9aa8\u67b6\uff08\u63e1\u624b/\u97f3\u9891\u5305\u5206\u6d41\u5360\u4f4d\uff09\uff0c\u5148\u7528 PCM \u8dd1\u901a\u94fe\u8def\u3002","acceptance":["netmic-server \u80fd\u76d1\u542c UDP \u7aef\u53e3","\u80fd\u533a\u5206\u63a7\u5236\u9762\u4e0e\u6570\u636e\u9762\u6d88\u606f\u7c7b\u578b\uff08\u5360\u4f4d\u5b9e\u73b0\u53ef\uff09","cargo check \u901a\u8fc7\u4e14\u5199\u5165 SESSION_LOG"],"doc_refs":["MVP.md#5","docs/ROADMAP.md#milestone-1"]},"summary":"","updated_at":1769514854},{"task_id":"M1-003-client-capture-sender","status":"queued","claimed_by":null,"meta":{"target_role":"builder-mac","milestone":"M1","objective":"\u5728 netmic-client \u4e2d\u5b9e\u73b0\u91c7\u96c6/\u91cd\u91c7\u6837/\u53d1\u9001\u7684\u6700\u5c0f\u9aa8\u67b6\uff08\u53ef\u5148\u7528\u5047\u6570\u636e/\u6d4b\u8bd5\u97f3\uff09\u3002","acceptance":["netmic-client \u5177\u5907\u53d1\u9001\u5faa\u73af\u9aa8\u67b6","\u4e3a\u540e\u7eed\u63a5\u5165 cpal/rubato \u9884\u7559\u6e05\u6670\u6a21\u5757\u7ed3\u6784","cargo check \u901a\u8fc7\u4e14\u5199\u5165 SESSION_LOG"],"doc_refs":["MVP.md#4","docs/ROADMAP.md#milestone-1"]},"summary":"","updated_at":1769514854},{"task_id":"M2-001-config-validation","status":"queued","claimed_by":null,"meta":{"target_role":"builder-linux","milestone":"M2","objective":"\u5728 netmic-proto \u4e2d\u52a0\u5165\u53c2\u6570\u6821\u9a8c\u4e0e\u56de\u9000\u89c4\u5219\u9aa8\u67b6\uff08\u5b89\u5168\u8303\u56f4\u4ee5 MVP.md \u4e3a\u51c6\uff09\u3002","acceptance":["\u5b58\u5728\u53c2\u6570\u6821\u9a8c\u5165\u53e3\uff08validate \u6216 normalize\uff09","\u80fd\u8868\u8fbe\u56de\u9000\u5230\u9ed8\u8ba4\u503c\u7684\u7ed3\u679c\u7ed3\u6784","\u5173\u952e\u8303\u56f4\u5199\u5165\u6ce8\u91ca\u5e76\u5f15\u7528 MVP.md"],"doc_refs":["MVP.md#3","docs/ROADMAP.md#milestone-2"]},"summary":"","updated_at":1769514854},{"task_id":"M3-001-metrics-and-reconnect","status":"queued","claimed_by":null,"meta":{"target_role":"builder-linux","milestone":"M3","objective":"\u5728 server/client \u4fa7\u8865\u9f50\u6307\u6807\u4e0e\u91cd\u8fde\u72b6\u6001\u673a\u9aa8\u67b6\uff08\u65e5\u5fd7\u53ef\u89c2\u6d4b\u4f18\u5148\uff09\u3002","acceptance":["\u65e5\u5fd7\u4e2d\u53ef\u89c1\u72b6\u6001\u673a\u8f6c\u6362","\u5b58\u5728\u4e22\u5305/\u7f13\u51b2\u6df1\u5ea6\u7b49\u6307\u6807\u7ed3\u6784\u5360\u4f4d","\u6587\u6863\u6216\u6ce8\u91ca\u89e3\u91ca\u6062\u590d\u7a97\u53e3\u76ee\u6807\uff0810 \u79d2\u5185\uff09"],"doc_refs":["MVP.md#8","docs/ROADMAP.md#milestone-3"]},"summary":"","updated_at":1769514854}]}
-- SESSION_LOG tail --
- TEST(20:08+08): 运行 `bash scripts/linux/audio_selfcheck_test.sh`，stub pactl 场景通过，确认不再出现 `source_id: 未绑定的变量`。
- TEST(20:04+08): 再次运行 `scripts/agent_bootstrap.sh --context`；尝试 `nohup python3 agent-hub/agent_hub.py`（受限环境下启动失败，见 `/tmp/netmic_hub.log`）。
- TEST(20:07+08): 运行 `scripts/agent_bootstrap.sh --once`（在无 Hub/cargo 时仍能输出上下文摘要并保持幂等退出）。
- DONE(20:07+08): 仓库新增 Linux 音频注入自检脚本 `scripts/linux/audio_selfcheck.sh`，并提供 stub 测试 `scripts/linux/audio_selfcheck_test.sh`，覆盖 pactl 缺失与 smoke 成功路径。
- BLOCKER(20:09+08): 当前环境未运行 Pulse/PipeWire 服务端，执行 `scripts/linux/audio_selfcheck.sh` 时 `pactl info` 失败；Hub 仍受限于端口绑定权限，无法通过 Hub 领取/回写任务状态。
- NEXT(20:09+08): 在真实 Linux Runner 上执行 `scripts/linux/audio_selfcheck.sh --smoke` 验证可创建临时虚拟麦克风，然后继续推进 M0 虚拟麦克风注入与测试音写入。
- TEST(20:09+08): 运行 `bash scripts/linux/audio_selfcheck_test.sh`（通过）；运行 `bash scripts/linux/audio_selfcheck.sh`（返回 NOT_READY，符合受限环境预期）。
- DONE: 在缺少 cargo 的情况下手动创建 Rust workspace（`Cargo.toml` + `crates/netmic-{proto,server,client}`），并实现 `netmic-proto` 的 UDP datagram 分流骨架与 `netmic-server` 的单客户端占用握手/忙碌响应逻辑；同步新增 `docs/PROTO.md` 作为协议事实来源。
- BLOCKER: 沙箱禁止监听端口，无法在本机启动 Hub（`agent-hub.py` 报 `PermissionError: Operation not permitted`）；同时本机仍缺少 cargo，无法执行 `cargo check`/单元测试。
- NEXT: 用户侧安装 rustup/cargo 后运行 `cargo check -p netmic-server` 与 `cargo test -p netmic-proto`；在允许监听端口的环境中重新注册 Hub 并认领任务。
- TEST: 运行 `scripts/agent_bootstrap.sh --context`；尝试 `cargo --version`（失败：未找到命令）；尝试启动 `agent-hub/agent_hub.py`（失败：权限受限）。
- DONE(20:09+08): 以 orchestrator 视角执行清单：尝试 register/agents/tasks（均因端口受限失败），转为离线推进；新增协议事实来源 `docs/PROTO.md`，并补齐 `crates/netmic-proto/src/protocol.rs` 与 `crates/netmic-{server,client}/src/main.rs` 最小骨架。
- BLOCKER(20:09+08): 当前沙箱禁止绑定/访问 `127.0.0.1:7788`，无法通过 Hub 进行任务队列检查与 claim/release。
- NEXT(20:09+08): 在可监听端口的 Runner 上重新执行 register + `/v1/agents` + `/v1/tasks`；若队列为空，运行 `scripts/seed_tasks.py --hub <hub>` 注入任务种子，并优先推进 M0 虚拟麦克风自检/写入链路。
- TEST(20:09+08): 运行 `scripts/agent_bootstrap.sh --context`（成功）；运行 `python3 -m py_compile scripts/seed_tasks.py`（成功）；Rust 侧因缺少 cargo 无法执行 `cargo check`。

-- DECISIONS tail --
- 影响：自动驾驶流程统一入口，但会在后台启动多个 agent 循环；停止需显式执行 `scripts/agent_bootstrap.sh --stop`（或 `scripts/autopilot.sh stop`）。

- 背景：`netmic-proto` 已引用 `protocol` 模块，但仓库中缺少协议事实来源与最小结构定义，容易造成 client/server 漂移。
- 决策：新增 `docs/PROTO.md` 作为 MVP 协议事实来源，并在 `netmic-proto` 中补齐 `SessionParams / Handshake / Heartbeat / StatsSnapshot / AudioFrameHeader` 最小结构；握手阶段显式携带 `session_id`，服务端原样回显。
- 影响：后续协议字段调整必须先更新 `docs/PROTO.md`；builder 可直接围绕这些结构体落地最小 UDP 骨架。

## 2026-01-27（scribe/受限环境策略）
- 背景：当前 Codex 沙箱无法监听 TCP 端口，`agent-hub` 绑定 `:7788` 会失败，Hub 不可达。
- 决策：scribe 在受限环境不强依赖 Hub；以 `scripts/agent_bootstrap.sh --context` 与 MVP/ROADMAP 为准更新 `SESSION_LOG`/`TODO`，并显式记录 Hub 阻塞。
- 影响：日志与优先级可保持可读，但 tasks/events 需在真实 Runner 上补齐与回写。

-- TODO head --
# TODO（MVP 自动驾驶看板）

当前优先级（与 Hub 任务队列配合）：
- 用户前置：安装 rustup/cargo，确保 `cargo check` 可运行。
- 用户前置：配置 `.autopilot/runner.env`（至少补全 `BUILDER_MAC_SSH` 或在 mac 端也运行监督器）。
- 环境前置：在可监听端口的真实机/Runner 上启动 Hub（受限沙箱可能无法绑定 `:7788`）。
- 里程碑优先：当 cargo/Hub 可用后，先推进 M0（pactl/pipewire 自检 → virtual source 创建 → sine wave 持续写入 5 分钟 smoke）。
- 自动驾驶：运行 `scripts/agent_bootstrap.sh`，观察置顶提示并清除阻塞项。

Next: follow MVP.md + docs/ROADMAP.md, pick one small task and validate it.
Reading prompt from stdin...
{"type":"thread.started","thread_id":"019bff5e-bab2-7841-950c-2011b79a6cb2"}
{"type":"turn.started"}
{"type":"item.completed","item":{"id":"item_0","type":"reasoning","text":"**Running bootstrap script**\n\nI'm initiating the bootstrap process in the specified working directory to prepare the environment and register necessary components."}}
{"type":"item.started","item":{"id":"item_1","type":"command_execution","command":"/bin/bash -lc 'scripts/agent_bootstrap.sh --context'","aggregated_output":"","exit_code":null,"status":"in_progress"}}
{"type":"item.completed","item":{"id":"item_1","type":"command_execution","command":"/bin/bash -lc 'scripts/agent_bootstrap.sh --context'","aggregated_output":"== NetMic context ==\ntime:   2026-01-27T20:12:44+08:00\nrepo:   NetMic\npath:   /home/arc/code/NetMic\nbranch: main\nstatus:\n## main...origin/main [领先 2]\n M .autopilot/hub_url.txt\n M docs/CONTINUOUS_AUTOPILOT.md\n M docs/DECISIONS.md\n M docs/SESSION_LOG.md\n M docs/TODO.md\n M docs/WORKFLOW.md\n M scripts/agent_bootstrap.sh\n M scripts/autopilot.sh\n M scripts/prompts/builder_linux.txt\n M scripts/prompts/builder_mac.txt\n M scripts/prompts/orchestrator.txt\n M scripts/prompts/scribe.txt\n?? .autopilot/runner.env.example\n?? .gitignore\n?? Cargo.toml\n?? crates/\n?? docs/PROTO.md\n?? scripts/bootstrap/\n?? scripts/linux/\n?? scripts/seed_tasks.py\n\n-- HUB health --\n\n-- HUB agents (active_within=600) --\n\n-- HUB tasks --\n\n-- SESSION_LOG tail --\n- TEST(20:08+08): 运行 `bash scripts/linux/audio_selfcheck_test.sh`，stub pactl 场景通过，确认不再出现 `source_id: 未绑定的变量`。\n- TEST(20:04+08): 再次运行 `scripts/agent_bootstrap.sh --context`；尝试 `nohup python3 agent-hub/agent_hub.py`（受限环境下启动失败，见 `/tmp/netmic_hub.log`）。\n- TEST(20:07+08): 运行 `scripts/agent_bootstrap.sh --once`（在无 Hub/cargo 时仍能输出上下文摘要并保持幂等退出）。\n- DONE(20:07+08): 仓库新增 Linux 音频注入自检脚本 `scripts/linux/audio_selfcheck.sh`，并提供 stub 测试 `scripts/linux/audio_selfcheck_test.sh`，覆盖 pactl 缺失与 smoke 成功路径。\n- BLOCKER(20:09+08): 当前环境未运行 Pulse/PipeWire 服务端，执行 `scripts/linux/audio_selfcheck.sh` 时 `pactl info` 失败；Hub 仍受限于端口绑定权限，无法通过 Hub 领取/回写任务状态。\n- NEXT(20:09+08): 在真实 Linux Runner 上执行 `scripts/linux/audio_selfcheck.sh --smoke` 验证可创建临时虚拟麦克风，然后继续推进 M0 虚拟麦克风注入与测试音写入。\n- TEST(20:09+08): 运行 `bash scripts/linux/audio_selfcheck_test.sh`（通过）；运行 `bash scripts/linux/audio_selfcheck.sh`（返回 NOT_READY，符合受限环境预期）。\n- DONE: 在缺少 cargo 的情况下手动创建 Rust workspace（`Cargo.toml` + `crates/netmic-{proto,server,client}`），并实现 `netmic-proto` 的 UDP datagram 分流骨架与 `netmic-server` 的单客户端占用握手/忙碌响应逻辑；同步新增 `docs/PROTO.md` 作为协议事实来源。\n- BLOCKER: 沙箱禁止监听端口，无法在本机启动 Hub（`agent-hub.py` 报 `PermissionError: Operation not permitted`）；同时本机仍缺少 cargo，无法执行 `cargo check`/单元测试。\n- NEXT: 用户侧安装 rustup/cargo 后运行 `cargo check -p netmic-server` 与 `cargo test -p netmic-proto`；在允许监听端口的环境中重新注册 Hub 并认领任务。\n- TEST: 运行 `scripts/agent_bootstrap.sh --context`；尝试 `cargo --version`（失败：未找到命令）；尝试启动 `agent-hub/agent_hub.py`（失败：权限受限）。\n- DONE(20:09+08): 以 orchestrator 视角执行清单：尝试 register/agents/tasks（均因端口受限失败），转为离线推进；新增协议事实来源 `docs/PROTO.md`，并补齐 `crates/netmic-proto/src/protocol.rs` 与 `crates/netmic-{server,client}/src/main.rs` 最小骨架。\n- BLOCKER(20:09+08): 当前沙箱禁止绑定/访问 `127.0.0.1:7788`，无法通过 Hub 进行任务队列检查与 claim/release。\n- NEXT(20:09+08): 在可监听端口的 Runner 上重新执行 register + `/v1/agents` + `/v1/tasks`；若队列为空，运行 `scripts/seed_tasks.py --hub <hub>` 注入任务种子，并优先推进 M0 虚拟麦克风自检/写入链路。\n- TEST(20:09+08): 运行 `scripts/agent_bootstrap.sh --context`（成功）；运行 `python3 -m py_compile scripts/seed_tasks.py`（成功）；Rust 侧因缺少 cargo 无法执行 `cargo check`。\n\n-- DECISIONS tail --\n- 影响：自动驾驶流程统一入口，但会在后台启动多个 agent 循环；停止需显式执行 `scripts/agent_bootstrap.sh --stop`（或 `scripts/autopilot.sh stop`）。\n\n- 背景：`netmic-proto` 已引用 `protocol` 模块，但仓库中缺少协议事实来源与最小结构定义，容易造成 client/server 漂移。\n- 决策：新增 `docs/PROTO.md` 作为 MVP 协议事实来源，并在 `netmic-proto` 中补齐 `SessionParams / Handshake / Heartbeat / StatsSnapshot / AudioFrameHeader` 最小结构；握手阶段显式携带 `session_id`，服务端原样回显。\n- 影响：后续协议字段调整必须先更新 `docs/PROTO.md`；builder 可直接围绕这些结构体落地最小 UDP 骨架。\n\n## 2026-01-27（scribe/受限环境策略）\n- 背景：当前 Codex 沙箱无法监听 TCP 端口，`agent-hub` 绑定 `:7788` 会失败，Hub 不可达。\n- 决策：scribe 在受限环境不强依赖 Hub；以 `scripts/agent_bootstrap.sh --context` 与 MVP/ROADMAP 为准更新 `SESSION_LOG`/`TODO`，并显式记录 Hub 阻塞。\n- 影响：日志与优先级可保持可读，但 tasks/events 需在真实 Runner 上补齐与回写。\n\n-- TODO head --\n# TODO（MVP 自动驾驶看板）\n\n当前优先级（与 Hub 任务队列配合）：\n- 用户前置：安装 rustup/cargo，确保 `cargo check` 可运行。\n- 用户前置：配置 `.autopilot/runner.env`（至少补全 `BUILDER_MAC_SSH` 或在 mac 端也运行监督器）。\n- 环境前置：在可监听端口的真实机/Runner 上启动 Hub（受限沙箱可能无法绑定 `:7788`）。\n- 里程碑优先：当 cargo/Hub 可用后，先推进 M0（pactl/pipewire 自检 → virtual source 创建 → sine wave 持续写入 5 分钟 smoke）。\n- 自动驾驶：运行 `scripts/agent_bootstrap.sh`，观察置顶提示并清除阻塞项。\n\nNext: follow MVP.md + docs/ROADMAP.md, pick one small task and validate it.\n","exit_code":0,"status":"completed"}}
{"type":"item.completed","item":{"id":"item_2","type":"reasoning","text":"**Proceeding with hub registration despite dirty worktree**"}}
{"type":"item.started","item":{"id":"item_3","type":"command_execution","command":"/bin/bash -lc \"curl -s \\\"http://127.0.0.1:7788/v1/register\\\" -H 'content-type: application/json' -d '{\\\"agent_id\\\":\\\"orchestrator\\\",\\\"role\\\":\\\"orchestrator\\\",\\\"capabilities\\\":{\\\"node\\\":\\\"orchestrator\\\"},\\\"host\\\":\\\"orchestrator\\\",\\\"tags\\\":[\\\"autopilot\\\"],\\\"status\\\":\\\"online\\\"}'\"","aggregated_output":"","exit_code":null,"status":"in_progress"}}
{"type":"item.completed","item":{"id":"item_3","type":"command_execution","command":"/bin/bash -lc \"curl -s \\\"http://127.0.0.1:7788/v1/register\\\" -H 'content-type: application/json' -d '{\\\"agent_id\\\":\\\"orchestrator\\\",\\\"role\\\":\\\"orchestrator\\\",\\\"capabilities\\\":{\\\"node\\\":\\\"orchestrator\\\"},\\\"host\\\":\\\"orchestrator\\\",\\\"tags\\\":[\\\"autopilot\\\"],\\\"status\\\":\\\"online\\\"}'\"","aggregated_output":"","exit_code":7,"status":"failed"}}
{"type":"item.completed","item":{"id":"item_4","type":"reasoning","text":"**Noting connection failure and inspecting docs**\n\nExit code 7 signals the Hub is unreachable, so I'll mark that status and inspect key docs like MVP.md by extracting section previews using shell commands to get relevant summaries without loading large files."}}
{"type":"item.started","item":{"id":"item_5","type":"command_execution","command":"/bin/bash -lc \"sed -n '1,120p' MVP.md\"","aggregated_output":"","exit_code":null,"status":"in_progress"}}
{"type":"item.completed","item":{"id":"item_5","type":"command_execution","command":"/bin/bash -lc \"sed -n '1,120p' MVP.md\"","aggregated_output":"## NetMic MVP 规划与边界文档（不含代码）\n\n### 1. 目标与范围\n\n**目标**\n在局域网内，将一台设备（客户端：macOS/Linux）的本地音频输入（默认麦克风）实时传输到另一台设备（服务端：Linux），并在 Linux 上注入为**系统可选择的麦克风输入设备**（虚拟麦克风 / virtual source），供任意应用使用。\n\n**MVP 范围**\n\n* 单向音频流：Client → Server\n* 单客户端占用：同一时刻仅允许 1 个客户端向服务端推流\n* 跨平台：客户端支持 macOS/Linux；服务端仅 Linux（注入虚拟麦克风）\n* GUI：配置 + 状态监控 + 日志（不做复杂音频路由图形化）\n* Linux 注入方式：仅支持 **PipeWire / Pulse 兼容层**（pipewire-pulse 或 pulseaudio 环境）\n\n**非目标（MVP 不做）**\n\n* macOS 作为服务端并注入系统麦克风\n* P2P 多节点对等/自动发现/多路流/混音\n* 公网/NAT 穿透与高安全传输（可预留字段，不实现强安全）\n* 更低栈兼容（纯 ALSA、JACK 原生注入等）\n\n---\n\n### 2. 用户流程（MVP）\n\n**服务端（Linux）**\n\n1. 选择 Server 模式\n2. 设定监听端口（默认端口）\n3. 一键创建/启用虚拟麦克风（PipeWire/Pulse 兼容层）\n4. 显示：当前连接、参数、延迟/缓冲、丢包、音量电平、日志\n5. 可手动断开当前客户端（释放占用）\n\n**客户端（macOS/Linux）**\n\n1. 选择 Client 模式\n2. 输入 Server IP:Port（默认端口）\n3. 选择输入设备（默认系统麦克风）\n4. 配置编码与音频参数（在安全范围内）\n5. 开始推流、显示状态与实时指标\n\n---\n\n### 3. 核心约束与边界\n\n**单客户端策略**\n\n* Server 只允许 1 个 active sender\n* 冲突行为：当新客户端尝试连接时，Server 返回“BUSY”，客户端提示；可选“强制抢占”（MVP 可做开关，但默认关闭）\n\n**可调参数与“安全范围”**\nGUI 允许调参，但必须在安全范围内，并且有“推荐值/默认值/回退规则”。\n\n#### 3.1 编码（2 种）\n\n* **Opus（推荐默认）**：低延迟、抗丢包；适合语音/通用音频\n* **PCM（调试/最低复杂度）**：带宽大；用于定位问题或极低延迟需求\n\n#### 3.2 采样率（目标=48k，支持重采样）\n\n* GUI 允许选择：**16k / 24k / 32k / 44.1k / 48k**\n* **安全范围**：16k–48k\n* **默认**：48k\n* **回退**：若输入设备不支持所选采样率，客户端启用重采样到目标采样率\n\n#### 3.3 声道\n\n* MVP 固定：**mono**（简化带宽、注入与应用兼容）\n* 非目标：stereo（后续版本）\n\n#### 3.4 chunk（帧长/包时长）\n\n* GUI 可选：**10 / 20 / 40 / 60 ms**\n* **安全范围**：10–60ms\n* **默认**：20ms\n* 说明：帧长越短延迟越低但更敏感；越长越稳但延迟更高\n\n#### 3.5 比特率（按编码类型）\n\n* **Opus**（mono）\n\n  * 安全范围：**16–128 kbps**\n  * 默认：**32 kbps（语音）或 48 kbps（通用）**\n\n* **PCM**\n\n  * 不设“比特率”，由采样率 × 位深 × 声道决定（MVP 固定 16-bit）\n\n#### 3.6 buffer（接收端目标缓冲 / jitter buffer）\n\n* GUI 可调：**40–400 ms**\n* 默认：**100 ms**\n* 建议档位：40/60/80/100/150/200/300/400\n* 规则：buffer 太小会爆音/卡顿；太大会明显口型延迟。MVP 以稳定优先。\n\n---\n\n### 4. 重采样与格式归一化（MVP 必须）\n\n**目标**：无论输入设备实际输出什么格式，网络与服务端注入统一为一个“内部标准格式”，减少复杂度。\n\n* 内部标准建议：**PCM 16-bit, mono, 48kHz**\n* 客户端：采集 →（必要时重采样/混音到 mono）→ 编码（Opus/PCM）\n* 服务端：解码 → 得到内部标准 PCM → 写入虚拟麦克风\n\n**回退策略**\n\n* 如果重采样失败/设备不可用：提示用户并停止推流\n* 如果编码器不支持当前参数组合：自动回退到最接近的安全默认值，并在 UI 明确提示“已回退到 X”\n\n---\n\n### 5. 网络与协议边界（MVP）\n\n**传输层选择（建议固定，避免扩散）**\n\n* MVP：**UDP**（音频实时优先）\n* 非目标：TCP（可后续提供“兼容模式”）\n\n","exit_code":0,"status":"completed"}}
{"type":"item.completed","item":{"id":"item_6","type":"reasoning","text":"**Listing key documentation files**\n\nPlanning to view and extract the heads or relevant sections of docs/ROADMAP, SESSION_LOG, and DECISIONS using sed for targeted inspection."}}
{"type":"item.started","item":{"id":"item_7","type":"command_execution","command":"/bin/bash -lc \"sed -n '1,120p' docs/ROADMAP.md\"","aggregated_output":"","exit_code":null,"status":"in_progress"}}
{"type":"item.completed","item":{"id":"item_7","type":"command_execution","command":"/bin/bash -lc \"sed -n '1,120p' docs/ROADMAP.md\"","aggregated_output":"# NetMic 里程碑与任务拆解（M0 / M1 / M2）\n\n本文档用于规划“先做什么、后做什么”，并标注建议的 Agent Skill 使用点。\n\n---\n\n## Milestone 0：参数与注入验证（服务端基础能力）\n\n**目标**  \nLinux 端能创建虚拟麦克风并持续写入 PCM。\n\n**任务清单**\n1) 环境自检（pactl / pipewire-pulse）  \n2) 创建虚拟麦克风（pactl + module-virtual-source）  \n3) 持续写入测试音（sine wave）  \n4) 运行 5 分钟无中断  \n\n**Skill 建议**  \n无（不使用 Notion，调研结论直接记录到文档/Issue）\n\n---\n\n## Milestone 1：端到端基本通路（Client → Server）\n\n**目标**  \n客户端采集 → 网络发送 → 服务端接收 → 注入成功。\n\n**任务清单**\n1) Client 采集（macOS/Linux）  \n2) Client 重采样/转 mono（内部标准）  \n3) UDP 发送/接收（最小协议）  \n4) Server 解码/缓冲（先用 PCM）  \n5) 写入虚拟麦克风  \n\n**Skill 建议**  \n无（任务直接在 GitHub Issues 中维护）\n\n---\n\n## Milestone 2：可调参数 + 回退机制\n\n**目标**  \n参数可调且在安全范围内自动回退。\n\n**任务清单**\n1) 参数校验（采样率/帧长/bitrate/buffer）  \n2) 回退逻辑（不支持则自动回到默认）  \n3) 状态回显与日志  \n\n**Skill 建议**  \n无（参数决策写入文档/Issue）\n\n---\n\n## Milestone 3：稳定性与可用性\n\n**目标**  \n30 分钟运行稳定，断线恢复 10 秒内完成。\n\n**任务清单**\n1) 抖动缓冲策略  \n2) 断线重连逻辑  \n3) 指标上报（丢包、延迟、缓冲深度）  \n\n**Skill 建议**  \nCI 失败修复：`gh-fix-ci`\n\n---\n\n## 任务模板（Issue 建议格式）\n\n标题：`[模块] 简短描述`  \n内容：\n- 目标  \n- 输入/输出  \n- 依赖  \n- 验收标准  \n\n---\n\n## 验收规则（简化版）\n\n- M0：虚拟麦克风可见 + 写入稳定  \n- M1：默认参数端到端跑通  \n- M2：参数可调 + 自动回退  \n- M3：稳定性与恢复达标\n","exit_code":0,"status":"completed"}}
{"type":"item.completed","item":{"id":"item_8","type":"reasoning","text":"**Reviewing session logs tail**\n\nI'm preparing to inspect the tails of SESSION_LOG and DECISIONS sources to extract relevant parts for further analysis."}}
{"type":"item.started","item":{"id":"item_9","type":"command_execution","command":"/bin/bash -lc \"sed -n '1,120p' docs/SESSION_LOG.md\"","aggregated_output":"","exit_code":null,"status":"in_progress"}}
{"type":"item.completed","item":{"id":"item_9","type":"command_execution","command":"/bin/bash -lc \"sed -n '1,120p' docs/SESSION_LOG.md\"","aggregated_output":"# SESSION LOG\n\n## 2026-01-27\n- DONE: 将 `scripts/agent_bootstrap.sh` 升级为“前台监督器入口”，自动自检/启动 Hub/autopilot/任务种子/骨架初始化；为 autopilot 增加 `--context` 防递归；新增 `scripts/seed_tasks.py`、`scripts/bootstrap/bootstrap_workspace.sh`、Rust workspace 骨架（`Cargo.toml` + `crates/`）、Linux 自检脚本（`scripts/linux/audio_selfcheck.sh`）以及协议草案文档（`docs/PROTO.md`）。\n- DONE(20:05+08): 当 Hub 启动失败且日志包含 PermissionError/operation not permitted 时，`agent_bootstrap.sh` 会给出“受限环境禁止监听端口”的明确提示，并指向 `/.autopilot/logs/hub.log`。\n- DONE(20:08+08): 修复 `scripts/linux/audio_selfcheck.sh` 的 trap 作用域问题（函数返回后清理访问局部变量导致 `set -u` 报错）；将清理函数提升到脚本级并在 smoke 前重置状态。\n- DONE(20:04+08): 以 scribe 视角执行 `scripts/agent_bootstrap.sh --context`；尝试启动/注册 Hub 以拉取 tasks/events。\n- DONE(20:04+08): 按 scribe 循环尝试 `register` / `tasks` / `events`（`curl -s http://127.0.0.1:7788/...`），当前环境返回 exit=7（无法连接 Hub）。\n- DONE(20:07+08): 复跑 `scripts/agent_bootstrap.sh --once`；Hub health/agents/tasks 仍为空（与端口绑定受限一致）。\n- DONE(20:11+08): 在 Hub 不可达时改用 `sqlite3 agent_hub.db` 查看任务种子；当前任务均为 `queued`（含 `M0-001-linux-audio-selfcheck`、`M1-001-protocol-doc` 等）。\n- BLOCKER: 本机缺少 cargo（Rust 工具链）；未配置 `BUILDER_MAC_SSH`；codex 可能尚未登录（需用户侧一次性处理）。\n- BLOCKER(20:04+08): 当前沙箱环境禁止监听 TCP 端口；`python3 agent-hub/agent_hub.py` 报 `PermissionError: [Errno 1] Operation not permitted`，因此无法读取 Hub 的 tasks/events。\n- BLOCKER(20:04+08): 复现 Hub 启动失败；日志位于 `/tmp/netmic_hub.log`（绑定 `:7788` 被拒绝）。\n- NEXT: 安装 rustup/cargo；在 `.autopilot/runner.env` 填写跨机配置（或在 mac 也运行监督器）；随后直接运行 `scripts/agent_bootstrap.sh` 进入持续开发。\n- NEXT(20:04+08): 在可监听端口的真实机/Runner 上启动 Hub（或用监督器入口自动拉起），再由 scribe 基于 Hub 事件更新日志与 TODO。\n- TEST: 运行 `scripts/agent_bootstrap.sh --context`；运行 `scripts/agent_bootstrap.sh --once` 后执行 `scripts/autopilot.sh stop` 并用 `ss -ltnp '( sport = :7788 )'` 确认 Hub 可停止；运行 `scripts/linux/audio_selfcheck_test.sh`（stub pactl 测试通过）。\n- TEST(20:05+08): 运行 `ROLE= PATH=/usr/bin:/bin scripts/agent_bootstrap.sh --once`，确认置顶提示包含“PermissionError/受限环境禁止监听端口”的明确说明。\n- TEST(20:08+08): 运行 `bash scripts/linux/audio_selfcheck_test.sh`，stub pactl 场景通过，确认不再出现 `source_id: 未绑定的变量`。\n- TEST(20:04+08): 再次运行 `scripts/agent_bootstrap.sh --context`；尝试 `nohup python3 agent-hub/agent_hub.py`（受限环境下启动失败，见 `/tmp/netmic_hub.log`）。\n- TEST(20:07+08): 运行 `scripts/agent_bootstrap.sh --once`（在无 Hub/cargo 时仍能输出上下文摘要并保持幂等退出）。\n- DONE(20:07+08): 仓库新增 Linux 音频注入自检脚本 `scripts/linux/audio_selfcheck.sh`，并提供 stub 测试 `scripts/linux/audio_selfcheck_test.sh`，覆盖 pactl 缺失与 smoke 成功路径。\n- BLOCKER(20:09+08): 当前环境未运行 Pulse/PipeWire 服务端，执行 `scripts/linux/audio_selfcheck.sh` 时 `pactl info` 失败；Hub 仍受限于端口绑定权限，无法通过 Hub 领取/回写任务状态。\n- NEXT(20:09+08): 在真实 Linux Runner 上执行 `scripts/linux/audio_selfcheck.sh --smoke` 验证可创建临时虚拟麦克风，然后继续推进 M0 虚拟麦克风注入与测试音写入。\n- TEST(20:09+08): 运行 `bash scripts/linux/audio_selfcheck_test.sh`（通过）；运行 `bash scripts/linux/audio_selfcheck.sh`（返回 NOT_READY，符合受限环境预期）。\n- DONE: 在缺少 cargo 的情况下手动创建 Rust workspace（`Cargo.toml` + `crates/netmic-{proto,server,client}`），并实现 `netmic-proto` 的 UDP datagram 分流骨架与 `netmic-server` 的单客户端占用握手/忙碌响应逻辑；同步新增 `docs/PROTO.md` 作为协议事实来源。\n- BLOCKER: 沙箱禁止监听端口，无法在本机启动 Hub（`agent-hub.py` 报 `PermissionError: Operation not permitted`）；同时本机仍缺少 cargo，无法执行 `cargo check`/单元测试。\n- NEXT: 用户侧安装 rustup/cargo 后运行 `cargo check -p netmic-server` 与 `cargo test -p netmic-proto`；在允许监听端口的环境中重新注册 Hub 并认领任务。\n- TEST: 运行 `scripts/agent_bootstrap.sh --context`；尝试 `cargo --version`（失败：未找到命令）；尝试启动 `agent-hub/agent_hub.py`（失败：权限受限）。\n- DONE(20:09+08): 以 orchestrator 视角执行清单：尝试 register/agents/tasks（均因端口受限失败），转为离线推进；新增协议事实来源 `docs/PROTO.md`，并补齐 `crates/netmic-proto/src/protocol.rs` 与 `crates/netmic-{server,client}/src/main.rs` 最小骨架。\n- BLOCKER(20:09+08): 当前沙箱禁止绑定/访问 `127.0.0.1:7788`，无法通过 Hub 进行任务队列检查与 claim/release。\n- NEXT(20:09+08): 在可监听端口的 Runner 上重新执行 register + `/v1/agents` + `/v1/tasks`；若队列为空，运行 `scripts/seed_tasks.py --hub <hub>` 注入任务种子，并优先推进 M0 虚拟麦克风自检/写入链路。\n- TEST(20:09+08): 运行 `scripts/agent_bootstrap.sh --context`（成功）；运行 `python3 -m py_compile scripts/seed_tasks.py`（成功）；Rust 侧因缺少 cargo 无法执行 `cargo check`。\n","exit_code":0,"status":"completed"}}
{"type":"item.completed","item":{"id":"item_10","type":"reasoning","text":"**Deciding text extraction method**"}}
{"type":"item.started","item":{"id":"item_11","type":"command_execution","command":"/bin/bash -lc \"sed -n '1,120p' docs/DECISIONS.md\"","aggregated_output":"","exit_code":null,"status":"in_progress"}}
{"type":"item.completed","item":{"id":"item_11","type":"command_execution","command":"/bin/bash -lc \"sed -n '1,120p' docs/DECISIONS.md\"","aggregated_output":"# DECISIONS\n\n## 2026-01-27\n- 背景：期望用户只运行 `scripts/agent_bootstrap.sh` 即可持续推进 MVP 开发，并在阻塞时得到明确提示。\n- 决策：将 `agent_bootstrap.sh` 设计为“前台监督器入口”，自动拉起 Hub/autopilot/任务种子/骨架初始化；在 agent 循环中使用 `--context` 退化为上下文摘要器，避免递归启动。\n- 影响：自动驾驶流程统一入口，但会在后台启动多个 agent 循环；停止需显式执行 `scripts/agent_bootstrap.sh --stop`（或 `scripts/autopilot.sh stop`）。\n\n- 背景：`netmic-proto` 已引用 `protocol` 模块，但仓库中缺少协议事实来源与最小结构定义，容易造成 client/server 漂移。\n- 决策：新增 `docs/PROTO.md` 作为 MVP 协议事实来源，并在 `netmic-proto` 中补齐 `SessionParams / Handshake / Heartbeat / StatsSnapshot / AudioFrameHeader` 最小结构；握手阶段显式携带 `session_id`，服务端原样回显。\n- 影响：后续协议字段调整必须先更新 `docs/PROTO.md`；builder 可直接围绕这些结构体落地最小 UDP 骨架。\n\n## 2026-01-27（scribe/受限环境策略）\n- 背景：当前 Codex 沙箱无法监听 TCP 端口，`agent-hub` 绑定 `:7788` 会失败，Hub 不可达。\n- 决策：scribe 在受限环境不强依赖 Hub；以 `scripts/agent_bootstrap.sh --context` 与 MVP/ROADMAP 为准更新 `SESSION_LOG`/`TODO`，并显式记录 Hub 阻塞。\n- 影响：日志与优先级可保持可读，但 tasks/events 需在真实 Runner 上补齐与回写。\n","exit_code":0,"status":"completed"}}
{"type":"item.completed","item":{"id":"item_12","type":"reasoning","text":"**Attempting hub state check despite inaccessibility**"}}
{"type":"item.started","item":{"id":"item_13","type":"command_execution","command":"/bin/bash -lc 'curl -s \"http://127.0.0.1:7788/v1/agents?active_within=600&limit=50\"'","aggregated_output":"","exit_code":null,"status":"in_progress"}}
{"type":"item.completed","item":{"id":"item_13","type":"command_execution","command":"/bin/bash -lc 'curl -s \"http://127.0.0.1:7788/v1/agents?active_within=600&limit=50\"'","aggregated_output":"","exit_code":7,"status":"failed"}}
{"type":"item.started","item":{"id":"item_14","type":"command_execution","command":"/bin/bash -lc 'curl -s \"http://127.0.0.1:7788/v1/tasks?limit=50\"'","aggregated_output":"","exit_code":null,"status":"in_progress"}}
{"type":"item.completed","item":{"id":"item_14","type":"command_execution","command":"/bin/bash -lc 'curl -s \"http://127.0.0.1:7788/v1/tasks?limit=50\"'","aggregated_output":"","exit_code":7,"status":"failed"}}
{"type":"item.completed","item":{"id":"item_15","type":"reasoning","text":"**Preparing offline task check**\n\nPlanning to detect and query the local agent_hub.db using sqlite3 to work around the unreachable hub; I'll first verify the file's existence before querying tasks to avoid committing the database."}}
{"type":"item.started","item":{"id":"item_16","type":"command_execution","command":"/bin/bash -lc \"ls -l agent_hub.db && sqlite3 agent_hub.db '.tables'\"","aggregated_output":"","exit_code":null,"status":"in_progress"}}
{"type":"item.completed","item":{"id":"item_16","type":"command_execution","command":"/bin/bash -lc \"ls -l agent_hub.db && sqlite3 agent_hub.db '.tables'\"","aggregated_output":"-rw-r--r--. 1 arc arc 65536  1月27日 19:54 agent_hub.db\nagents                session_participants  task_updates        \nevents                sessions              tasks               \n","exit_code":0,"status":"completed"}}
{"type":"item.completed","item":{"id":"item_17","type":"reasoning","text":"**Planning task querying**\n\nI'm focusing on querying tasks using sqlite3 and selecting a relevant subset to display."}}
{"type":"item.started","item":{"id":"item_18","type":"command_execution","command":"/bin/bash -lc 'sqlite3 agent_hub.db \"select task_id,status,meta from tasks order by updated_at desc limit 20;\"'","aggregated_output":"","exit_code":null,"status":"in_progress"}}
{"type":"item.completed","item":{"id":"item_18","type":"command_execution","command":"/bin/bash -lc 'sqlite3 agent_hub.db \"select task_id,status,meta from tasks order by updated_at desc limit 20;\"'","aggregated_output":"BOOT-001-workspace-skeleton|queued|{\"target_role\":\"builder-linux\",\"milestone\":\"bootstrap\",\"objective\":\"\\u8fd0\\u884c scripts/bootstrap/bootstrap_workspace.sh \\u521b\\u5efa Rust \\u5de5\\u4f5c\\u533a\\u9aa8\\u67b6\\uff0c\\u5e76\\u786e\\u4fdd cargo check \\u901a\\u8fc7\\u3002\",\"acceptance\":[\"\\u6839\\u76ee\\u5f55\\u5b58\\u5728 Cargo.toml workspace \\u914d\\u7f6e\",\"crates/netmic-{proto,server,client} \\u5b58\\u5728\\u4e14 cargo check \\u901a\\u8fc7\",\"docs/SESSION_LOG.md \\u8bb0\\u5f55\\u672c\\u6b21\\u9aa8\\u67b6\\u521d\\u59cb\\u5316\\u7ed3\\u679c\"],\"doc_refs\":[\"MVP.md#4\",\"docs/ROADMAP.md\"]}\nBOOT-002-session-docs-init|queued|{\"target_role\":\"scribe\",\"milestone\":\"bootstrap\",\"objective\":\"\\u521d\\u59cb\\u5316 docs/SESSION_LOG.md \\u4e0e docs/DECISIONS.md \\u7684\\u6700\\u5c0f\\u7ed3\\u6784\\uff0c\\u5e76\\u8bb0\\u5f55\\u81ea\\u52a8\\u9a7e\\u9a76\\u5165\\u53e3\\u7684\\u8fd0\\u884c\\u65b9\\u5f0f\\u3002\",\"acceptance\":[\"docs/SESSION_LOG.md \\u5305\\u542b DONE/BLOCKER/NEXT/TEST \\u6a21\\u677f\",\"docs/DECISIONS.md \\u5305\\u542b\\u65e5\\u671f\\u4e0e\\u51b3\\u7b56\\u6a21\\u677f\",\"\\u6587\\u6863\\u660e\\u786e agent_bootstrap.sh \\u662f\\u5165\\u53e3\"],\"doc_refs\":[\"docs/CONTINUOUS_AUTOPILOT.md\",\"docs/WORKFLOW.md\"]}\nM0-001-linux-audio-selfcheck|queued|{\"target_role\":\"builder-linux\",\"milestone\":\"M0\",\"objective\":\"\\u5b9e\\u73b0 Linux \\u97f3\\u9891\\u6ce8\\u5165\\u81ea\\u68c0\\u811a\\u672c\\uff08pactl/pipewire-pulse\\uff09\\uff0c\\u5e76\\u63d0\\u4f9b\\u6700\\u5c0f smoke test\\u3002\",\"acceptance\":[\"\\u5b58\\u5728 scripts/linux/audio_selfcheck.sh \\u6216 .py\",\"\\u811a\\u672c\\u80fd\\u8f93\\u51fa\\u662f\\u5426\\u53ef\\u521b\\u5efa\\u865a\\u62df\\u9ea6\\u514b\\u98ce\\u7684\\u7ed3\\u8bba\",\"\\u7ed3\\u679c\\u5199\\u5165 docs/SESSION_LOG.md\"],\"doc_refs\":[\"MVP.md#6\",\"docs/ROADMAP.md#milestone-0\"]}\nM1-001-protocol-doc|queued|{\"target_role\":\"scribe\",\"milestone\":\"M1\",\"objective\":\"\\u6839\\u636e MVP.md \\u7684\\u8fb9\\u754c\\uff0c\\u4ea7\\u51fa docs/PROTO.md\\uff08\\u63e1\\u624b/\\u5fc3\\u8df3/\\u7edf\\u8ba1/\\u97f3\\u9891\\u5e27\\u6700\\u5c0f\\u7ed3\\u6784\\uff09\\u3002\",\"acceptance\":[\"docs/PROTO.md \\u63cf\\u8ff0\\u63e1\\u624b\\u8bf7\\u6c42/\\u54cd\\u5e94\\u5b57\\u6bb5\",\"\\u5b9a\\u4e49\\u6700\\u5c0f\\u97f3\\u9891\\u5e27\\u5934\\u7ed3\\u6784\\u4e0e\\u7edf\\u8ba1\\u5b57\\u6bb5\",\"\\u660e\\u786e\\u5355\\u5ba2\\u6237\\u7aef\\u5360\\u7528\\u4e0e BUSY \\u884c\\u4e3a\"],\"doc_refs\":[\"MVP.md#5\",\"docs/MODULE_OWNERS.md\"]}\nM1-002-server-udp-receiver|queued|{\"target_role\":\"builder-linux\",\"milestone\":\"M1\",\"objective\":\"\\u5728 netmic-server \\u4e2d\\u843d\\u5730 UDP \\u63a5\\u6536\\u9aa8\\u67b6\\uff08\\u63e1\\u624b/\\u97f3\\u9891\\u5305\\u5206\\u6d41\\u5360\\u4f4d\\uff09\\uff0c\\u5148\\u7528 PCM \\u8dd1\\u901a\\u94fe\\u8def\\u3002\",\"acceptance\":[\"netmic-server \\u80fd\\u76d1\\u542c UDP \\u7aef\\u53e3\",\"\\u80fd\\u533a\\u5206\\u63a7\\u5236\\u9762\\u4e0e\\u6570\\u636e\\u9762\\u6d88\\u606f\\u7c7b\\u578b\\uff08\\u5360\\u4f4d\\u5b9e\\u73b0\\u53ef\\uff09\",\"cargo check \\u901a\\u8fc7\\u4e14\\u5199\\u5165 SESSION_LOG\"],\"doc_refs\":[\"MVP.md#5\",\"docs/ROADMAP.md#milestone-1\"]}\nM1-003-client-capture-sender|queued|{\"target_role\":\"builder-mac\",\"milestone\":\"M1\",\"objective\":\"\\u5728 netmic-client \\u4e2d\\u5b9e\\u73b0\\u91c7\\u96c6/\\u91cd\\u91c7\\u6837/\\u53d1\\u9001\\u7684\\u6700\\u5c0f\\u9aa8\\u67b6\\uff08\\u53ef\\u5148\\u7528\\u5047\\u6570\\u636e/\\u6d4b\\u8bd5\\u97f3\\uff09\\u3002\",\"acceptance\":[\"netmic-client \\u5177\\u5907\\u53d1\\u9001\\u5faa\\u73af\\u9aa8\\u67b6\",\"\\u4e3a\\u540e\\u7eed\\u63a5\\u5165 cpal/rubato \\u9884\\u7559\\u6e05\\u6670\\u6a21\\u5757\\u7ed3\\u6784\",\"cargo check \\u901a\\u8fc7\\u4e14\\u5199\\u5165 SESSION_LOG\"],\"doc_refs\":[\"MVP.md#4\",\"docs/ROADMAP.md#milestone-1\"]}\nM2-001-config-validation|queued|{\"target_role\":\"builder-linux\",\"milestone\":\"M2\",\"objective\":\"\\u5728 netmic-proto \\u4e2d\\u52a0\\u5165\\u53c2\\u6570\\u6821\\u9a8c\\u4e0e\\u56de\\u9000\\u89c4\\u5219\\u9aa8\\u67b6\\uff08\\u5b89\\u5168\\u8303\\u56f4\\u4ee5 MVP.md \\u4e3a\\u51c6\\uff09\\u3002\",\"acceptance\":[\"\\u5b58\\u5728\\u53c2\\u6570\\u6821\\u9a8c\\u5165\\u53e3\\uff08validate \\u6216 normalize\\uff09\",\"\\u80fd\\u8868\\u8fbe\\u56de\\u9000\\u5230\\u9ed8\\u8ba4\\u503c\\u7684\\u7ed3\\u679c\\u7ed3\\u6784\",\"\\u5173\\u952e\\u8303\\u56f4\\u5199\\u5165\\u6ce8\\u91ca\\u5e76\\u5f15\\u7528 MVP.md\"],\"doc_refs\":[\"MVP.md#3\",\"docs/ROADMAP.md#milestone-2\"]}\nM3-001-metrics-and-reconnect|queued|{\"target_role\":\"builder-linux\",\"milestone\":\"M3\",\"objective\":\"\\u5728 server/client \\u4fa7\\u8865\\u9f50\\u6307\\u6807\\u4e0e\\u91cd\\u8fde\\u72b6\\u6001\\u673a\\u9aa8\\u67b6\\uff08\\u65e5\\u5fd7\\u53ef\\u89c2\\u6d4b\\u4f18\\u5148\\uff09\\u3002\",\"acceptance\":[\"\\u65e5\\u5fd7\\u4e2d\\u53ef\\u89c1\\u72b6\\u6001\\u673a\\u8f6c\\u6362\",\"\\u5b58\\u5728\\u4e22\\u5305/\\u7f13\\u51b2\\u6df1\\u5ea6\\u7b49\\u6307\\u6807\\u7ed3\\u6784\\u5360\\u4f4d\",\"\\u6587\\u6863\\u6216\\u6ce8\\u91ca\\u89e3\\u91ca\\u6062\\u590d\\u7a97\\u53e3\\u76ee\\u6807\\uff0810 \\u79d2\\u5185\\uff09\"],\"doc_refs\":[\"MVP.md#8\",\"docs/ROADMAP.md#milestone-3\"]}\n","exit_code":0,"status":"completed"}}
/home/arc/code/NetMic/.autopilot/orchestrator.loop.sh: 第 25 行：115027 已杀死                  codex exec --full-auto -C /home/arc/code/NetMic -o "/home/arc/code/NetMic/.autopilot/logs/orchestrator.last.txt" --json < "/home/arc/code/NetMic/.autopilot/orchestrator.prompt.txt" >> "/home/arc/code/NetMic/.autopilot/logs/orchestrator.log" 2>&1
[2026-01-27T20:13:53+08:00] role=orchestrator iter=1
== NetMic context ==
time:   2026-01-27T20:13:53+08:00
repo:   NetMic
path:   /home/arc/code/NetMic
branch: main
status:
## main...origin/main [领先 2]
 M .autopilot/hub_url.txt
 M docs/CONTINUOUS_AUTOPILOT.md
 M docs/DECISIONS.md
 M docs/SESSION_LOG.md
 M docs/TODO.md
 M docs/WORKFLOW.md
 M scripts/agent_bootstrap.sh
 M scripts/autopilot.sh
 M scripts/prompts/builder_linux.txt
 M scripts/prompts/builder_mac.txt
 M scripts/prompts/orchestrator.txt
 M scripts/prompts/scribe.txt
?? .autopilot/runner.env.example
?? .gitignore
?? Cargo.toml
?? crates/
?? docs/PROTO.md
?? scripts/bootstrap/
?? scripts/linux/
?? scripts/seed_tasks.py

-- HUB health --
{"ok":true,"time":1769516033,"agents":0,"tasks":8,"sessions":0}
-- HUB agents (active_within=600) --
{"ok":true,"agents":[]}
-- HUB tasks --
{"ok":true,"tasks":[{"task_id":"BOOT-001-workspace-skeleton","status":"queued","claimed_by":null,"meta":{"target_role":"builder-linux","milestone":"bootstrap","objective":"\u8fd0\u884c scripts/bootstrap/bootstrap_workspace.sh \u521b\u5efa Rust \u5de5\u4f5c\u533a\u9aa8\u67b6\uff0c\u5e76\u786e\u4fdd cargo check \u901a\u8fc7\u3002","acceptance":["\u6839\u76ee\u5f55\u5b58\u5728 Cargo.toml workspace \u914d\u7f6e","crates/netmic-{proto,server,client} \u5b58\u5728\u4e14 cargo check \u901a\u8fc7","docs/SESSION_LOG.md \u8bb0\u5f55\u672c\u6b21\u9aa8\u67b6\u521d\u59cb\u5316\u7ed3\u679c"],"doc_refs":["MVP.md#4","docs/ROADMAP.md"]},"summary":"","updated_at":1769514854},{"task_id":"BOOT-002-session-docs-init","status":"queued","claimed_by":null,"meta":{"target_role":"scribe","milestone":"bootstrap","objective":"\u521d\u59cb\u5316 docs/SESSION_LOG.md \u4e0e docs/DECISIONS.md \u7684\u6700\u5c0f\u7ed3\u6784\uff0c\u5e76\u8bb0\u5f55\u81ea\u52a8\u9a7e\u9a76\u5165\u53e3\u7684\u8fd0\u884c\u65b9\u5f0f\u3002","acceptance":["docs/SESSION_LOG.md \u5305\u542b DONE/BLOCKER/NEXT/TEST \u6a21\u677f","docs/DECISIONS.md \u5305\u542b\u65e5\u671f\u4e0e\u51b3\u7b56\u6a21\u677f","\u6587\u6863\u660e\u786e agent_bootstrap.sh \u662f\u5165\u53e3"],"doc_refs":["docs/CONTINUOUS_AUTOPILOT.md","docs/WORKFLOW.md"]},"summary":"","updated_at":1769514854},{"task_id":"M0-001-linux-audio-selfcheck","status":"queued","claimed_by":null,"meta":{"target_role":"builder-linux","milestone":"M0","objective":"\u5b9e\u73b0 Linux \u97f3\u9891\u6ce8\u5165\u81ea\u68c0\u811a\u672c\uff08pactl/pipewire-pulse\uff09\uff0c\u5e76\u63d0\u4f9b\u6700\u5c0f smoke test\u3002","acceptance":["\u5b58\u5728 scripts/linux/audio_selfcheck.sh \u6216 .py","\u811a\u672c\u80fd\u8f93\u51fa\u662f\u5426\u53ef\u521b\u5efa\u865a\u62df\u9ea6\u514b\u98ce\u7684\u7ed3\u8bba","\u7ed3\u679c\u5199\u5165 docs/SESSION_LOG.md"],"doc_refs":["MVP.md#6","docs/ROADMAP.md#milestone-0"]},"summary":"","updated_at":1769514854},{"task_id":"M1-001-protocol-doc","status":"queued","claimed_by":null,"meta":{"target_role":"scribe","milestone":"M1","objective":"\u6839\u636e MVP.md \u7684\u8fb9\u754c\uff0c\u4ea7\u51fa docs/PROTO.md\uff08\u63e1\u624b/\u5fc3\u8df3/\u7edf\u8ba1/\u97f3\u9891\u5e27\u6700\u5c0f\u7ed3\u6784\uff09\u3002","acceptance":["docs/PROTO.md \u63cf\u8ff0\u63e1\u624b\u8bf7\u6c42/\u54cd\u5e94\u5b57\u6bb5","\u5b9a\u4e49\u6700\u5c0f\u97f3\u9891\u5e27\u5934\u7ed3\u6784\u4e0e\u7edf\u8ba1\u5b57\u6bb5","\u660e\u786e\u5355\u5ba2\u6237\u7aef\u5360\u7528\u4e0e BUSY \u884c\u4e3a"],"doc_refs":["MVP.md#5","docs/MODULE_OWNERS.md"]},"summary":"","updated_at":1769514854},{"task_id":"M1-002-server-udp-receiver","status":"queued","claimed_by":null,"meta":{"target_role":"builder-linux","milestone":"M1","objective":"\u5728 netmic-server \u4e2d\u843d\u5730 UDP \u63a5\u6536\u9aa8\u67b6\uff08\u63e1\u624b/\u97f3\u9891\u5305\u5206\u6d41\u5360\u4f4d\uff09\uff0c\u5148\u7528 PCM \u8dd1\u901a\u94fe\u8def\u3002","acceptance":["netmic-server \u80fd\u76d1\u542c UDP \u7aef\u53e3","\u80fd\u533a\u5206\u63a7\u5236\u9762\u4e0e\u6570\u636e\u9762\u6d88\u606f\u7c7b\u578b\uff08\u5360\u4f4d\u5b9e\u73b0\u53ef\uff09","cargo check \u901a\u8fc7\u4e14\u5199\u5165 SESSION_LOG"],"doc_refs":["MVP.md#5","docs/ROADMAP.md#milestone-1"]},"summary":"","updated_at":1769514854},{"task_id":"M1-003-client-capture-sender","status":"queued","claimed_by":null,"meta":{"target_role":"builder-mac","milestone":"M1","objective":"\u5728 netmic-client \u4e2d\u5b9e\u73b0\u91c7\u96c6/\u91cd\u91c7\u6837/\u53d1\u9001\u7684\u6700\u5c0f\u9aa8\u67b6\uff08\u53ef\u5148\u7528\u5047\u6570\u636e/\u6d4b\u8bd5\u97f3\uff09\u3002","acceptance":["netmic-client \u5177\u5907\u53d1\u9001\u5faa\u73af\u9aa8\u67b6","\u4e3a\u540e\u7eed\u63a5\u5165 cpal/rubato \u9884\u7559\u6e05\u6670\u6a21\u5757\u7ed3\u6784","cargo check \u901a\u8fc7\u4e14\u5199\u5165 SESSION_LOG"],"doc_refs":["MVP.md#4","docs/ROADMAP.md#milestone-1"]},"summary":"","updated_at":1769514854},{"task_id":"M2-001-config-validation","status":"queued","claimed_by":null,"meta":{"target_role":"builder-linux","milestone":"M2","objective":"\u5728 netmic-proto \u4e2d\u52a0\u5165\u53c2\u6570\u6821\u9a8c\u4e0e\u56de\u9000\u89c4\u5219\u9aa8\u67b6\uff08\u5b89\u5168\u8303\u56f4\u4ee5 MVP.md \u4e3a\u51c6\uff09\u3002","acceptance":["\u5b58\u5728\u53c2\u6570\u6821\u9a8c\u5165\u53e3\uff08validate \u6216 normalize\uff09","\u80fd\u8868\u8fbe\u56de\u9000\u5230\u9ed8\u8ba4\u503c\u7684\u7ed3\u679c\u7ed3\u6784","\u5173\u952e\u8303\u56f4\u5199\u5165\u6ce8\u91ca\u5e76\u5f15\u7528 MVP.md"],"doc_refs":["MVP.md#3","docs/ROADMAP.md#milestone-2"]},"summary":"","updated_at":1769514854},{"task_id":"M3-001-metrics-and-reconnect","status":"queued","claimed_by":null,"meta":{"target_role":"builder-linux","milestone":"M3","objective":"\u5728 server/client \u4fa7\u8865\u9f50\u6307\u6807\u4e0e\u91cd\u8fde\u72b6\u6001\u673a\u9aa8\u67b6\uff08\u65e5\u5fd7\u53ef\u89c2\u6d4b\u4f18\u5148\uff09\u3002","acceptance":["\u65e5\u5fd7\u4e2d\u53ef\u89c1\u72b6\u6001\u673a\u8f6c\u6362","\u5b58\u5728\u4e22\u5305/\u7f13\u51b2\u6df1\u5ea6\u7b49\u6307\u6807\u7ed3\u6784\u5360\u4f4d","\u6587\u6863\u6216\u6ce8\u91ca\u89e3\u91ca\u6062\u590d\u7a97\u53e3\u76ee\u6807\uff0810 \u79d2\u5185\uff09"],"doc_refs":["MVP.md#8","docs/ROADMAP.md#milestone-3"]},"summary":"","updated_at":1769514854}]}
-- SESSION_LOG tail --
- TEST(20:08+08): 运行 `bash scripts/linux/audio_selfcheck_test.sh`，stub pactl 场景通过，确认不再出现 `source_id: 未绑定的变量`。
- TEST(20:04+08): 再次运行 `scripts/agent_bootstrap.sh --context`；尝试 `nohup python3 agent-hub/agent_hub.py`（受限环境下启动失败，见 `/tmp/netmic_hub.log`）。
- TEST(20:07+08): 运行 `scripts/agent_bootstrap.sh --once`（在无 Hub/cargo 时仍能输出上下文摘要并保持幂等退出）。
- DONE(20:07+08): 仓库新增 Linux 音频注入自检脚本 `scripts/linux/audio_selfcheck.sh`，并提供 stub 测试 `scripts/linux/audio_selfcheck_test.sh`，覆盖 pactl 缺失与 smoke 成功路径。
- BLOCKER(20:09+08): 当前环境未运行 Pulse/PipeWire 服务端，执行 `scripts/linux/audio_selfcheck.sh` 时 `pactl info` 失败；Hub 仍受限于端口绑定权限，无法通过 Hub 领取/回写任务状态。
- NEXT(20:09+08): 在真实 Linux Runner 上执行 `scripts/linux/audio_selfcheck.sh --smoke` 验证可创建临时虚拟麦克风，然后继续推进 M0 虚拟麦克风注入与测试音写入。
- TEST(20:09+08): 运行 `bash scripts/linux/audio_selfcheck_test.sh`（通过）；运行 `bash scripts/linux/audio_selfcheck.sh`（返回 NOT_READY，符合受限环境预期）。
- DONE: 在缺少 cargo 的情况下手动创建 Rust workspace（`Cargo.toml` + `crates/netmic-{proto,server,client}`），并实现 `netmic-proto` 的 UDP datagram 分流骨架与 `netmic-server` 的单客户端占用握手/忙碌响应逻辑；同步新增 `docs/PROTO.md` 作为协议事实来源。
- BLOCKER: 沙箱禁止监听端口，无法在本机启动 Hub（`agent-hub.py` 报 `PermissionError: Operation not permitted`）；同时本机仍缺少 cargo，无法执行 `cargo check`/单元测试。
- NEXT: 用户侧安装 rustup/cargo 后运行 `cargo check -p netmic-server` 与 `cargo test -p netmic-proto`；在允许监听端口的环境中重新注册 Hub 并认领任务。
- TEST: 运行 `scripts/agent_bootstrap.sh --context`；尝试 `cargo --version`（失败：未找到命令）；尝试启动 `agent-hub/agent_hub.py`（失败：权限受限）。
- DONE(20:09+08): 以 orchestrator 视角执行清单：尝试 register/agents/tasks（均因端口受限失败），转为离线推进；新增协议事实来源 `docs/PROTO.md`，并补齐 `crates/netmic-proto/src/protocol.rs` 与 `crates/netmic-{server,client}/src/main.rs` 最小骨架。
- BLOCKER(20:09+08): 当前沙箱禁止绑定/访问 `127.0.0.1:7788`，无法通过 Hub 进行任务队列检查与 claim/release。
- NEXT(20:09+08): 在可监听端口的 Runner 上重新执行 register + `/v1/agents` + `/v1/tasks`；若队列为空，运行 `scripts/seed_tasks.py --hub <hub>` 注入任务种子，并优先推进 M0 虚拟麦克风自检/写入链路。
- TEST(20:09+08): 运行 `scripts/agent_bootstrap.sh --context`（成功）；运行 `python3 -m py_compile scripts/seed_tasks.py`（成功）；Rust 侧因缺少 cargo 无法执行 `cargo check`。

-- DECISIONS tail --
- 影响：自动驾驶流程统一入口，但会在后台启动多个 agent 循环；停止需显式执行 `scripts/agent_bootstrap.sh --stop`（或 `scripts/autopilot.sh stop`）。

- 背景：`netmic-proto` 已引用 `protocol` 模块，但仓库中缺少协议事实来源与最小结构定义，容易造成 client/server 漂移。
- 决策：新增 `docs/PROTO.md` 作为 MVP 协议事实来源，并在 `netmic-proto` 中补齐 `SessionParams / Handshake / Heartbeat / StatsSnapshot / AudioFrameHeader` 最小结构；握手阶段显式携带 `session_id`，服务端原样回显。
- 影响：后续协议字段调整必须先更新 `docs/PROTO.md`；builder 可直接围绕这些结构体落地最小 UDP 骨架。

## 2026-01-27（scribe/受限环境策略）
- 背景：当前 Codex 沙箱无法监听 TCP 端口，`agent-hub` 绑定 `:7788` 会失败，Hub 不可达。
- 决策：scribe 在受限环境不强依赖 Hub；以 `scripts/agent_bootstrap.sh --context` 与 MVP/ROADMAP 为准更新 `SESSION_LOG`/`TODO`，并显式记录 Hub 阻塞。
- 影响：日志与优先级可保持可读，但 tasks/events 需在真实 Runner 上补齐与回写。

-- TODO head --
# TODO（MVP 自动驾驶看板）

当前优先级（与 Hub 任务队列配合）：
- 用户前置：安装 rustup/cargo，确保 `cargo check` 可运行。
- 用户前置：配置 `.autopilot/runner.env`（至少补全 `BUILDER_MAC_SSH` 或在 mac 端也运行监督器）。
- 环境前置：在可监听端口的真实机/Runner 上启动 Hub（受限沙箱可能无法绑定 `:7788`）。
- 里程碑优先：当 cargo/Hub 可用后，先推进 M0（pactl/pipewire 自检 → virtual source 创建 → sine wave 持续写入 5 分钟 smoke）。
- 自动驾驶：运行 `scripts/agent_bootstrap.sh`，观察置顶提示并清除阻塞项。

Next: follow MVP.md + docs/ROADMAP.md, pick one small task and validate it.
Reading prompt from stdin...
{"type":"thread.started","thread_id":"019bff5f-e509-7611-8fad-356e67bda5b2"}
{"type":"turn.started"}
[2026-01-27T20:18:31+08:00] role=orchestrator iter=2
== NetMic context ==
time:   2026-01-27T20:18:31+08:00
repo:   NetMic
path:   /home/arc/code/NetMic
branch: main
status:
## main...origin/main [领先 2]
 M docs/CONTINUOUS_AUTOPILOT.md
 M docs/DECISIONS.md
 M docs/ROADMAP.md
 M docs/SESSION_LOG.md
 M docs/TODO.md
 M docs/WORKFLOW.md
 M scripts/agent_bootstrap.sh
 M scripts/autopilot.sh
 M scripts/prompts/builder_linux.txt
 M scripts/prompts/builder_mac.txt
 M scripts/prompts/orchestrator.txt
 M scripts/prompts/scribe.txt
?? .autopilot/runner.env.example
?? .gitignore
?? Cargo.toml
?? crates/
?? docs/PROTO.md
?? scripts/bootstrap/
?? scripts/linux/
?? scripts/seed_tasks.py

-- HUB health --

-- HUB agents (active_within=600) --

-- HUB tasks --

-- SESSION_LOG tail --
- TEST(20:08+08): 运行 `bash scripts/linux/audio_selfcheck_test.sh`，stub pactl 场景通过，确认不再出现 `source_id: 未绑定的变量`。
- TEST(20:04+08): 再次运行 `scripts/agent_bootstrap.sh --context`；尝试 `nohup python3 agent-hub/agent_hub.py`（受限环境下启动失败，见 `/tmp/netmic_hub.log`）。
- TEST(20:07+08): 运行 `scripts/agent_bootstrap.sh --once`（在无 Hub/cargo 时仍能输出上下文摘要并保持幂等退出）。
- DONE(20:07+08): 仓库新增 Linux 音频注入自检脚本 `scripts/linux/audio_selfcheck.sh`，并提供 stub 测试 `scripts/linux/audio_selfcheck_test.sh`，覆盖 pactl 缺失与 smoke 成功路径。
- BLOCKER(20:09+08): 当前环境未运行 Pulse/PipeWire 服务端，执行 `scripts/linux/audio_selfcheck.sh` 时 `pactl info` 失败；Hub 仍受限于端口绑定权限，无法通过 Hub 领取/回写任务状态。
- NEXT(20:09+08): 在真实 Linux Runner 上执行 `scripts/linux/audio_selfcheck.sh --smoke` 验证可创建临时虚拟麦克风，然后继续推进 M0 虚拟麦克风注入与测试音写入。
- TEST(20:09+08): 运行 `bash scripts/linux/audio_selfcheck_test.sh`（通过）；运行 `bash scripts/linux/audio_selfcheck.sh`（返回 NOT_READY，符合受限环境预期）。
- DONE: 在缺少 cargo 的情况下手动创建 Rust workspace（`Cargo.toml` + `crates/netmic-{proto,server,client}`），并实现 `netmic-proto` 的 UDP datagram 分流骨架与 `netmic-server` 的单客户端占用握手/忙碌响应逻辑；同步新增 `docs/PROTO.md` 作为协议事实来源。
- BLOCKER: 沙箱禁止监听端口，无法在本机启动 Hub（`agent-hub.py` 报 `PermissionError: Operation not permitted`）；同时本机仍缺少 cargo，无法执行 `cargo check`/单元测试。
- NEXT: 用户侧安装 rustup/cargo 后运行 `cargo check -p netmic-server` 与 `cargo test -p netmic-proto`；在允许监听端口的环境中重新注册 Hub 并认领任务。
- TEST: 运行 `scripts/agent_bootstrap.sh --context`；尝试 `cargo --version`（失败：未找到命令）；尝试启动 `agent-hub/agent_hub.py`（失败：权限受限）。
- DONE(20:09+08): 以 orchestrator 视角执行清单：尝试 register/agents/tasks（均因端口受限失败），转为离线推进；新增协议事实来源 `docs/PROTO.md`，并补齐 `crates/netmic-proto/src/protocol.rs` 与 `crates/netmic-{server,client}/src/main.rs` 最小骨架。
- BLOCKER(20:09+08): 当前沙箱禁止绑定/访问 `127.0.0.1:7788`，无法通过 Hub 进行任务队列检查与 claim/release。
- NEXT(20:09+08): 在可监听端口的 Runner 上重新执行 register + `/v1/agents` + `/v1/tasks`；若队列为空，运行 `scripts/seed_tasks.py --hub <hub>` 注入任务种子，并优先推进 M0 虚拟麦克风自检/写入链路。
- TEST(20:09+08): 运行 `scripts/agent_bootstrap.sh --context`（成功）；运行 `python3 -m py_compile scripts/seed_tasks.py`（成功）；Rust 侧因缺少 cargo 无法执行 `cargo check`。

-- DECISIONS tail --
- 影响：自动驾驶流程统一入口，但会在后台启动多个 agent 循环；停止需显式执行 `scripts/agent_bootstrap.sh --stop`（或 `scripts/autopilot.sh stop`）。

- 背景：`netmic-proto` 已引用 `protocol` 模块，但仓库中缺少协议事实来源与最小结构定义，容易造成 client/server 漂移。
- 决策：新增 `docs/PROTO.md` 作为 MVP 协议事实来源，并在 `netmic-proto` 中补齐 `SessionParams / Handshake / Heartbeat / StatsSnapshot / AudioFrameHeader` 最小结构；握手阶段显式携带 `session_id`，服务端原样回显。
- 影响：后续协议字段调整必须先更新 `docs/PROTO.md`；builder 可直接围绕这些结构体落地最小 UDP 骨架。

## 2026-01-27（scribe/受限环境策略）
- 背景：当前 Codex 沙箱无法监听 TCP 端口，`agent-hub` 绑定 `:7788` 会失败，Hub 不可达。
- 决策：scribe 在受限环境不强依赖 Hub；以 `scripts/agent_bootstrap.sh --context` 与 MVP/ROADMAP 为准更新 `SESSION_LOG`/`TODO`，并显式记录 Hub 阻塞。
- 影响：日志与优先级可保持可读，但 tasks/events 需在真实 Runner 上补齐与回写。

-- TODO head --
# TODO（MVP 自动驾驶看板）

当前优先级（与 Hub 任务队列配合）：
- 用户前置：安装 rustup/cargo，确保 `cargo check` 可运行。
- 用户前置：配置 `.autopilot/runner.env`（至少补全 `BUILDER_MAC_SSH` 或在 mac 端也运行监督器）。
- 环境前置：在可监听端口的真实机/Runner 上启动 Hub（受限沙箱可能无法绑定 `:7788`）。
- 里程碑优先：当 cargo/Hub 可用后，先推进 M0（pactl/pipewire 自检 → virtual source 创建 → sine wave 持续写入 5 分钟 smoke）。
- 自动驾驶：运行 `scripts/agent_bootstrap.sh`，观察置顶提示并清除阻塞项。

Next: follow MVP.md + docs/ROADMAP.md, pick one small task and validate it.
Reading prompt from stdin...
{"type":"thread.started","thread_id":"019bff64-25e3-7ed2-a2bd-bdefa79fe117"}
{"type":"turn.started"}
{"type":"item.completed","item":{"id":"item_0","type":"reasoning","text":"**Planning bootstrap and inspection steps**\n\nPlanning to run the bootstrap script first, then agent registration, followed by inspecting key docs sequentially; outputs will be parsed internally for decision-making about agent state and tasks."}}
{"type":"item.started","item":{"id":"item_1","type":"command_execution","command":"/bin/bash -lc 'scripts/agent_bootstrap.sh --context'","aggregated_output":"","exit_code":null,"status":"in_progress"}}
{"type":"item.completed","item":{"id":"item_1","type":"command_execution","command":"/bin/bash -lc 'scripts/agent_bootstrap.sh --context'","aggregated_output":"== NetMic context ==\ntime:   2026-01-27T20:18:42+08:00\nrepo:   NetMic\npath:   /home/arc/code/NetMic\nbranch: main\nstatus:\n## main...origin/main [领先 2]\n M docs/CONTINUOUS_AUTOPILOT.md\n M docs/DECISIONS.md\n M docs/ROADMAP.md\n M docs/SESSION_LOG.md\n M docs/TODO.md\n M docs/WORKFLOW.md\n M scripts/agent_bootstrap.sh\n M scripts/autopilot.sh\n M scripts/prompts/builder_linux.txt\n M scripts/prompts/builder_mac.txt\n M scripts/prompts/orchestrator.txt\n M scripts/prompts/scribe.txt\n?? .autopilot/runner.env.example\n?? .gitignore\n?? Cargo.toml\n?? crates/\n?? docs/PROTO.md\n?? scripts/bootstrap/\n?? scripts/linux/\n?? scripts/seed_tasks.py\n\n-- HUB health --\n\n-- HUB agents (active_within=600) --\n\n-- HUB tasks --\n\n-- SESSION_LOG tail --\n- TEST(20:08+08): 运行 `bash scripts/linux/audio_selfcheck_test.sh`，stub pactl 场景通过，确认不再出现 `source_id: 未绑定的变量`。\n- TEST(20:04+08): 再次运行 `scripts/agent_bootstrap.sh --context`；尝试 `nohup python3 agent-hub/agent_hub.py`（受限环境下启动失败，见 `/tmp/netmic_hub.log`）。\n- TEST(20:07+08): 运行 `scripts/agent_bootstrap.sh --once`（在无 Hub/cargo 时仍能输出上下文摘要并保持幂等退出）。\n- DONE(20:07+08): 仓库新增 Linux 音频注入自检脚本 `scripts/linux/audio_selfcheck.sh`，并提供 stub 测试 `scripts/linux/audio_selfcheck_test.sh`，覆盖 pactl 缺失与 smoke 成功路径。\n- BLOCKER(20:09+08): 当前环境未运行 Pulse/PipeWire 服务端，执行 `scripts/linux/audio_selfcheck.sh` 时 `pactl info` 失败；Hub 仍受限于端口绑定权限，无法通过 Hub 领取/回写任务状态。\n- NEXT(20:09+08): 在真实 Linux Runner 上执行 `scripts/linux/audio_selfcheck.sh --smoke` 验证可创建临时虚拟麦克风，然后继续推进 M0 虚拟麦克风注入与测试音写入。\n- TEST(20:09+08): 运行 `bash scripts/linux/audio_selfcheck_test.sh`（通过）；运行 `bash scripts/linux/audio_selfcheck.sh`（返回 NOT_READY，符合受限环境预期）。\n- DONE: 在缺少 cargo 的情况下手动创建 Rust workspace（`Cargo.toml` + `crates/netmic-{proto,server,client}`），并实现 `netmic-proto` 的 UDP datagram 分流骨架与 `netmic-server` 的单客户端占用握手/忙碌响应逻辑；同步新增 `docs/PROTO.md` 作为协议事实来源。\n- BLOCKER: 沙箱禁止监听端口，无法在本机启动 Hub（`agent-hub.py` 报 `PermissionError: Operation not permitted`）；同时本机仍缺少 cargo，无法执行 `cargo check`/单元测试。\n- NEXT: 用户侧安装 rustup/cargo 后运行 `cargo check -p netmic-server` 与 `cargo test -p netmic-proto`；在允许监听端口的环境中重新注册 Hub 并认领任务。\n- TEST: 运行 `scripts/agent_bootstrap.sh --context`；尝试 `cargo --version`（失败：未找到命令）；尝试启动 `agent-hub/agent_hub.py`（失败：权限受限）。\n- DONE(20:09+08): 以 orchestrator 视角执行清单：尝试 register/agents/tasks（均因端口受限失败），转为离线推进；新增协议事实来源 `docs/PROTO.md`，并补齐 `crates/netmic-proto/src/protocol.rs` 与 `crates/netmic-{server,client}/src/main.rs` 最小骨架。\n- BLOCKER(20:09+08): 当前沙箱禁止绑定/访问 `127.0.0.1:7788`，无法通过 Hub 进行任务队列检查与 claim/release。\n- NEXT(20:09+08): 在可监听端口的 Runner 上重新执行 register + `/v1/agents` + `/v1/tasks`；若队列为空，运行 `scripts/seed_tasks.py --hub <hub>` 注入任务种子，并优先推进 M0 虚拟麦克风自检/写入链路。\n- TEST(20:09+08): 运行 `scripts/agent_bootstrap.sh --context`（成功）；运行 `python3 -m py_compile scripts/seed_tasks.py`（成功）；Rust 侧因缺少 cargo 无法执行 `cargo check`。\n\n-- DECISIONS tail --\n- 影响：自动驾驶流程统一入口，但会在后台启动多个 agent 循环；停止需显式执行 `scripts/agent_bootstrap.sh --stop`（或 `scripts/autopilot.sh stop`）。\n\n- 背景：`netmic-proto` 已引用 `protocol` 模块，但仓库中缺少协议事实来源与最小结构定义，容易造成 client/server 漂移。\n- 决策：新增 `docs/PROTO.md` 作为 MVP 协议事实来源，并在 `netmic-proto` 中补齐 `SessionParams / Handshake / Heartbeat / StatsSnapshot / AudioFrameHeader` 最小结构；握手阶段显式携带 `session_id`，服务端原样回显。\n- 影响：后续协议字段调整必须先更新 `docs/PROTO.md`；builder 可直接围绕这些结构体落地最小 UDP 骨架。\n\n## 2026-01-27（scribe/受限环境策略）\n- 背景：当前 Codex 沙箱无法监听 TCP 端口，`agent-hub` 绑定 `:7788` 会失败，Hub 不可达。\n- 决策：scribe 在受限环境不强依赖 Hub；以 `scripts/agent_bootstrap.sh --context` 与 MVP/ROADMAP 为准更新 `SESSION_LOG`/`TODO`，并显式记录 Hub 阻塞。\n- 影响：日志与优先级可保持可读，但 tasks/events 需在真实 Runner 上补齐与回写。\n\n-- TODO head --\n# TODO（MVP 自动驾驶看板）\n\n当前优先级（与 Hub 任务队列配合）：\n- 用户前置：安装 rustup/cargo，确保 `cargo check` 可运行。\n- 用户前置：配置 `.autopilot/runner.env`（至少补全 `BUILDER_MAC_SSH` 或在 mac 端也运行监督器）。\n- 环境前置：在可监听端口的真实机/Runner 上启动 Hub（受限沙箱可能无法绑定 `:7788`）。\n- 里程碑优先：当 cargo/Hub 可用后，先推进 M0（pactl/pipewire 自检 → virtual source 创建 → sine wave 持续写入 5 分钟 smoke）。\n- 自动驾驶：运行 `scripts/agent_bootstrap.sh`，观察置顶提示并清除阻塞项。\n\nNext: follow MVP.md + docs/ROADMAP.md, pick one small task and validate it.\n","exit_code":0,"status":"completed"}}
{"type":"item.completed","item":{"id":"item_2","type":"reasoning","text":"**Testing hub registration despite sandbox restrictions**"}}
[2026-01-27T20:18:56+08:00] role=orchestrator iter=2
== NetMic context ==
time:   2026-01-27T20:18:56+08:00
repo:   NetMic
path:   /home/arc/code/NetMic
branch: main
status:
## main...origin/main [领先 2]
 M docs/CONTINUOUS_AUTOPILOT.md
 M docs/DECISIONS.md
 M docs/ROADMAP.md
 M docs/SESSION_LOG.md
 M docs/TODO.md
 M docs/WORKFLOW.md
 M scripts/agent_bootstrap.sh
 M scripts/autopilot.sh
 M scripts/prompts/builder_linux.txt
 M scripts/prompts/builder_mac.txt
 M scripts/prompts/orchestrator.txt
 M scripts/prompts/scribe.txt
?? .autopilot/runner.env.example
?? .gitignore
?? Cargo.toml
?? crates/
?? docs/PROTO.md
?? scripts/bootstrap/
?? scripts/linux/
?? scripts/seed_tasks.py

-- HUB health --

-- HUB agents (active_within=600) --

-- HUB tasks --

-- SESSION_LOG tail --
- TEST(20:08+08): 运行 `bash scripts/linux/audio_selfcheck_test.sh`，stub pactl 场景通过，确认不再出现 `source_id: 未绑定的变量`。
- TEST(20:04+08): 再次运行 `scripts/agent_bootstrap.sh --context`；尝试 `nohup python3 agent-hub/agent_hub.py`（受限环境下启动失败，见 `/tmp/netmic_hub.log`）。
- TEST(20:07+08): 运行 `scripts/agent_bootstrap.sh --once`（在无 Hub/cargo 时仍能输出上下文摘要并保持幂等退出）。
- DONE(20:07+08): 仓库新增 Linux 音频注入自检脚本 `scripts/linux/audio_selfcheck.sh`，并提供 stub 测试 `scripts/linux/audio_selfcheck_test.sh`，覆盖 pactl 缺失与 smoke 成功路径。
- BLOCKER(20:09+08): 当前环境未运行 Pulse/PipeWire 服务端，执行 `scripts/linux/audio_selfcheck.sh` 时 `pactl info` 失败；Hub 仍受限于端口绑定权限，无法通过 Hub 领取/回写任务状态。
- NEXT(20:09+08): 在真实 Linux Runner 上执行 `scripts/linux/audio_selfcheck.sh --smoke` 验证可创建临时虚拟麦克风，然后继续推进 M0 虚拟麦克风注入与测试音写入。
- TEST(20:09+08): 运行 `bash scripts/linux/audio_selfcheck_test.sh`（通过）；运行 `bash scripts/linux/audio_selfcheck.sh`（返回 NOT_READY，符合受限环境预期）。
- DONE: 在缺少 cargo 的情况下手动创建 Rust workspace（`Cargo.toml` + `crates/netmic-{proto,server,client}`），并实现 `netmic-proto` 的 UDP datagram 分流骨架与 `netmic-server` 的单客户端占用握手/忙碌响应逻辑；同步新增 `docs/PROTO.md` 作为协议事实来源。
- BLOCKER: 沙箱禁止监听端口，无法在本机启动 Hub（`agent-hub.py` 报 `PermissionError: Operation not permitted`）；同时本机仍缺少 cargo，无法执行 `cargo check`/单元测试。
- NEXT: 用户侧安装 rustup/cargo 后运行 `cargo check -p netmic-server` 与 `cargo test -p netmic-proto`；在允许监听端口的环境中重新注册 Hub 并认领任务。
- TEST: 运行 `scripts/agent_bootstrap.sh --context`；尝试 `cargo --version`（失败：未找到命令）；尝试启动 `agent-hub/agent_hub.py`（失败：权限受限）。
- DONE(20:09+08): 以 orchestrator 视角执行清单：尝试 register/agents/tasks（均因端口受限失败），转为离线推进；新增协议事实来源 `docs/PROTO.md`，并补齐 `crates/netmic-proto/src/protocol.rs` 与 `crates/netmic-{server,client}/src/main.rs` 最小骨架。
- BLOCKER(20:09+08): 当前沙箱禁止绑定/访问 `127.0.0.1:7788`，无法通过 Hub 进行任务队列检查与 claim/release。
- NEXT(20:09+08): 在可监听端口的 Runner 上重新执行 register + `/v1/agents` + `/v1/tasks`；若队列为空，运行 `scripts/seed_tasks.py --hub <hub>` 注入任务种子，并优先推进 M0 虚拟麦克风自检/写入链路。
- TEST(20:09+08): 运行 `scripts/agent_bootstrap.sh --context`（成功）；运行 `python3 -m py_compile scripts/seed_tasks.py`（成功）；Rust 侧因缺少 cargo 无法执行 `cargo check`。

-- DECISIONS tail --
- 影响：自动驾驶流程统一入口，但会在后台启动多个 agent 循环；停止需显式执行 `scripts/agent_bootstrap.sh --stop`（或 `scripts/autopilot.sh stop`）。

- 背景：`netmic-proto` 已引用 `protocol` 模块，但仓库中缺少协议事实来源与最小结构定义，容易造成 client/server 漂移。
- 决策：新增 `docs/PROTO.md` 作为 MVP 协议事实来源，并在 `netmic-proto` 中补齐 `SessionParams / Handshake / Heartbeat / StatsSnapshot / AudioFrameHeader` 最小结构；握手阶段显式携带 `session_id`，服务端原样回显。
- 影响：后续协议字段调整必须先更新 `docs/PROTO.md`；builder 可直接围绕这些结构体落地最小 UDP 骨架。

## 2026-01-27（scribe/受限环境策略）
- 背景：当前 Codex 沙箱无法监听 TCP 端口，`agent-hub` 绑定 `:7788` 会失败，Hub 不可达。
- 决策：scribe 在受限环境不强依赖 Hub；以 `scripts/agent_bootstrap.sh --context` 与 MVP/ROADMAP 为准更新 `SESSION_LOG`/`TODO`，并显式记录 Hub 阻塞。
- 影响：日志与优先级可保持可读，但 tasks/events 需在真实 Runner 上补齐与回写。

-- TODO head --
# TODO（MVP 自动驾驶看板）

当前优先级（与 Hub 任务队列配合）：
- 用户前置：安装 rustup/cargo，确保 `cargo check` 可运行。
- 用户前置：配置 `.autopilot/runner.env`（至少补全 `BUILDER_MAC_SSH` 或在 mac 端也运行监督器）。
- 环境前置：在可监听端口的真实机/Runner 上启动 Hub（受限沙箱可能无法绑定 `:7788`）。
- 里程碑优先：当 cargo/Hub 可用后，先推进 M0（pactl/pipewire 自检 → virtual source 创建 → sine wave 持续写入 5 分钟 smoke）。
- 自动驾驶：运行 `scripts/agent_bootstrap.sh`，观察置顶提示并清除阻塞项。

Next: follow MVP.md + docs/ROADMAP.md, pick one small task and validate it.
Reading prompt from stdin...
{"type":"thread.started","thread_id":"019bff64-853f-7911-b559-68149719cb51"}
{"type":"turn.started"}
{"type":"item.started","item":{"id":"item_3","type":"command_execution","command":"/bin/bash -lc \"curl -s \\\"http://127.0.0.1:7788/v1/register\\\" -H 'content-type: application/json' -d '{\\\"agent_id\\\":\\\"orchestrator\\\",\\\"role\\\":\\\"orchestrator\\\",\\\"capabilities\\\":{\\\"node\\\":\\\"orchestrator\\\"},\\\"host\\\":\\\"orchestrator\\\",\\\"tags\\\":[\\\"autopilot\\\"],\\\"status\\\":\\\"online\\\"}'\"","aggregated_output":"","exit_code":null,"status":"in_progress"}}
{"type":"item.completed","item":{"id":"item_3","type":"command_execution","command":"/bin/bash -lc \"curl -s \\\"http://127.0.0.1:7788/v1/register\\\" -H 'content-type: application/json' -d '{\\\"agent_id\\\":\\\"orchestrator\\\",\\\"role\\\":\\\"orchestrator\\\",\\\"capabilities\\\":{\\\"node\\\":\\\"orchestrator\\\"},\\\"host\\\":\\\"orchestrator\\\",\\\"tags\\\":[\\\"autopilot\\\"],\\\"status\\\":\\\"online\\\"}'\"","aggregated_output":"","exit_code":7,"status":"failed"}}
{"type":"item.completed","item":{"id":"item_0","type":"reasoning","text":"**Outlining multi-step local agent setup**\n\nPlanning to bootstrap the local agent, register it with the hub via local curl calls, inspect hub docs and state, and create or claim tasks as needed—all using shell commands within the repo while recording progress in SESSION_LOG.md following Chinese docs instructions."}}
{"type":"item.completed","item":{"id":"item_1","type":"reasoning","text":"**Starting agent bootstrap**"}}
{"type":"item.started","item":{"id":"item_2","type":"command_execution","command":"/bin/bash -lc 'scripts/agent_bootstrap.sh --context'","aggregated_output":"","exit_code":null,"status":"in_progress"}}
{"type":"item.completed","item":{"id":"item_2","type":"command_execution","command":"/bin/bash -lc 'scripts/agent_bootstrap.sh --context'","aggregated_output":"== NetMic context ==\ntime:   2026-01-27T20:19:07+08:00\nrepo:   NetMic\npath:   /home/arc/code/NetMic\nbranch: main\nstatus:\n## main...origin/main [领先 2]\n M docs/CONTINUOUS_AUTOPILOT.md\n M docs/DECISIONS.md\n M docs/ROADMAP.md\n M docs/SESSION_LOG.md\n M docs/TODO.md\n M docs/WORKFLOW.md\n M scripts/agent_bootstrap.sh\n M scripts/autopilot.sh\n M scripts/prompts/builder_linux.txt\n M scripts/prompts/builder_mac.txt\n M scripts/prompts/orchestrator.txt\n M scripts/prompts/scribe.txt\n?? .autopilot/runner.env.example\n?? .gitignore\n?? Cargo.toml\n?? crates/\n?? docs/PROTO.md\n?? scripts/bootstrap/\n?? scripts/linux/\n?? scripts/seed_tasks.py\n\n-- HUB health --\n\n-- HUB agents (active_within=600) --\n\n-- HUB tasks --\n\n-- SESSION_LOG tail --\n- TEST(20:08+08): 运行 `bash scripts/linux/audio_selfcheck_test.sh`，stub pactl 场景通过，确认不再出现 `source_id: 未绑定的变量`。\n- TEST(20:04+08): 再次运行 `scripts/agent_bootstrap.sh --context`；尝试 `nohup python3 agent-hub/agent_hub.py`（受限环境下启动失败，见 `/tmp/netmic_hub.log`）。\n- TEST(20:07+08): 运行 `scripts/agent_bootstrap.sh --once`（在无 Hub/cargo 时仍能输出上下文摘要并保持幂等退出）。\n- DONE(20:07+08): 仓库新增 Linux 音频注入自检脚本 `scripts/linux/audio_selfcheck.sh`，并提供 stub 测试 `scripts/linux/audio_selfcheck_test.sh`，覆盖 pactl 缺失与 smoke 成功路径。\n- BLOCKER(20:09+08): 当前环境未运行 Pulse/PipeWire 服务端，执行 `scripts/linux/audio_selfcheck.sh` 时 `pactl info` 失败；Hub 仍受限于端口绑定权限，无法通过 Hub 领取/回写任务状态。\n- NEXT(20:09+08): 在真实 Linux Runner 上执行 `scripts/linux/audio_selfcheck.sh --smoke` 验证可创建临时虚拟麦克风，然后继续推进 M0 虚拟麦克风注入与测试音写入。\n- TEST(20:09+08): 运行 `bash scripts/linux/audio_selfcheck_test.sh`（通过）；运行 `bash scripts/linux/audio_selfcheck.sh`（返回 NOT_READY，符合受限环境预期）。\n- DONE: 在缺少 cargo 的情况下手动创建 Rust workspace（`Cargo.toml` + `crates/netmic-{proto,server,client}`），并实现 `netmic-proto` 的 UDP datagram 分流骨架与 `netmic-server` 的单客户端占用握手/忙碌响应逻辑；同步新增 `docs/PROTO.md` 作为协议事实来源。\n- BLOCKER: 沙箱禁止监听端口，无法在本机启动 Hub（`agent-hub.py` 报 `PermissionError: Operation not permitted`）；同时本机仍缺少 cargo，无法执行 `cargo check`/单元测试。\n- NEXT: 用户侧安装 rustup/cargo 后运行 `cargo check -p netmic-server` 与 `cargo test -p netmic-proto`；在允许监听端口的环境中重新注册 Hub 并认领任务。\n- TEST: 运行 `scripts/agent_bootstrap.sh --context`；尝试 `cargo --version`（失败：未找到命令）；尝试启动 `agent-hub/agent_hub.py`（失败：权限受限）。\n- DONE(20:09+08): 以 orchestrator 视角执行清单：尝试 register/agents/tasks（均因端口受限失败），转为离线推进；新增协议事实来源 `docs/PROTO.md`，并补齐 `crates/netmic-proto/src/protocol.rs` 与 `crates/netmic-{server,client}/src/main.rs` 最小骨架。\n- BLOCKER(20:09+08): 当前沙箱禁止绑定/访问 `127.0.0.1:7788`，无法通过 Hub 进行任务队列检查与 claim/release。\n- NEXT(20:09+08): 在可监听端口的 Runner 上重新执行 register + `/v1/agents` + `/v1/tasks`；若队列为空，运行 `scripts/seed_tasks.py --hub <hub>` 注入任务种子，并优先推进 M0 虚拟麦克风自检/写入链路。\n- TEST(20:09+08): 运行 `scripts/agent_bootstrap.sh --context`（成功）；运行 `python3 -m py_compile scripts/seed_tasks.py`（成功）；Rust 侧因缺少 cargo 无法执行 `cargo check`。\n\n-- DECISIONS tail --\n- 影响：自动驾驶流程统一入口，但会在后台启动多个 agent 循环；停止需显式执行 `scripts/agent_bootstrap.sh --stop`（或 `scripts/autopilot.sh stop`）。\n\n- 背景：`netmic-proto` 已引用 `protocol` 模块，但仓库中缺少协议事实来源与最小结构定义，容易造成 client/server 漂移。\n- 决策：新增 `docs/PROTO.md` 作为 MVP 协议事实来源，并在 `netmic-proto` 中补齐 `SessionParams / Handshake / Heartbeat / StatsSnapshot / AudioFrameHeader` 最小结构；握手阶段显式携带 `session_id`，服务端原样回显。\n- 影响：后续协议字段调整必须先更新 `docs/PROTO.md`；builder 可直接围绕这些结构体落地最小 UDP 骨架。\n\n## 2026-01-27（scribe/受限环境策略）\n- 背景：当前 Codex 沙箱无法监听 TCP 端口，`agent-hub` 绑定 `:7788` 会失败，Hub 不可达。\n- 决策：scribe 在受限环境不强依赖 Hub；以 `scripts/agent_bootstrap.sh --context` 与 MVP/ROADMAP 为准更新 `SESSION_LOG`/`TODO`，并显式记录 Hub 阻塞。\n- 影响：日志与优先级可保持可读，但 tasks/events 需在真实 Runner 上补齐与回写。\n\n-- TODO head --\n# TODO（MVP 自动驾驶看板）\n\n当前优先级（与 Hub 任务队列配合）：\n- 用户前置：安装 rustup/cargo，确保 `cargo check` 可运行。\n- 用户前置：配置 `.autopilot/runner.env`（至少补全 `BUILDER_MAC_SSH` 或在 mac 端也运行监督器）。\n- 环境前置：在可监听端口的真实机/Runner 上启动 Hub（受限沙箱可能无法绑定 `:7788`）。\n- 里程碑优先：当 cargo/Hub 可用后，先推进 M0（pactl/pipewire 自检 → virtual source 创建 → sine wave 持续写入 5 分钟 smoke）。\n- 自动驾驶：运行 `scripts/agent_bootstrap.sh`，观察置顶提示并清除阻塞项。\n\nNext: follow MVP.md + docs/ROADMAP.md, pick one small task and validate it.\n","exit_code":0,"status":"completed"}}
{"type":"item.completed","item":{"id":"item_4","type":"reasoning","text":"**Planning parallel status checks**\n\nPlanning to run parallel shell commands to check hub state (via curl), query agents and tasks, perform git status, and extract relevant document sections using sed and ripgrep for efficient inspection."}}
{"type":"item.started","item":{"id":"item_5","type":"command_execution","command":"/bin/bash -lc 'curl -s \"http://127.0.0.1:7788/v1/agents?active_within=600&limit=50\"'","aggregated_output":"","exit_code":null,"status":"in_progress"}}
{"type":"item.completed","item":{"id":"item_5","type":"command_execution","command":"/bin/bash -lc 'curl -s \"http://127.0.0.1:7788/v1/agents?active_within=600&limit=50\"'","aggregated_output":"","exit_code":7,"status":"failed"}}
{"type":"item.started","item":{"id":"item_6","type":"command_execution","command":"/bin/bash -lc 'curl -s \"http://127.0.0.1:7788/v1/tasks?limit=50\"'","aggregated_output":"","exit_code":null,"status":"in_progress"}}
{"type":"item.completed","item":{"id":"item_6","type":"command_execution","command":"/bin/bash -lc 'curl -s \"http://127.0.0.1:7788/v1/tasks?limit=50\"'","aggregated_output":"","exit_code":7,"status":"failed"}}
{"type":"item.started","item":{"id":"item_7","type":"command_execution","command":"/bin/bash -lc 'git status --porcelain'","aggregated_output":"","exit_code":null,"status":"in_progress"}}
{"type":"item.completed","item":{"id":"item_7","type":"command_execution","command":"/bin/bash -lc 'git status --porcelain'","aggregated_output":" M docs/CONTINUOUS_AUTOPILOT.md\n M docs/DECISIONS.md\n M docs/ROADMAP.md\n M docs/SESSION_LOG.md\n M docs/TODO.md\n M docs/WORKFLOW.md\n M scripts/agent_bootstrap.sh\n M scripts/autopilot.sh\n M scripts/prompts/builder_linux.txt\n M scripts/prompts/builder_mac.txt\n M scripts/prompts/orchestrator.txt\n M scripts/prompts/scribe.txt\n?? .autopilot/runner.env.example\n?? .gitignore\n?? Cargo.toml\n?? crates/\n?? docs/PROTO.md\n?? scripts/bootstrap/\n?? scripts/linux/\n?? scripts/seed_tasks.py\n","exit_code":0,"status":"completed"}}
{"type":"item.started","item":{"id":"item_8","type":"command_execution","command":"/bin/bash -lc 'rg -n \"''^#|M0|虚拟|virtual|pactl|pipewire|acceptance|验收|Milestone|MVP|M0\" MVP.md docs/ROADMAP.md docs/SESSION_LOG.md docs/DECISIONS.md'","aggregated_output":"","exit_code":null,"status":"in_progress"}}
{"type":"item.completed","item":{"id":"item_8","type":"command_execution","command":"/bin/bash -lc 'rg -n \"''^#|M0|虚拟|virtual|pactl|pipewire|acceptance|验收|Milestone|MVP|M0\" MVP.md docs/ROADMAP.md docs/SESSION_LOG.md docs/DECISIONS.md'","aggregated_output":"MVP.md:1:## NetMic MVP 规划与边界文档（不含代码）\nMVP.md:3:### 1. 目标与范围\nMVP.md:6:在局域网内，将一台设备（客户端：macOS/Linux）的本地音频输入（默认麦克风）实时传输到另一台设备（服务端：Linux），并在 Linux 上注入为**系统可选择的麦克风输入设备**（虚拟麦克风 / virtual source），供任意应用使用。\nMVP.md:8:**MVP 范围**\nMVP.md:12:* 跨平台：客户端支持 macOS/Linux；服务端仅 Linux（注入虚拟麦克风）\nMVP.md:14:* Linux 注入方式：仅支持 **PipeWire / Pulse 兼容层**（pipewire-pulse 或 pulseaudio 环境）\nMVP.md:16:**非目标（MVP 不做）**\nMVP.md:25:### 2. 用户流程（MVP）\nMVP.md:31:3. 一键创建/启用虚拟麦克风（PipeWire/Pulse 兼容层）\nMVP.md:45:### 3. 核心约束与边界\nMVP.md:50:* 冲突行为：当新客户端尝试连接时，Server 返回“BUSY”，客户端提示；可选“强制抢占”（MVP 可做开关，但默认关闭）\nMVP.md:55:#### 3.1 编码（2 种）\nMVP.md:60:#### 3.2 采样率（目标=48k，支持重采样）\nMVP.md:67:#### 3.3 声道\nMVP.md:69:* MVP 固定：**mono**（简化带宽、注入与应用兼容）\nMVP.md:72:#### 3.4 chunk（帧长/包时长）\nMVP.md:79:#### 3.5 比特率（按编码类型）\nMVP.md:88:  * 不设“比特率”，由采样率 × 位深 × 声道决定（MVP 固定 16-bit）\nMVP.md:90:#### 3.6 buffer（接收端目标缓冲 / jitter buffer）\nMVP.md:95:* 规则：buffer 太小会爆音/卡顿；太大会明显口型延迟。MVP 以稳定优先。\nMVP.md:99:### 4. 重采样与格式归一化（MVP 必须）\nMVP.md:105:* 服务端：解码 → 得到内部标准 PCM → 写入虚拟麦克风\nMVP.md:114:### 5. 网络与协议边界（MVP）\nMVP.md:118:* MVP：**UDP**（音频实时优先）\nMVP.md:125:* MVP 可复用同端口不同消息类型，但结构要明确，以便未来扩展对等模式\nMVP.md:133:**安全（MVP 边界）**\nMVP.md:140:### 6. Linux 虚拟麦克风注入边界\nMVP.md:142:**仅支持：PipeWire/Pulse 兼容层创建虚拟麦克风**\nMVP.md:144:* 前置条件：系统需有 pipewire-pulse 或 pulseaudio，并可使用 pactl 创建虚拟 source/sink 类设备\nMVP.md:145:* 应用可见性：虚拟麦克风在系统输入设备列表中可选\nMVP.md:146:* MVP 不处理：\nMVP.md:154:### 7. GUI 需求（MVP）\nMVP.md:171:* 虚拟麦克风创建/移除（或启用/禁用）\nMVP.md:178:### 8. 状态机与错误处理（MVP）\nMVP.md:195:* 注入错误（虚拟麦克风创建失败/写入失败）\nMVP.md:203:### 9. 里程碑与验收标准（MVP）\nMVP.md:205:**Milestone 0：参数与注入验证**\nMVP.md:207:* Linux 能创建虚拟麦克风且系统可选\nMVP.md:208:* 服务端可持续写入 PCM 到虚拟麦克风（本地生成测试音即可）\nMVP.md:210:**Milestone 1：端到端基本通路**\nMVP.md:215:**Milestone 2：可调参数 + 回退**\nMVP.md:220:**Milestone 3：稳定性与可用性**\nMVP.md:228:### 10. 已知风险与控制策略\nMVP.md:238:* 控制：明确最低环境假设；提供自检（检测 pactl/pipewire-pulse）与 FAQ\nMVP.md:242:### 11. 未来扩展预留（不进入 MVP）\nMVP.md:244:* macOS 服务端注入（需要虚拟音频驱动路线）\nMVP.md:253:### 12. 默认值汇总（MVP 推荐默认）\nMVP.md:264:### 13.初步技术方案(后续可在实际开发过程中修改)\nMVP.md:267:#### GUI（跨平台桌面）\nMVP.md:271:#### 音频采集（Client 侧：macOS/Linux）\nMVP.md:275:#### 重采样（Client 侧必需）\nMVP.md:280:#### 编码/解码\nMVP.md:282:##### Opus（推荐默认）\nMVP.md:288:##### PCM\nMVP.md:292:#### 网络传输（UDP + 异步运行时）\nMVP.md:297:#### 抖动缓冲（jitter buffer）\nMVP.md:302:#### Linux 端注入虚拟麦克风（PipeWire/Pulse 兼容层）\nMVP.md:306:  （你的做法是：用 pactl 创建 Virtual Source，然后用 pulse simple API 往对应目标写 PCM。）\nMVP.md:308:#### 日志与可观测性（强烈建议）\ndocs/ROADMAP.md:1:# NetMic 里程碑与任务拆解（M0 / M1 / M2）\ndocs/ROADMAP.md:7:## Milestone 0：参数与注入验证（服务端基础能力）\ndocs/ROADMAP.md:10:Linux 端能创建虚拟麦克风并持续写入 PCM。\ndocs/ROADMAP.md:13:1) 环境自检（pactl / pipewire-pulse）  \ndocs/ROADMAP.md:15:2) 创建虚拟麦克风（pactl + module-virtual-source）  \ndocs/ROADMAP.md:24:## Milestone 1：端到端基本通路（Client → Server）\ndocs/ROADMAP.md:34:5) 写入虚拟麦克风  \ndocs/ROADMAP.md:41:## Milestone 2：可调参数 + 回退机制\ndocs/ROADMAP.md:56:## Milestone 3：稳定性与可用性\ndocs/ROADMAP.md:71:## 任务模板（Issue 建议格式）\ndocs/ROADMAP.md:78:- 验收标准  \ndocs/ROADMAP.md:82:## 验收规则（简化版）\ndocs/ROADMAP.md:84:- M0：虚拟麦克风可见 + 写入稳定  \ndocs/SESSION_LOG.md:1:# SESSION LOG\ndocs/SESSION_LOG.md:3:## 2026-01-27\ndocs/SESSION_LOG.md:10:- DONE(20:11+08): 在 Hub 不可达时改用 `sqlite3 agent_hub.db` 查看任务种子；当前任务均为 `queued`（含 `M0-001-linux-audio-selfcheck`、`M1-001-protocol-doc` 等）。\ndocs/SESSION_LOG.md:16:- TEST: 运行 `scripts/agent_bootstrap.sh --context`；运行 `scripts/agent_bootstrap.sh --once` 后执行 `scripts/autopilot.sh stop` 并用 `ss -ltnp '( sport = :7788 )'` 确认 Hub 可停止；运行 `scripts/autopilot.sh start`→`stop` 后用 `ps -ef | awk '/codex exec --full-auto -C \\\\/home\\\\/arc\\\\/code\\\\/NetMic/'` 验证无残留子进程；运行 `scripts/linux/audio_selfcheck_test.sh`（stub pactl 测试通过）。\ndocs/SESSION_LOG.md:18:- TEST(20:08+08): 运行 `bash scripts/linux/audio_selfcheck_test.sh`，stub pactl 场景通过，确认不再出现 `source_id: 未绑定的变量`。\ndocs/SESSION_LOG.md:21:- DONE(20:07+08): 仓库新增 Linux 音频注入自检脚本 `scripts/linux/audio_selfcheck.sh`，并提供 stub 测试 `scripts/linux/audio_selfcheck_test.sh`，覆盖 pactl 缺失与 smoke 成功路径。\ndocs/SESSION_LOG.md:22:- BLOCKER(20:09+08): 当前环境未运行 Pulse/PipeWire 服务端，执行 `scripts/linux/audio_selfcheck.sh` 时 `pactl info` 失败；Hub 仍受限于端口绑定权限，无法通过 Hub 领取/回写任务状态。\ndocs/SESSION_LOG.md:23:- NEXT(20:09+08): 在真实 Linux Runner 上执行 `scripts/linux/audio_selfcheck.sh --smoke` 验证可创建临时虚拟麦克风，然后继续推进 M0 虚拟麦克风注入与测试音写入。\ndocs/SESSION_LOG.md:31:- NEXT(20:09+08): 在可监听端口的 Runner 上重新执行 register + `/v1/agents` + `/v1/tasks`；若队列为空，运行 `scripts/seed_tasks.py --hub <hub>` 注入任务种子，并优先推进 M0 虚拟麦克风自检/写入链路。\ndocs/DECISIONS.md:1:# DECISIONS\ndocs/DECISIONS.md:3:## 2026-01-27\ndocs/DECISIONS.md:4:- 背景：期望用户只运行 `scripts/agent_bootstrap.sh` 即可持续推进 MVP 开发，并在阻塞时得到明确提示。\ndocs/DECISIONS.md:9:- 决策：新增 `docs/PROTO.md` 作为 MVP 协议事实来源，并在 `netmic-proto` 中补齐 `SessionParams / Handshake / Heartbeat / StatsSnapshot / AudioFrameHeader` 最小结构；握手阶段显式携带 `session_id`，服务端原样回显。\ndocs/DECISIONS.md:12:## 2026-01-27（scribe/受限环境策略）\ndocs/DECISIONS.md:14:- 决策：scribe 在受限环境不强依赖 Hub；以 `scripts/agent_bootstrap.sh --context` 与 MVP/ROADMAP 为准更新 `SESSION_LOG`/`TODO`，并显式记录 Hub 阻塞。\n","exit_code":0,"status":"completed"}}
{"type":"item.completed","item":{"id":"item_3","type":"reasoning","text":"**Proceeding with hub registration despite dirty tree**"}}
{"type":"item.started","item":{"id":"item_4","type":"command_execution","command":"/bin/bash -lc 'curl -s \"$HUB/v1/register\" -H '\"'content-type: application/json' -d '{\\\"agent_id\\\":\\\"orchestrator\\\",\\\"role\\\":\\\"orchestrator\\\",\\\"capabilities\\\":{\\\"node\\\":\\\"orchestrator\\\"},\\\"host\\\":\\\"orchestrator\\\",\\\"tags\\\":[\\\"autopilot\\\"],\\\"status\\\":\\\"online\\\"}'\"","aggregated_output":"","exit_code":null,"status":"in_progress"}}
{"type":"item.completed","item":{"id":"item_4","type":"command_execution","command":"/bin/bash -lc 'curl -s \"$HUB/v1/register\" -H '\"'content-type: application/json' -d '{\\\"agent_id\\\":\\\"orchestrator\\\",\\\"role\\\":\\\"orchestrator\\\",\\\"capabilities\\\":{\\\"node\\\":\\\"orchestrator\\\"},\\\"host\\\":\\\"orchestrator\\\",\\\"tags\\\":[\\\"autopilot\\\"],\\\"status\\\":\\\"online\\\"}'\"","aggregated_output":"","exit_code":7,"status":"failed"}}
{"type":"item.completed","item":{"id":"item_9","type":"reasoning","text":"**Inspecting local docs for tasks**\n\nI'm checking local documentation, especially ROADMAP near M0 tasks, to identify small doable tasks while the hub is unreachable and the tasks queue can't be claimed or released."}}
{"type":"item.started","item":{"id":"item_10","type":"command_execution","command":"/bin/bash -lc \"sed -n '1,120p' docs/ROADMAP.md\"","aggregated_output":"","exit_code":null,"status":"in_progress"}}
{"type":"item.completed","item":{"id":"item_10","type":"command_execution","command":"/bin/bash -lc \"sed -n '1,120p' docs/ROADMAP.md\"","aggregated_output":"# NetMic 里程碑与任务拆解（M0 / M1 / M2）\n\n本文档用于规划“先做什么、后做什么”，并标注建议的 Agent Skill 使用点。\n\n---\n\n## Milestone 0：参数与注入验证（服务端基础能力）\n\n**目标**  \nLinux 端能创建虚拟麦克风并持续写入 PCM。\n\n**任务清单**\n1) 环境自检（pactl / pipewire-pulse）  \n   - 参考脚本：`scripts/linux/audio_selfcheck.sh`（可加 `--smoke`）  \n2) 创建虚拟麦克风（pactl + module-virtual-source）  \n3) 持续写入测试音（sine wave）  \n4) 运行 5 分钟无中断  \n\n**Skill 建议**  \n无（不使用 Notion，调研结论直接记录到文档/Issue）\n\n---\n\n## Milestone 1：端到端基本通路（Client → Server）\n\n**目标**  \n客户端采集 → 网络发送 → 服务端接收 → 注入成功。\n\n**任务清单**\n1) Client 采集（macOS/Linux）  \n2) Client 重采样/转 mono（内部标准）  \n3) UDP 发送/接收（最小协议）  \n4) Server 解码/缓冲（先用 PCM）  \n5) 写入虚拟麦克风  \n\n**Skill 建议**  \n无（任务直接在 GitHub Issues 中维护）\n\n---\n\n## Milestone 2：可调参数 + 回退机制\n\n**目标**  \n参数可调且在安全范围内自动回退。\n\n**任务清单**\n1) 参数校验（采样率/帧长/bitrate/buffer）  \n2) 回退逻辑（不支持则自动回到默认）  \n3) 状态回显与日志  \n\n**Skill 建议**  \n无（参数决策写入文档/Issue）\n\n---\n\n## Milestone 3：稳定性与可用性\n\n**目标**  \n30 分钟运行稳定，断线恢复 10 秒内完成。\n\n**任务清单**\n1) 抖动缓冲策略  \n2) 断线重连逻辑  \n3) 指标上报（丢包、延迟、缓冲深度）  \n\n**Skill 建议**  \nCI 失败修复：`gh-fix-ci`\n\n---\n\n## 任务模板（Issue 建议格式）\n\n标题：`[模块] 简短描述`  \n内容：\n- 目标  \n- 输入/输出  \n- 依赖  \n- 验收标准  \n\n---\n\n## 验收规则（简化版）\n\n- M0：虚拟麦克风可见 + 写入稳定  \n- M1：默认参数端到端跑通  \n- M2：参数可调 + 自动回退  \n- M3：稳定性与恢复达标\n","exit_code":0,"status":"completed"}}
{"type":"item.completed","item":{"id":"item_5","type":"reasoning","text":"**Noting hub is blocked and inspecting key docs**\n\nCurl failed with code 7, indicating the hub is unreachable, so I'll proceed offline and review MVP, ROADMAP, SESSION_LOG, and DECISIONS files by extracting concise sections to summarize key planning and decisions."}}
{"type":"item.started","item":{"id":"item_6","type":"command_execution","command":"/bin/bash -lc \"sed -n '1,160p' MVP.md\"","aggregated_output":"","exit_code":null,"status":"in_progress"}}
{"type":"item.completed","item":{"id":"item_6","type":"command_execution","command":"/bin/bash -lc \"sed -n '1,160p' MVP.md\"","aggregated_output":"## NetMic MVP 规划与边界文档（不含代码）\n\n### 1. 目标与范围\n\n**目标**\n在局域网内，将一台设备（客户端：macOS/Linux）的本地音频输入（默认麦克风）实时传输到另一台设备（服务端：Linux），并在 Linux 上注入为**系统可选择的麦克风输入设备**（虚拟麦克风 / virtual source），供任意应用使用。\n\n**MVP 范围**\n\n* 单向音频流：Client → Server\n* 单客户端占用：同一时刻仅允许 1 个客户端向服务端推流\n* 跨平台：客户端支持 macOS/Linux；服务端仅 Linux（注入虚拟麦克风）\n* GUI：配置 + 状态监控 + 日志（不做复杂音频路由图形化）\n* Linux 注入方式：仅支持 **PipeWire / Pulse 兼容层**（pipewire-pulse 或 pulseaudio 环境）\n\n**非目标（MVP 不做）**\n\n* macOS 作为服务端并注入系统麦克风\n* P2P 多节点对等/自动发现/多路流/混音\n* 公网/NAT 穿透与高安全传输（可预留字段，不实现强安全）\n* 更低栈兼容（纯 ALSA、JACK 原生注入等）\n\n---\n\n### 2. 用户流程（MVP）\n\n**服务端（Linux）**\n\n1. 选择 Server 模式\n2. 设定监听端口（默认端口）\n3. 一键创建/启用虚拟麦克风（PipeWire/Pulse 兼容层）\n4. 显示：当前连接、参数、延迟/缓冲、丢包、音量电平、日志\n5. 可手动断开当前客户端（释放占用）\n\n**客户端（macOS/Linux）**\n\n1. 选择 Client 模式\n2. 输入 Server IP:Port（默认端口）\n3. 选择输入设备（默认系统麦克风）\n4. 配置编码与音频参数（在安全范围内）\n5. 开始推流、显示状态与实时指标\n\n---\n\n### 3. 核心约束与边界\n\n**单客户端策略**\n\n* Server 只允许 1 个 active sender\n* 冲突行为：当新客户端尝试连接时，Server 返回“BUSY”，客户端提示；可选“强制抢占”（MVP 可做开关，但默认关闭）\n\n**可调参数与“安全范围”**\nGUI 允许调参，但必须在安全范围内，并且有“推荐值/默认值/回退规则”。\n\n#### 3.1 编码（2 种）\n\n* **Opus（推荐默认）**：低延迟、抗丢包；适合语音/通用音频\n* **PCM（调试/最低复杂度）**：带宽大；用于定位问题或极低延迟需求\n\n#### 3.2 采样率（目标=48k，支持重采样）\n\n* GUI 允许选择：**16k / 24k / 32k / 44.1k / 48k**\n* **安全范围**：16k–48k\n* **默认**：48k\n* **回退**：若输入设备不支持所选采样率，客户端启用重采样到目标采样率\n\n#### 3.3 声道\n\n* MVP 固定：**mono**（简化带宽、注入与应用兼容）\n* 非目标：stereo（后续版本）\n\n#### 3.4 chunk（帧长/包时长）\n\n* GUI 可选：**10 / 20 / 40 / 60 ms**\n* **安全范围**：10–60ms\n* **默认**：20ms\n* 说明：帧长越短延迟越低但更敏感；越长越稳但延迟更高\n\n#### 3.5 比特率（按编码类型）\n\n* **Opus**（mono）\n\n  * 安全范围：**16–128 kbps**\n  * 默认：**32 kbps（语音）或 48 kbps（通用）**\n\n* **PCM**\n\n  * 不设“比特率”，由采样率 × 位深 × 声道决定（MVP 固定 16-bit）\n\n#### 3.6 buffer（接收端目标缓冲 / jitter buffer）\n\n* GUI 可调：**40–400 ms**\n* 默认：**100 ms**\n* 建议档位：40/60/80/100/150/200/300/400\n* 规则：buffer 太小会爆音/卡顿；太大会明显口型延迟。MVP 以稳定优先。\n\n---\n\n### 4. 重采样与格式归一化（MVP 必须）\n\n**目标**：无论输入设备实际输出什么格式，网络与服务端注入统一为一个“内部标准格式”，减少复杂度。\n\n* 内部标准建议：**PCM 16-bit, mono, 48kHz**\n* 客户端：采集 →（必要时重采样/混音到 mono）→ 编码（Opus/PCM）\n* 服务端：解码 → 得到内部标准 PCM → 写入虚拟麦克风\n\n**回退策略**\n\n* 如果重采样失败/设备不可用：提示用户并停止推流\n* 如果编码器不支持当前参数组合：自动回退到最接近的安全默认值，并在 UI 明确提示“已回退到 X”\n\n---\n\n### 5. 网络与协议边界（MVP）\n\n**传输层选择（建议固定，避免扩散）**\n\n* MVP：**UDP**（音频实时优先）\n* 非目标：TCP（可后续提供“兼容模式”）\n\n**控制面 vs 数据面（建议保留结构）**\n\n* 数据面：音频帧（UDP payload）\n* 控制面：少量控制报文（握手/参数协商/心跳/统计/断开）\n* MVP 可复用同端口不同消息类型，但结构要明确，以便未来扩展对等模式\n\n**最小会话能力**\n\n* 握手：Client 发送目标参数，Server 返回接受/拒绝 + 生效参数\n* 心跳：用于断线检测\n* 统计：丢包率、接收缓冲深度、端到端估算延迟\n\n**安全（MVP 边界）**\n\n* 不做强加密/鉴权\n* 预留：token/nonce 字段与“配对码 UI”入口（可隐藏在高级设置），但默认不启用\n\n---\n\n### 6. Linux 虚拟麦克风注入边界\n\n**仅支持：PipeWire/Pulse 兼容层创建虚拟麦克风**\n\n* 前置条件：系统需有 pipewire-pulse 或 pulseaudio，并可使用 pactl 创建虚拟 source/sink 类设备\n* 应用可见性：虚拟麦克风在系统输入设备列表中可选\n* MVP 不处理：\n\n  * 纯 ALSA loopback\n  * JACK 原生桥接\n  * Wayland/桌面环境差异导致的特殊路由问题（可在 FAQ 记录）\n\n---\n\n### 7. GUI 需求（MVP）\n\n**共同**\n\n* 模式切换：Client / Server\n* 配置页：IP、端口、编码参数（带安全范围与默认一键恢复）\n* 状态页：连接状态、当前生效参数、实时指标\n","exit_code":0,"status":"completed"}}
{"type":"item.completed","item":{"id":"item_11","type":"reasoning","text":"**Reviewing MVP doc for milestone and defaults**"}}
{"type":"item.started","item":{"id":"item_12","type":"command_execution","command":"/bin/bash -lc \"sed -n '190,260p' MVP.md\"","aggregated_output":"","exit_code":null,"status":"in_progress"}}
{"type":"item.completed","item":{"id":"item_12","type":"command_execution","command":"/bin/bash -lc \"sed -n '190,260p' MVP.md\"","aggregated_output":"**关键错误分类**\n\n* 音频设备错误（无权限/设备不可用/采样率不支持）\n* 编码器错误（参数非法/初始化失败）\n* 网络错误（端口占用/不可达/丢包过高导致不可用）\n* 注入错误（虚拟麦克风创建失败/写入失败）\n\n**对用户的最小可理解提示**\n\n* 明确指出：失败环节（采集/编码/网络/注入）与建议动作（切换设备、恢复默认参数、增大 buffer）\n\n---\n\n### 9. 里程碑与验收标准（MVP）\n\n**Milestone 0：参数与注入验证**\n\n* Linux 能创建虚拟麦克风且系统可选\n* 服务端可持续写入 PCM 到虚拟麦克风（本地生成测试音即可）\n\n**Milestone 1：端到端基本通路**\n\n* 客户端采集 → 发送 → 服务端接收 → 注入\n* 默认参数（Opus/48k/mono/20ms/buffer=100ms）跑通\n\n**Milestone 2：可调参数 + 回退**\n\n* GUI 可调 codec/采样率/比特率/chunk/buffer（受安全范围限制）\n* 生效参数回显 + 回退提示可用\n\n**Milestone 3：稳定性与可用性**\n\n* 连续运行 30 分钟：无周期性爆音（漂移可控）\n* 断网恢复：10 秒内自动恢复（在同网内）\n* 指标与日志可用于定位问题\n\n---\n\n### 10. 已知风险与控制策略\n\n**风险：漂移/抖动导致音频周期性卡顿**\n\n* 控制：目标 buffer + 漂移控制策略（维持 buffer 深度）\n* UI 允许调 buffer，默认稳态 100ms\n\n\n**风险：不同 Linux 环境的 PipeWire/Pulse 行为差异**\n\n* 控制：明确最低环境假设；提供自检（检测 pactl/pipewire-pulse）与 FAQ\n\n---\n\n### 11. 未来扩展预留（不进入 MVP）\n\n* macOS 服务端注入（需要虚拟音频驱动路线）\n* P2P 对等：任何节点可同时收发；多会话管理\n* 多客户端混音/切换\n* mDNS 自动发现\n* 加密与鉴权（DTLS/Noise/PSK）\n* stereo 与更高阶音频路由\n\n---\n\n### 12. 默认值汇总（MVP 推荐默认）\n\n* 编码：Opus\n* 采样率：48k（内部标准）\n* 声道：mono\n* chunk：20ms\n* Opus bitrate：48kbps（通用）/ 32kbps（语音）\n* buffer：100ms\n","exit_code":0,"status":"completed"}}
{"type":"item.completed","item":{"id":"item_7","type":"reasoning","text":"**Loading early project roadmap**"}}
{"type":"item.started","item":{"id":"item_8","type":"command_execution","command":"/bin/bash -lc \"sed -n '1,200p' docs/ROADMAP.md\"","aggregated_output":"","exit_code":null,"status":"in_progress"}}
{"type":"item.completed","item":{"id":"item_8","type":"command_execution","command":"/bin/bash -lc \"sed -n '1,200p' docs/ROADMAP.md\"","aggregated_output":"# NetMic 里程碑与任务拆解（M0 / M1 / M2）\n\n本文档用于规划“先做什么、后做什么”，并标注建议的 Agent Skill 使用点。\n\n---\n\n## Milestone 0：参数与注入验证（服务端基础能力）\n\n**目标**  \nLinux 端能创建虚拟麦克风并持续写入 PCM。\n\n**任务清单**\n1) 环境自检（pactl / pipewire-pulse）  \n   - 参考脚本：`scripts/linux/audio_selfcheck.sh`（可加 `--smoke`）  \n2) 创建虚拟麦克风（pactl + module-virtual-source）  \n3) 持续写入测试音（sine wave）  \n4) 运行 5 分钟无中断  \n\n**Skill 建议**  \n无（不使用 Notion，调研结论直接记录到文档/Issue）\n\n---\n\n## Milestone 1：端到端基本通路（Client → Server）\n\n**目标**  \n客户端采集 → 网络发送 → 服务端接收 → 注入成功。\n\n**任务清单**\n1) Client 采集（macOS/Linux）  \n2) Client 重采样/转 mono（内部标准）  \n3) UDP 发送/接收（最小协议）  \n4) Server 解码/缓冲（先用 PCM）  \n5) 写入虚拟麦克风  \n\n**Skill 建议**  \n无（任务直接在 GitHub Issues 中维护）\n\n---\n\n## Milestone 2：可调参数 + 回退机制\n\n**目标**  \n参数可调且在安全范围内自动回退。\n\n**任务清单**\n1) 参数校验（采样率/帧长/bitrate/buffer）  \n2) 回退逻辑（不支持则自动回到默认）  \n3) 状态回显与日志  \n\n**Skill 建议**  \n无（参数决策写入文档/Issue）\n\n---\n\n## Milestone 3：稳定性与可用性\n\n**目标**  \n30 分钟运行稳定，断线恢复 10 秒内完成。\n\n**任务清单**\n1) 抖动缓冲策略  \n2) 断线重连逻辑  \n3) 指标上报（丢包、延迟、缓冲深度）  \n\n**Skill 建议**  \nCI 失败修复：`gh-fix-ci`\n\n---\n\n## 任务模板（Issue 建议格式）\n\n标题：`[模块] 简短描述`  \n内容：\n- 目标  \n- 输入/输出  \n- 依赖  \n- 验收标准  \n\n---\n\n## 验收规则（简化版）\n\n- M0：虚拟麦克风可见 + 写入稳定  \n- M1：默认参数端到端跑通  \n- M2：参数可调 + 自动回退  \n- M3：稳定性与恢复达标\n","exit_code":0,"status":"completed"}}
{"type":"item.completed","item":{"id":"item_13","type":"reasoning","text":"**Reviewing session logs and decisions**"}}
{"type":"item.started","item":{"id":"item_14","type":"command_execution","command":"/bin/bash -lc \"sed -n '1,80p' docs/SESSION_LOG.md\"","aggregated_output":"","exit_code":null,"status":"in_progress"}}
{"type":"item.completed","item":{"id":"item_9","type":"reasoning","text":"**Planning targeted log review**\n\nI’ll focus on viewing key sections of SESSION_LOG and DECISIONS using sed head and tail commands to extract relevant details with minimal context."}}
{"type":"item.completed","item":{"id":"item_14","type":"command_execution","command":"/bin/bash -lc \"sed -n '1,80p' docs/SESSION_LOG.md\"","aggregated_output":"# SESSION LOG\n\n## 2026-01-27\n- DONE: 将 `scripts/agent_bootstrap.sh` 升级为“前台监督器入口”，自动自检/启动 Hub/autopilot/任务种子/骨架初始化；为 autopilot 增加 `--context` 防递归；新增 `scripts/seed_tasks.py`、`scripts/bootstrap/bootstrap_workspace.sh`、Rust workspace 骨架（`Cargo.toml` + `crates/`）、Linux 自检脚本（`scripts/linux/audio_selfcheck.sh`）以及协议草案文档（`docs/PROTO.md`）；修复 autopilot stop 时可能遗留 codex 子进程的问题（setsid + 进程组 kill）。\n- DONE(20:05+08): 当 Hub 启动失败且日志包含 PermissionError/operation not permitted 时，`agent_bootstrap.sh` 会给出“受限环境禁止监听端口”的明确提示，并指向 `/.autopilot/logs/hub.log`。\n- DONE(20:08+08): 修复 `scripts/linux/audio_selfcheck.sh` 的 trap 作用域问题（函数返回后清理访问局部变量导致 `set -u` 报错）；将清理函数提升到脚本级并在 smoke 前重置状态。\n- DONE(20:04+08): 以 scribe 视角执行 `scripts/agent_bootstrap.sh --context`；尝试启动/注册 Hub 以拉取 tasks/events。\n- DONE(20:04+08): 按 scribe 循环尝试 `register` / `tasks` / `events`（`curl -s http://127.0.0.1:7788/...`），当前环境返回 exit=7（无法连接 Hub）。\n- DONE(20:07+08): 复跑 `scripts/agent_bootstrap.sh --once`；Hub health/agents/tasks 仍为空（与端口绑定受限一致）。\n- DONE(20:11+08): 在 Hub 不可达时改用 `sqlite3 agent_hub.db` 查看任务种子；当前任务均为 `queued`（含 `M0-001-linux-audio-selfcheck`、`M1-001-protocol-doc` 等）。\n- BLOCKER: 本机缺少 cargo（Rust 工具链）；未配置 `BUILDER_MAC_SSH`；codex 可能尚未登录（需用户侧一次性处理）。\n- BLOCKER(20:04+08): 当前沙箱环境禁止监听 TCP 端口；`python3 agent-hub/agent_hub.py` 报 `PermissionError: [Errno 1] Operation not permitted`，因此无法读取 Hub 的 tasks/events。\n- BLOCKER(20:04+08): 复现 Hub 启动失败；日志位于 `/tmp/netmic_hub.log`（绑定 `:7788` 被拒绝）。\n- NEXT: 安装 rustup/cargo；在 `.autopilot/runner.env` 填写跨机配置（或在 mac 也运行监督器）；随后直接运行 `scripts/agent_bootstrap.sh` 进入持续开发。\n- NEXT(20:04+08): 在可监听端口的真实机/Runner 上启动 Hub（或用监督器入口自动拉起），再由 scribe 基于 Hub 事件更新日志与 TODO。\n- TEST: 运行 `scripts/agent_bootstrap.sh --context`；运行 `scripts/agent_bootstrap.sh --once` 后执行 `scripts/autopilot.sh stop` 并用 `ss -ltnp '( sport = :7788 )'` 确认 Hub 可停止；运行 `scripts/autopilot.sh start`→`stop` 后用 `ps -ef | awk '/codex exec --full-auto -C \\\\/home\\\\/arc\\\\/code\\\\/NetMic/'` 验证无残留子进程；运行 `scripts/linux/audio_selfcheck_test.sh`（stub pactl 测试通过）。\n- TEST(20:05+08): 运行 `ROLE= PATH=/usr/bin:/bin scripts/agent_bootstrap.sh --once`，确认置顶提示包含“PermissionError/受限环境禁止监听端口”的明确说明。\n- TEST(20:08+08): 运行 `bash scripts/linux/audio_selfcheck_test.sh`，stub pactl 场景通过，确认不再出现 `source_id: 未绑定的变量`。\n- TEST(20:04+08): 再次运行 `scripts/agent_bootstrap.sh --context`；尝试 `nohup python3 agent-hub/agent_hub.py`（受限环境下启动失败，见 `/tmp/netmic_hub.log`）。\n- TEST(20:07+08): 运行 `scripts/agent_bootstrap.sh --once`（在无 Hub/cargo 时仍能输出上下文摘要并保持幂等退出）。\n- DONE(20:07+08): 仓库新增 Linux 音频注入自检脚本 `scripts/linux/audio_selfcheck.sh`，并提供 stub 测试 `scripts/linux/audio_selfcheck_test.sh`，覆盖 pactl 缺失与 smoke 成功路径。\n- BLOCKER(20:09+08): 当前环境未运行 Pulse/PipeWire 服务端，执行 `scripts/linux/audio_selfcheck.sh` 时 `pactl info` 失败；Hub 仍受限于端口绑定权限，无法通过 Hub 领取/回写任务状态。\n- NEXT(20:09+08): 在真实 Linux Runner 上执行 `scripts/linux/audio_selfcheck.sh --smoke` 验证可创建临时虚拟麦克风，然后继续推进 M0 虚拟麦克风注入与测试音写入。\n- TEST(20:09+08): 运行 `bash scripts/linux/audio_selfcheck_test.sh`（通过）；运行 `bash scripts/linux/audio_selfcheck.sh`（返回 NOT_READY，符合受限环境预期）。\n- DONE: 在缺少 cargo 的情况下手动创建 Rust workspace（`Cargo.toml` + `crates/netmic-{proto,server,client}`），并实现 `netmic-proto` 的 UDP datagram 分流骨架与 `netmic-server` 的单客户端占用握手/忙碌响应逻辑；同步新增 `docs/PROTO.md` 作为协议事实来源。\n- BLOCKER: 沙箱禁止监听端口，无法在本机启动 Hub（`agent-hub.py` 报 `PermissionError: Operation not permitted`）；同时本机仍缺少 cargo，无法执行 `cargo check`/单元测试。\n- NEXT: 用户侧安装 rustup/cargo 后运行 `cargo check -p netmic-server` 与 `cargo test -p netmic-proto`；在允许监听端口的环境中重新注册 Hub 并认领任务。\n- TEST: 运行 `scripts/agent_bootstrap.sh --context`；尝试 `cargo --version`（失败：未找到命令）；尝试启动 `agent-hub/agent_hub.py`（失败：权限受限）。\n- DONE(20:09+08): 以 orchestrator 视角执行清单：尝试 register/agents/tasks（均因端口受限失败），转为离线推进；新增协议事实来源 `docs/PROTO.md`，并补齐 `crates/netmic-proto/src/protocol.rs` 与 `crates/netmic-{server,client}/src/main.rs` 最小骨架。\n- BLOCKER(20:09+08): 当前沙箱禁止绑定/访问 `127.0.0.1:7788`，无法通过 Hub 进行任务队列检查与 claim/release。\n- NEXT(20:09+08): 在可监听端口的 Runner 上重新执行 register + `/v1/agents` + `/v1/tasks`；若队列为空，运行 `scripts/seed_tasks.py --hub <hub>` 注入任务种子，并优先推进 M0 虚拟麦克风自检/写入链路。\n- TEST(20:09+08): 运行 `scripts/agent_bootstrap.sh --context`（成功）；运行 `python3 -m py_compile scripts/seed_tasks.py`（成功）；Rust 侧因缺少 cargo 无法执行 `cargo check`。\n","exit_code":0,"status":"completed"}}
{"type":"item.started","item":{"id":"item_10","type":"command_execution","command":"/bin/bash -lc \"sed -n '1,200p' docs/SESSION_LOG.md\"","aggregated_output":"","exit_code":null,"status":"in_progress"}}
{"type":"item.completed","item":{"id":"item_10","type":"command_execution","command":"/bin/bash -lc \"sed -n '1,200p' docs/SESSION_LOG.md\"","aggregated_output":"# SESSION LOG\n\n## 2026-01-27\n- DONE: 将 `scripts/agent_bootstrap.sh` 升级为“前台监督器入口”，自动自检/启动 Hub/autopilot/任务种子/骨架初始化；为 autopilot 增加 `--context` 防递归；新增 `scripts/seed_tasks.py`、`scripts/bootstrap/bootstrap_workspace.sh`、Rust workspace 骨架（`Cargo.toml` + `crates/`）、Linux 自检脚本（`scripts/linux/audio_selfcheck.sh`）以及协议草案文档（`docs/PROTO.md`）；修复 autopilot stop 时可能遗留 codex 子进程的问题（setsid + 进程组 kill）。\n- DONE(20:05+08): 当 Hub 启动失败且日志包含 PermissionError/operation not permitted 时，`agent_bootstrap.sh` 会给出“受限环境禁止监听端口”的明确提示，并指向 `/.autopilot/logs/hub.log`。\n- DONE(20:08+08): 修复 `scripts/linux/audio_selfcheck.sh` 的 trap 作用域问题（函数返回后清理访问局部变量导致 `set -u` 报错）；将清理函数提升到脚本级并在 smoke 前重置状态。\n- DONE(20:04+08): 以 scribe 视角执行 `scripts/agent_bootstrap.sh --context`；尝试启动/注册 Hub 以拉取 tasks/events。\n- DONE(20:04+08): 按 scribe 循环尝试 `register` / `tasks` / `events`（`curl -s http://127.0.0.1:7788/...`），当前环境返回 exit=7（无法连接 Hub）。\n- DONE(20:07+08): 复跑 `scripts/agent_bootstrap.sh --once`；Hub health/agents/tasks 仍为空（与端口绑定受限一致）。\n- DONE(20:11+08): 在 Hub 不可达时改用 `sqlite3 agent_hub.db` 查看任务种子；当前任务均为 `queued`（含 `M0-001-linux-audio-selfcheck`、`M1-001-protocol-doc` 等）。\n- BLOCKER: 本机缺少 cargo（Rust 工具链）；未配置 `BUILDER_MAC_SSH`；codex 可能尚未登录（需用户侧一次性处理）。\n- BLOCKER(20:04+08): 当前沙箱环境禁止监听 TCP 端口；`python3 agent-hub/agent_hub.py` 报 `PermissionError: [Errno 1] Operation not permitted`，因此无法读取 Hub 的 tasks/events。\n- BLOCKER(20:04+08): 复现 Hub 启动失败；日志位于 `/tmp/netmic_hub.log`（绑定 `:7788` 被拒绝）。\n- NEXT: 安装 rustup/cargo；在 `.autopilot/runner.env` 填写跨机配置（或在 mac 也运行监督器）；随后直接运行 `scripts/agent_bootstrap.sh` 进入持续开发。\n- NEXT(20:04+08): 在可监听端口的真实机/Runner 上启动 Hub（或用监督器入口自动拉起），再由 scribe 基于 Hub 事件更新日志与 TODO。\n- TEST: 运行 `scripts/agent_bootstrap.sh --context`；运行 `scripts/agent_bootstrap.sh --once` 后执行 `scripts/autopilot.sh stop` 并用 `ss -ltnp '( sport = :7788 )'` 确认 Hub 可停止；运行 `scripts/autopilot.sh start`→`stop` 后用 `ps -ef | awk '/codex exec --full-auto -C \\\\/home\\\\/arc\\\\/code\\\\/NetMic/'` 验证无残留子进程；运行 `scripts/linux/audio_selfcheck_test.sh`（stub pactl 测试通过）。\n- TEST(20:05+08): 运行 `ROLE= PATH=/usr/bin:/bin scripts/agent_bootstrap.sh --once`，确认置顶提示包含“PermissionError/受限环境禁止监听端口”的明确说明。\n- TEST(20:08+08): 运行 `bash scripts/linux/audio_selfcheck_test.sh`，stub pactl 场景通过，确认不再出现 `source_id: 未绑定的变量`。\n- TEST(20:04+08): 再次运行 `scripts/agent_bootstrap.sh --context`；尝试 `nohup python3 agent-hub/agent_hub.py`（受限环境下启动失败，见 `/tmp/netmic_hub.log`）。\n- TEST(20:07+08): 运行 `scripts/agent_bootstrap.sh --once`（在无 Hub/cargo 时仍能输出上下文摘要并保持幂等退出）。\n- DONE(20:07+08): 仓库新增 Linux 音频注入自检脚本 `scripts/linux/audio_selfcheck.sh`，并提供 stub 测试 `scripts/linux/audio_selfcheck_test.sh`，覆盖 pactl 缺失与 smoke 成功路径。\n- BLOCKER(20:09+08): 当前环境未运行 Pulse/PipeWire 服务端，执行 `scripts/linux/audio_selfcheck.sh` 时 `pactl info` 失败；Hub 仍受限于端口绑定权限，无法通过 Hub 领取/回写任务状态。\n- NEXT(20:09+08): 在真实 Linux Runner 上执行 `scripts/linux/audio_selfcheck.sh --smoke` 验证可创建临时虚拟麦克风，然后继续推进 M0 虚拟麦克风注入与测试音写入。\n- TEST(20:09+08): 运行 `bash scripts/linux/audio_selfcheck_test.sh`（通过）；运行 `bash scripts/linux/audio_selfcheck.sh`（返回 NOT_READY，符合受限环境预期）。\n- DONE: 在缺少 cargo 的情况下手动创建 Rust workspace（`Cargo.toml` + `crates/netmic-{proto,server,client}`），并实现 `netmic-proto` 的 UDP datagram 分流骨架与 `netmic-server` 的单客户端占用握手/忙碌响应逻辑；同步新增 `docs/PROTO.md` 作为协议事实来源。\n- BLOCKER: 沙箱禁止监听端口，无法在本机启动 Hub（`agent-hub.py` 报 `PermissionError: Operation not permitted`）；同时本机仍缺少 cargo，无法执行 `cargo check`/单元测试。\n- NEXT: 用户侧安装 rustup/cargo 后运行 `cargo check -p netmic-server` 与 `cargo test -p netmic-proto`；在允许监听端口的环境中重新注册 Hub 并认领任务。\n- TEST: 运行 `scripts/agent_bootstrap.sh --context`；尝试 `cargo --version`（失败：未找到命令）；尝试启动 `agent-hub/agent_hub.py`（失败：权限受限）。\n- DONE(20:09+08): 以 orchestrator 视角执行清单：尝试 register/agents/tasks（均因端口受限失败），转为离线推进；新增协议事实来源 `docs/PROTO.md`，并补齐 `crates/netmic-proto/src/protocol.rs` 与 `crates/netmic-{server,client}/src/main.rs` 最小骨架。\n- BLOCKER(20:09+08): 当前沙箱禁止绑定/访问 `127.0.0.1:7788`，无法通过 Hub 进行任务队列检查与 claim/release。\n- NEXT(20:09+08): 在可监听端口的 Runner 上重新执行 register + `/v1/agents` + `/v1/tasks`；若队列为空，运行 `scripts/seed_tasks.py --hub <hub>` 注入任务种子，并优先推进 M0 虚拟麦克风自检/写入链路。\n- TEST(20:09+08): 运行 `scripts/agent_bootstrap.sh --context`（成功）；运行 `python3 -m py_compile scripts/seed_tasks.py`（成功）；Rust 侧因缺少 cargo 无法执行 `cargo check`。\n","exit_code":0,"status":"completed"}}
{"type":"item.completed","item":{"id":"item_15","type":"reasoning","text":"**Checking for decision records**"}}
{"type":"item.started","item":{"id":"item_16","type":"command_execution","command":"/bin/bash -lc \"sed -n '1,60p' docs/DECISIONS.md\"","aggregated_output":"","exit_code":null,"status":"in_progress"}}
{"type":"item.completed","item":{"id":"item_11","type":"reasoning","text":"**Appending to session log and updating decisions**"}}
{"type":"item.completed","item":{"id":"item_16","type":"command_execution","command":"/bin/bash -lc \"sed -n '1,60p' docs/DECISIONS.md\"","aggregated_output":"# DECISIONS\n\n## 2026-01-27\n- 背景：期望用户只运行 `scripts/agent_bootstrap.sh` 即可持续推进 MVP 开发，并在阻塞时得到明确提示。\n- 决策：将 `agent_bootstrap.sh` 设计为“前台监督器入口”，自动拉起 Hub/autopilot/任务种子/骨架初始化；在 agent 循环中使用 `--context` 退化为上下文摘要器，避免递归启动。\n- 影响：自动驾驶流程统一入口，但会在后台启动多个 agent 循环；停止需显式执行 `scripts/agent_bootstrap.sh --stop`（或 `scripts/autopilot.sh stop`）。\n\n- 背景：`netmic-proto` 已引用 `protocol` 模块，但仓库中缺少协议事实来源与最小结构定义，容易造成 client/server 漂移。\n- 决策：新增 `docs/PROTO.md` 作为 MVP 协议事实来源，并在 `netmic-proto` 中补齐 `SessionParams / Handshake / Heartbeat / StatsSnapshot / AudioFrameHeader` 最小结构；握手阶段显式携带 `session_id`，服务端原样回显。\n- 影响：后续协议字段调整必须先更新 `docs/PROTO.md`；builder 可直接围绕这些结构体落地最小 UDP 骨架。\n\n## 2026-01-27（scribe/受限环境策略）\n- 背景：当前 Codex 沙箱无法监听 TCP 端口，`agent-hub` 绑定 `:7788` 会失败，Hub 不可达。\n- 决策：scribe 在受限环境不强依赖 Hub；以 `scripts/agent_bootstrap.sh --context` 与 MVP/ROADMAP 为准更新 `SESSION_LOG`/`TODO`，并显式记录 Hub 阻塞。\n- 影响：日志与优先级可保持可读，但 tasks/events 需在真实 Runner 上补齐与回写。\n","exit_code":0,"status":"completed"}}
{"type":"item.started","item":{"id":"item_12","type":"command_execution","command":"/bin/bash -lc \"sed -n '1,200p' docs/DECISIONS.md\"","aggregated_output":"","exit_code":null,"status":"in_progress"}}
{"type":"item.completed","item":{"id":"item_12","type":"command_execution","command":"/bin/bash -lc \"sed -n '1,200p' docs/DECISIONS.md\"","aggregated_output":"# DECISIONS\n\n## 2026-01-27\n- 背景：期望用户只运行 `scripts/agent_bootstrap.sh` 即可持续推进 MVP 开发，并在阻塞时得到明确提示。\n- 决策：将 `agent_bootstrap.sh` 设计为“前台监督器入口”，自动拉起 Hub/autopilot/任务种子/骨架初始化；在 agent 循环中使用 `--context` 退化为上下文摘要器，避免递归启动。\n- 影响：自动驾驶流程统一入口，但会在后台启动多个 agent 循环；停止需显式执行 `scripts/agent_bootstrap.sh --stop`（或 `scripts/autopilot.sh stop`）。\n\n- 背景：`netmic-proto` 已引用 `protocol` 模块，但仓库中缺少协议事实来源与最小结构定义，容易造成 client/server 漂移。\n- 决策：新增 `docs/PROTO.md` 作为 MVP 协议事实来源，并在 `netmic-proto` 中补齐 `SessionParams / Handshake / Heartbeat / StatsSnapshot / AudioFrameHeader` 最小结构；握手阶段显式携带 `session_id`，服务端原样回显。\n- 影响：后续协议字段调整必须先更新 `docs/PROTO.md`；builder 可直接围绕这些结构体落地最小 UDP 骨架。\n\n## 2026-01-27（scribe/受限环境策略）\n- 背景：当前 Codex 沙箱无法监听 TCP 端口，`agent-hub` 绑定 `:7788` 会失败，Hub 不可达。\n- 决策：scribe 在受限环境不强依赖 Hub；以 `scripts/agent_bootstrap.sh --context` 与 MVP/ROADMAP 为准更新 `SESSION_LOG`/`TODO`，并显式记录 Hub 阻塞。\n- 影响：日志与优先级可保持可读，但 tasks/events 需在真实 Runner 上补齐与回写。\n","exit_code":0,"status":"completed"}}
{"type":"item.completed","item":{"id":"item_17","type":"reasoning","text":"**Inspecting task queue via sqlite**\n\nPlanning to check the task queue in agent_hub.db using sqlite3 to confirm if task seeds exist and understand why the hub is unreachable."}}
{"type":"item.completed","item":{"id":"item_13","type":"reasoning","text":"**Attempting hub state retrieval via curl**\n\nI'm trying to fetch the hub state with curl despite previous absence of a hub, expecting a failure but capturing output for further analysis."}}
{"type":"item.started","item":{"id":"item_14","type":"command_execution","command":"/bin/bash -lc 'curl -s \"$HUB/v1/agents?active_within=600&limit=50\"'","aggregated_output":"","exit_code":null,"status":"in_progress"}}
{"type":"item.completed","item":{"id":"item_14","type":"command_execution","command":"/bin/bash -lc 'curl -s \"$HUB/v1/agents?active_within=600&limit=50\"'","aggregated_output":"","exit_code":7,"status":"failed"}}
{"type":"item.started","item":{"id":"item_18","type":"command_execution","command":"/bin/bash -lc 'sqlite3 agent_hub.db \".tables\"'","aggregated_output":"","exit_code":null,"status":"in_progress"}}
{"type":"item.completed","item":{"id":"item_18","type":"command_execution","command":"/bin/bash -lc 'sqlite3 agent_hub.db \".tables\"'","aggregated_output":"agents                session_participants  task_updates        \nevents                sessions              tasks               \n","exit_code":0,"status":"completed"}}
{"type":"item.started","item":{"id":"item_15","type":"command_execution","command":"/bin/bash -lc 'curl -s \"$HUB/v1/tasks?limit=50\"'","aggregated_output":"","exit_code":null,"status":"in_progress"}}
{"type":"item.completed","item":{"id":"item_15","type":"command_execution","command":"/bin/bash -lc 'curl -s \"$HUB/v1/tasks?limit=50\"'","aggregated_output":"","exit_code":7,"status":"failed"}}
{"type":"item.completed","item":{"id":"item_19","type":"reasoning","text":"**Inspecting tasks table structure**"}}
{"type":"item.started","item":{"id":"item_20","type":"command_execution","command":"/bin/bash -lc 'sqlite3 -header -column agent_hub.db \"select task_id,status,assigned_to,meta from tasks order by created_at desc limit 20;\"'","aggregated_output":"","exit_code":null,"status":"in_progress"}}
{"type":"item.completed","item":{"id":"item_20","type":"command_execution","command":"/bin/bash -lc 'sqlite3 -header -column agent_hub.db \"select task_id,status,assigned_to,meta from tasks order by created_at desc limit 20;\"'","aggregated_output":"Error: in prepare, no such column: assigned_to\n  select task_id,status,assigned_to,meta from tasks order by created_at desc lim\n                        ^--- error here\n","exit_code":1,"status":"failed"}}
{"type":"item.completed","item":{"id":"item_21","type":"reasoning","text":"**Inspecting tasks schema**"}}
{"type":"item.started","item":{"id":"item_22","type":"command_execution","command":"/bin/bash -lc 'sqlite3 agent_hub.db \".schema tasks\"'","aggregated_output":"","exit_code":null,"status":"in_progress"}}
{"type":"item.completed","item":{"id":"item_22","type":"command_execution","command":"/bin/bash -lc 'sqlite3 agent_hub.db \".schema tasks\"'","aggregated_output":"CREATE TABLE tasks (\n            task_id TEXT PRIMARY KEY,\n            status TEXT,\n            claimed_by TEXT,\n            meta TEXT,\n            summary TEXT,\n            updated_at INTEGER\n        );\n","exit_code":0,"status":"completed"}}
{"type":"item.completed","item":{"id":"item_16","type":"reasoning","text":"**Inspecting task queue via local SQLite**\n\nThe hub is unreachable, so I'll check for queued tasks by inspecting the local agent_hub.db SQLite file using shell commands."}}
{"type":"item.started","item":{"id":"item_17","type":"command_execution","command":"/bin/bash -lc 'sqlite3 agent_hub.db \"select task_id,status,role,updated_at from tasks order by updated_at desc limit 20;\"'","aggregated_output":"","exit_code":null,"status":"in_progress"}}
{"type":"item.completed","item":{"id":"item_17","type":"command_execution","command":"/bin/bash -lc 'sqlite3 agent_hub.db \"select task_id,status,role,updated_at from tasks order by updated_at desc limit 20;\"'","aggregated_output":"Error: in prepare, no such column: role\n  select task_id,status,role,updated_at from tasks order by updated_at desc limi\n                        ^--- error here\n","exit_code":1,"status":"failed"}}
{"type":"item.completed","item":{"id":"item_23","type":"reasoning","text":"**Noticing timestamp fields**\n\nTasks track only updated_at (no created_at), so queries will use claimed_by and updated_at to filter or sort."}}
{"type":"item.started","item":{"id":"item_24","type":"command_execution","command":"/bin/bash -lc 'sqlite3 -header -column agent_hub.db \"select task_id,status,claimed_by,updated_at,substr(summary,1,80) as summary from tasks order by updated_at desc limit 20;\"'","aggregated_output":"","exit_code":null,"status":"in_progress"}}
{"type":"item.completed","item":{"id":"item_18","type":"reasoning","text":"**Inspecting database schema**\n\nI'm checking the SQLite schema for the tasks table to understand its structure and confirm how to interact with it."}}
{"type":"item.completed","item":{"id":"item_24","type":"command_execution","command":"/bin/bash -lc 'sqlite3 -header -column agent_hub.db \"select task_id,status,claimed_by,updated_at,substr(summary,1,80) as summary from tasks order by updated_at desc limit 20;\"'","aggregated_output":"task_id                       status  claimed_by  updated_at  summary\n----------------------------  ------  ----------  ----------  -------\nBOOT-001-workspace-skeleton   queued              1769514854         \nBOOT-002-session-docs-init    queued              1769514854         \nM0-001-linux-audio-selfcheck  queued              1769514854         \nM1-001-protocol-doc           queued              1769514854         \nM1-002-server-udp-receiver    queued              1769514854         \nM1-003-client-capture-sender  queued              1769514854         \nM2-001-config-validation      queued              1769514854         \nM3-001-metrics-and-reconnect  queued              1769514854         \n","exit_code":0,"status":"completed"}}
{"type":"item.started","item":{"id":"item_19","type":"command_execution","command":"/bin/bash -lc 'sqlite3 agent_hub.db \".schema tasks\"'","aggregated_output":"","exit_code":null,"status":"in_progress"}}
{"type":"item.completed","item":{"id":"item_19","type":"command_execution","command":"/bin/bash -lc 'sqlite3 agent_hub.db \".schema tasks\"'","aggregated_output":"CREATE TABLE tasks (\n            task_id TEXT PRIMARY KEY,\n            status TEXT,\n            claimed_by TEXT,\n            meta TEXT,\n            summary TEXT,\n            updated_at INTEGER\n        );\n","exit_code":0,"status":"completed"}}
{"type":"item.completed","item":{"id":"item_20","type":"reasoning","text":"**Planning meta-based role querying**\n\nThe role is stored inside the meta field rather than a separate column, so I'll query tasks using the meta field and parse it after selecting from sqlite3."}}
{"type":"item.started","item":{"id":"item_21","type":"command_execution","command":"/bin/bash -lc 'sqlite3 agent_hub.db \"select task_id,status,claimed_by,updated_at,substr(meta,1,120) from tasks order by updated_at desc limit 20;\"'","aggregated_output":"","exit_code":null,"status":"in_progress"}}
{"type":"item.completed","item":{"id":"item_21","type":"command_execution","command":"/bin/bash -lc 'sqlite3 agent_hub.db \"select task_id,status,claimed_by,updated_at,substr(meta,1,120) from tasks order by updated_at desc limit 20;\"'","aggregated_output":"BOOT-001-workspace-skeleton|queued||1769514854|{\"target_role\":\"builder-linux\",\"milestone\":\"bootstrap\",\"objective\":\"\\u8fd0\\u884c scripts/bootstrap/bootstrap_workspace.s\nBOOT-002-session-docs-init|queued||1769514854|{\"target_role\":\"scribe\",\"milestone\":\"bootstrap\",\"objective\":\"\\u521d\\u59cb\\u5316 docs/SESSION_LOG.md \\u4e0e docs/DECISION\nM0-001-linux-audio-selfcheck|queued||1769514854|{\"target_role\":\"builder-linux\",\"milestone\":\"M0\",\"objective\":\"\\u5b9e\\u73b0 Linux \\u97f3\\u9891\\u6ce8\\u5165\\u81ea\\u68c0\\u81\nM1-001-protocol-doc|queued||1769514854|{\"target_role\":\"scribe\",\"milestone\":\"M1\",\"objective\":\"\\u6839\\u636e MVP.md \\u7684\\u8fb9\\u754c\\uff0c\\u4ea7\\u51fa docs/PROT\nM1-002-server-udp-receiver|queued||1769514854|{\"target_role\":\"builder-linux\",\"milestone\":\"M1\",\"objective\":\"\\u5728 netmic-server \\u4e2d\\u843d\\u5730 UDP \\u63a5\\u6536\\u9\nM1-003-client-capture-sender|queued||1769514854|{\"target_role\":\"builder-mac\",\"milestone\":\"M1\",\"objective\":\"\\u5728 netmic-client \\u4e2d\\u5b9e\\u73b0\\u91c7\\u96c6/\\u91cd\\u9\nM2-001-config-validation|queued||1769514854|{\"target_role\":\"builder-linux\",\"milestone\":\"M2\",\"objective\":\"\\u5728 netmic-proto \\u4e2d\\u52a0\\u5165\\u53c2\\u6570\\u6821\\u9\nM3-001-metrics-and-reconnect|queued||1769514854|{\"target_role\":\"builder-linux\",\"milestone\":\"M3\",\"objective\":\"\\u5728 server/client \\u4fa7\\u8865\\u9f50\\u6307\\u6807\\u4e0e\\u\n","exit_code":0,"status":"completed"}}
{"type":"item.completed","item":{"id":"item_25","type":"reasoning","text":"**Considering offline task handling**\n\nI’m verifying if seeding tasks via script directly updates the database safely since the hub is offline; also planning to check module ownership to identify safe task boundaries for local progress."}}
{"type":"item.started","item":{"id":"item_26","type":"command_execution","command":"/bin/bash -lc \"sed -n '1,120p' docs/MODULE_OWNERS.md\"","aggregated_output":"","exit_code":null,"status":"in_progress"}}
{"type":"item.completed","item":{"id":"item_26","type":"command_execution","command":"/bin/bash -lc \"sed -n '1,120p' docs/MODULE_OWNERS.md\"","aggregated_output":"# NetMic 模块责任矩阵（双机协作）\n\n本文档定义 Linux 与 macOS 两台机器上的 Agent 负责的模块边界与交付物。  \n目标：并行推进、减少冲突、接口清晰。\n\n---\n\n## 1. 角色与机器分工\n\n### Linux 侧（Server Agent）\n- 负责服务端核心功能与系统注入\n- 负责服务端自检与运维脚本\n- 负责服务端稳定性与性能验证\n\n### macOS 侧（Client Agent）\n- 负责客户端采集与权限处理\n- 负责客户端重采样/单声道化\n- 负责客户端连接/重连逻辑\n\n### 共享模块（Integrator 统筹）\n- 协议与消息结构\n- 配置与参数校验\n- 日志与指标格式\n\n---\n\n## 2. 模块划分与负责人\n\n| 模块 | 说明 | 负责人（默认） | 产出 |\n| --- | --- | --- | --- |\n| server/audio-inject | 虚拟麦克风创建与 PCM 写入 | Linux | 自检脚本 + 注入模块 |\n| server/receiver | UDP 接收、抖动缓冲 | Linux | 接收模块 + 缓冲策略 |\n| server/metrics | 丢包/缓冲/延迟统计 | Linux | 指标输出格式 |\n| client/capture | 麦克风采集 | macOS | 采集模块 + 设备选择 |\n| client/resample | 重采样/单声道化 | macOS | 处理链路 |\n| client/sender | UDP 发送与心跳 | macOS | 发送模块 |\n| proto | 协议结构与握手 | 共享 | 消息定义文档 |\n| config | 参数校验与回退规则 | 共享 | 参数规则文档 |\n| logging | 日志与错误分类 | 共享 | 日志规范 |\n\n---\n\n## 3. 交付与合并规则\n\n1) 每个任务必须对应 Issue  \n2) 子模块修改尽量只改自己负责的目录  \n3) 所有补丁通过 Integrator 合并  \n4) 变更协议/配置必须先更新文档再改代码\n\n---\n\n## 4. 冲突处理规则\n\n- 两侧同时修改同一模块时，由 Integrator 判定主导方  \n- 若涉及协议变更，优先冻结两侧实现，先达成文档一致\n\n---\n\n## 5. 里程碑对齐（简要）\n\n- **M0**：Linux 侧为主（虚拟麦克风/写入验证）  \n- **M1**：Client + Server 并行（采集/发送/接收/注入）  \n- **M2/M3**：共享模块为主（参数回退、稳定性、指标）\n\n","exit_code":0,"status":"completed"}}
{"type":"item.completed","item":{"id":"item_27","type":"reasoning","text":"**Planning small testable tasks**\n\nI'm focusing on improving docs or scripts since key tooling and audio injection aren't available, so next I'll inspect the repository and crates to identify manageable tasks like enhancing scripts/bootstrap or audio self-checks."}}
{"type":"item.started","item":{"id":"item_28","type":"command_execution","command":"/bin/bash -lc 'rg --files'","aggregated_output":"","exit_code":null,"status":"in_progress"}}
{"type":"item.completed","item":{"id":"item_28","type":"command_execution","command":"/bin/bash -lc 'rg --files'","aggregated_output":"crates/netmic-proto/Cargo.toml\ncrates/netmic-proto/src/lib.rs\ncrates/netmic-proto/src/protocol.rs\ncrates/netmic-proto/src/config.rs\ncrates/netmic-client/Cargo.toml\nCargo.toml\ndocs/ROADMAP.md\ndocs/PROTO.md\ndocs/SESSION_LOG.md\ndocs/AGENT_HUB.md\ndocs/DECISIONS.md\ndocs/MODULE_OWNERS.md\ndocs/CONTINUOUS_AUTOPILOT.md\ndocs/WORKFLOW.md\ndocs/TODO.md\ncrates/netmic-client/src/main.rs\nscripts/seed_tasks.py\nAGENTS.md\nscripts/e2e_smoke.py\nscripts/launch_agents.sh\nMVP.md\nscripts/agent_bootstrap.sh\nagent-hub/agent_hub.py\nscripts/autopilot.sh\nscripts/start_agent.sh\nscripts/bootstrap/bootstrap_workspace.sh\ncrates/netmic-server/Cargo.toml\nscripts/prompts/builder_mac.txt\nscripts/prompts/orchestrator.txt\nscripts/prompts/builder_linux.txt\nscripts/prompts/scribe.txt\nscripts/linux/audio_selfcheck.sh\ncrates/netmic-server/src/main.rs\nscripts/linux/audio_selfcheck_test.sh\n","exit_code":0,"status":"completed"}}
{"type":"item.completed","item":{"id":"item_22","type":"reasoning","text":"**Evaluating task queue management options**\n\nThe task queue is seeded via a script relying on hub API calls, making offline updates to the DB possible but non-authoritative; since hub is unreachable, I'll focus on updating documentation or small local tasks that don't require the hub, avoiding new long-term storage."}}
{"type":"item.completed","item":{"id":"item_23","type":"reasoning","text":"**Identifying small safe tasks**\n\nPlanning to review existing scripts and docs for small, reversible improvements like test refinements or documentation updates, since cargo is unavailable but shell-based tests can run."}}
{"type":"item.started","item":{"id":"item_24","type":"command_execution","command":"/bin/bash -lc \"sed -n '1,200p' docs/TODO.md\"","aggregated_output":"","exit_code":null,"status":"in_progress"}}
{"type":"item.completed","item":{"id":"item_29","type":"reasoning","text":"**Reviewing protocol docs and config**\n\nI'm inspecting the protocol documentation and netmic-proto configuration to identify needed updates or compatibility fixes, planning to use shell commands for targeted editing."}}
{"type":"item.started","item":{"id":"item_30","type":"command_execution","command":"/bin/bash -lc \"sed -n '1,200p' crates/netmic-proto/src/protocol.rs\"","aggregated_output":"","exit_code":null,"status":"in_progress"}}
{"type":"item.completed","item":{"id":"item_24","type":"command_execution","command":"/bin/bash -lc \"sed -n '1,200p' docs/TODO.md\"","aggregated_output":"# TODO（MVP 自动驾驶看板）\n\n当前优先级（与 Hub 任务队列配合）：\n- 用户前置：安装 rustup/cargo，确保 `cargo check` 可运行。\n- 用户前置：配置 `.autopilot/runner.env`（至少补全 `BUILDER_MAC_SSH` 或在 mac 端也运行监督器）。\n- 环境前置：在可监听端口的真实机/Runner 上启动 Hub（受限沙箱可能无法绑定 `:7788`）。\n- 里程碑优先：当 cargo/Hub 可用后，先推进 M0（pactl/pipewire 自检 → virtual source 创建 → sine wave 持续写入 5 分钟 smoke）。\n- 自动驾驶：运行 `scripts/agent_bootstrap.sh`，观察置顶提示并清除阻塞项。\n","exit_code":0,"status":"completed"}}
{"type":"item.completed","item":{"id":"item_30","type":"command_execution","command":"/bin/bash -lc \"sed -n '1,200p' crates/netmic-proto/src/protocol.rs\"","aggregated_output":"//! 最小协议结构（握手 / 心跳 / 统计 / 音频帧头）。\n//!\n//! 说明：\n//! - 文档事实来源：`MVP.md` 与 `docs/PROTO.md`。\n//! - 这里先提供“可编译、可序列化”的骨架，后续再接入真实网络与音频链路。\n\nuse serde::{Deserialize, Serialize};\n\n/// 会话参数（客户端请求值 / 服务端生效值）。\n///\n/// 参数安全范围与回退规则以后续 `config` 模块为准；此处仅承载数据。\n#[derive(Debug, Clone, Serialize, Deserialize, PartialEq, Eq)]\npub struct SessionParams {\n    /// 编码类型：`\"opus\"` 或 `\"pcm16\"`。\n    pub codec: String,\n    /// 目标采样率（Hz），MVP 安全范围：16_000–48_000。\n    pub sample_rate_hz: u32,\n    /// 声道数（MVP 固定为 1 / mono）。\n    pub channels: u16,\n    /// 帧时长（ms），MVP 安全范围：10–60。\n    pub chunk_ms: u32,\n    /// Opus 比特率（kbps），仅在 codec=opus 时生效。\n    pub opus_bitrate_kbps: Option<u32>,\n    /// 接收端目标缓冲（ms），MVP 建议范围：40–400。\n    pub jitter_buffer_ms: u32,\n}\n\nimpl SessionParams {\n    /// 生成与 MVP 文档默认值一致的参数集。\n    pub fn mvp_default() -> Self {\n        Self {\n            codec: \"opus\".to_string(),\n            sample_rate_hz: 48_000,\n            channels: 1,\n            chunk_ms: 20,\n            opus_bitrate_kbps: Some(48),\n            jitter_buffer_ms: 100,\n        }\n    }\n}\n\n/// 握手请求（Client → Server）。\n#[derive(Debug, Clone, Serialize, Deserialize, PartialEq, Eq)]\npub struct HandshakeRequest {\n    /// 会话标识（建议客户端生成 UUID，服务端原样回显）。\n    pub session_id: String,\n    /// 客户端展示名（日志与诊断用途）。\n    pub client_name: String,\n    /// 客户端请求的会话参数。\n    pub requested: SessionParams,\n    /// 预留字段：鉴权 token（MVP 默认不启用）。\n    pub token: Option<String>,\n}\n\n/// 握手响应（Server → Client）。\n#[derive(Debug, Clone, Serialize, Deserialize, PartialEq, Eq)]\npub struct HandshakeResponse {\n    /// 会话标识（与请求一致）。\n    pub session_id: String,\n    /// 是否接受本次会话。\n    pub accepted: bool,\n    /// 拒绝或回退原因（可选）。\n    pub reason: Option<String>,\n    /// 服务端最终生效参数（含回退后的结果）。\n    pub effective: SessionParams,\n    /// 单客户端占用标记：busy=true 表示服务端已被占用。\n    pub busy: bool,\n}\n\n/// 心跳报文（双向）。\n#[derive(Debug, Clone, Serialize, Deserialize, PartialEq, Eq)]\npub struct Heartbeat {\n    /// 会话标识（来自握手阶段）。\n    pub session_id: String,\n    /// 单调递增序号（用于检测丢包 / 乱序）。\n    pub seq: u64,\n    /// 发送端时间戳（毫秒）。\n    pub sent_at_ms: u64,\n}\n\n/// 统计快照（Server → Client 为主，Client → Server 可选）。\n#[derive(Debug, Clone, Serialize, Deserialize, PartialEq)]\npub struct StatsSnapshot {\n    /// 统计窗口内的接收包计数。\n    pub packets_received: u64,\n    /// 统计窗口内的丢包估计。\n    pub packets_lost: u64,\n    /// 当前抖动缓冲深度（毫秒）。\n    pub jitter_buffer_depth_ms: f32,\n    /// 端到端估算延迟（毫秒）。\n    pub estimated_e2e_latency_ms: f32,\n}\n\n/// 数据面音频帧头（不含 payload）。\n///\n/// 注意：实际 UDP 负载通常为“帧头 + 编码音频数据”。\n#[derive(Debug, Clone, Serialize, Deserialize, PartialEq, Eq)]\npub struct AudioFrameHeader {\n    /// 会话标识。\n    pub session_id: String,\n    /// 音频帧序号（单调递增）。\n    pub seq: u64,\n    /// 帧起始时间戳（毫秒）。\n    pub timestamp_ms: u64,\n    /// 本帧音频采样数（解码后）。\n    pub frame_samples: u32,\n}\n","exit_code":0,"status":"completed"}}
{"type":"item.completed","item":{"id":"item_31","type":"reasoning","text":"**Planning config module**"}}
{"type":"item.started","item":{"id":"item_32","type":"command_execution","command":"/bin/bash -lc \"sed -n '1,200p' crates/netmic-proto/src/config.rs\"","aggregated_output":"","exit_code":null,"status":"in_progress"}}
{"type":"item.completed","item":{"id":"item_32","type":"command_execution","command":"/bin/bash -lc \"sed -n '1,200p' crates/netmic-proto/src/config.rs\"","aggregated_output":"//! 参数安全范围与默认值（以文档为准）。\n//!\n//! 参考：`MVP.md` 第 3 节与第 4 节。\n\n/// MVP 支持的编码类型。\n#[derive(Debug, Clone, Copy, PartialEq, Eq)]\npub enum CodecKind {\n    Opus,\n    Pcm16,\n}\n\n/// 内部标准格式（文档建议值）。\npub const INTERNAL_SAMPLE_RATE_HZ: u32 = 48_000;\npub const INTERNAL_CHANNELS: u16 = 1;\npub const INTERNAL_BITS_PER_SAMPLE: u16 = 16;\n\n/// 文档给出的默认参数。\n#[derive(Debug, Clone, Copy, PartialEq, Eq)]\npub struct DefaultParams {\n    pub codec: CodecKind,\n    pub sample_rate_hz: u32,\n    pub chunk_ms: u32,\n    pub jitter_buffer_ms: u32,\n}\n\nimpl Default for DefaultParams {\n    fn default() -> Self {\n        Self {\n            codec: CodecKind::Opus,\n            sample_rate_hz: INTERNAL_SAMPLE_RATE_HZ,\n            chunk_ms: 20,\n            jitter_buffer_ms: 100,\n        }\n    }\n}\n","exit_code":0,"status":"completed"}}
{"type":"item.completed","item":{"id":"item_25","type":"reasoning","text":"**Planning small offline tasks**\n\nI’m identifying manageable offline tasks like improving or stub-testing existing audio scripts and adding documentation updates, focusing on script skeletons and docs for virtual mic and sine wave features that can’t be fully validated without hardware."}}
{"type":"item.completed","item":{"id":"item_26","type":"reasoning","text":"**Verifying existing scripts for incremental work**\n\nI'm reviewing current Linux scripts to confirm what can be stub-implemented and determine the necessary doc updates to align with new scripts."}}
{"type":"item.started","item":{"id":"item_27","type":"command_execution","command":"/bin/bash -lc \"ls -la scripts/linux && sed -n '1,200p' scripts/linux/audio_selfcheck.sh && echo '---' && sed -n '1,220p' scripts/linux/audio_selfcheck_test.sh\"","aggregated_output":"","exit_code":null,"status":"in_progress"}}
{"type":"item.completed","item":{"id":"item_27","type":"command_execution","command":"/bin/bash -lc \"ls -la scripts/linux && sed -n '1,200p' scripts/linux/audio_selfcheck.sh && echo '---' && sed -n '1,220p' scripts/linux/audio_selfcheck_test.sh\"","aggregated_output":"总计 20\ndrwxr-xr-x. 3 arc arc 4096  1月27日 20:05 .\ndrwxr-xr-x. 8 arc arc 4096  1月27日 20:10 ..\n-rwxr-xr-x. 1 arc arc 3843  1月27日 20:07 audio_selfcheck.sh\n-rwxr-xr-x. 1 arc arc 2308  1月27日 20:05 audio_selfcheck_test.sh\ndrwxr-xr-x. 2 arc arc 4096  1月27日 19:14 __pycache__\n#!/usr/bin/env bash\n# Linux 音频注入自检：检查 PipeWire/Pulse 兼容层是否可用于创建虚拟麦克风。\nset -euo pipefail\n\nSMOKE=0\nif [[ \"${1:-}\" == \"--smoke\" ]]; then\n  SMOKE=1\nfi\n\nSMOKE_SINK_ID=\"\"\nSMOKE_SOURCE_ID=\"\"\n\nsmoke_cleanup() {\n  # 使用默认展开，避免 set -u 在未绑定变量时退出。\n  local source_id=\"${SMOKE_SOURCE_ID:-}\"\n  local sink_id=\"${SMOKE_SINK_ID:-}\"\n  if [[ -n \"$source_id\" ]]; then\n    pactl unload-module \"$source_id\" >/dev/null 2>&1 || true\n  fi\n  if [[ -n \"$sink_id\" ]]; then\n    pactl unload-module \"$sink_id\" >/dev/null 2>&1 || true\n  fi\n}\n\nlog() {\n  printf '%s\\n' \"$*\"\n}\n\nlog_warn() {\n  printf 'WARN: %s\\n' \"$*\" >&2\n}\n\nlog_fail() {\n  printf 'FAIL: %s\\n' \"$*\" >&2\n}\n\nrequire_cmd() {\n  local cmd=\"$1\"\n  if ! command -v \"$cmd\" >/dev/null 2>&1; then\n    log_fail \"缺少命令：$cmd\"\n    return 1\n  fi\n}\n\ndetect_server_name() {\n  pactl info 2>/dev/null | awk -F': ' '/^Server Name:/ {print $2; exit}'\n}\n\nserver_kind_from_name() {\n  local name=\"$1\"\n  if [[ \"$name\" == *\"PipeWire\"* ]] || [[ \"$name\" == *\"on PipeWire\"* ]]; then\n    printf 'pipewire-pulse'\n    return 0\n  fi\n  if [[ \"$name\" == *\"PulseAudio\"* ]] || [[ \"$name\" == *\"pulseaudio\"* ]]; then\n    printf 'pulseaudio'\n    return 0\n  fi\n  printf 'unknown'\n}\n\nbasic_checks() {\n  require_cmd pactl || return 1\n  local server_name\n  server_name=\"$(detect_server_name || true)\"\n  if [[ -z \"$server_name\" ]]; then\n    log_fail \"无法通过 pactl 读取服务端信息（Pulse/PipeWire 可能未运行）。\"\n    return 1\n  fi\n\n  local server_kind\n  server_kind=\"$(server_kind_from_name \"$server_name\")\"\n  log \"检测到音频服务：$server_name\"\n  case \"$server_kind\" in\n    pipewire-pulse)\n      log \"服务类型判断：PipeWire（Pulse 兼容层）\"\n      ;;\n    pulseaudio)\n      log \"服务类型判断：PulseAudio\"\n      ;;\n    *)\n      log_warn \"服务类型未识别，但仍可尝试进行 smoke 检查。\"\n      ;;\n  esac\n}\n\nsmoke_check_virtual_source() {\n  local suffix\n  suffix=\"${NETMIC_SMOKE_ID:-$$}\"\n  local sink_name=\"netmic_smoke_sink_${suffix}\"\n  local source_name=\"netmic_smoke_source_${suffix}\"\n\n  # trap 在函数返回后仍会执行，因此这里先重置脚本级状态。\n  SMOKE_SINK_ID=\"\"\n  SMOKE_SOURCE_ID=\"\"\n  trap smoke_cleanup EXIT\n\n  log \"开始 smoke 检查：尝试创建临时虚拟麦克风。\"\n\n  # 优先使用 module-null-sink + module-remap-source 的组合，兼容性更好。\n  SMOKE_SINK_ID=\"$(pactl load-module module-null-sink \\\n    \"sink_name=${sink_name}\" \\\n    \"sink_properties=device.description=NetMic_Smoke_Sink\" 2>/dev/null || true)\"\n  if [[ -z \"$SMOKE_SINK_ID\" ]]; then\n    log_fail \"无法加载 module-null-sink（缺少模块或服务端拒绝）。\"\n    return 1\n  fi\n\n  SMOKE_SOURCE_ID=\"$(pactl load-module module-remap-source \\\n    \"master=${sink_name}.monitor\" \\\n    \"source_name=${source_name}\" \\\n    \"source_properties=device.description=NetMic_Smoke_Source\" 2>/dev/null || true)\"\n  if [[ -z \"$SMOKE_SOURCE_ID\" ]]; then\n    log_fail \"无法加载 module-remap-source（虚拟 source 创建失败）。\"\n    return 1\n  fi\n\n  if pactl list short sources 2>/dev/null | awk '{print $2}' | grep -Fx \"$source_name\" >/dev/null 2>&1; then\n    log \"smoke 检查通过：可创建虚拟麦克风（临时 source 已出现）。\"\n    return 0\n  fi\n\n  log_fail \"smoke 检查失败：未在 sources 列表中看到临时虚拟麦克风。\"\n  return 1\n}\n\nmain() {\n  if ! basic_checks; then\n    log \"结论：NOT_READY（基础检查未通过）\"\n    return 1\n  fi\n\n  if [[ \"$SMOKE\" -eq 1 ]]; then\n    if smoke_check_virtual_source; then\n      log \"结论：READY（smoke 检查通过）\"\n      return 0\n    fi\n    log \"结论：NOT_READY（smoke 检查失败）\"\n    return 1\n  fi\n\n  log \"结论：CHECK_OK（基础检查通过，建议使用 --smoke 进一步验证）\"\n}\n\nmain \"$@\"\n---\n#!/usr/bin/env bash\n# 使用 stub pactl 对 audio_selfcheck.sh 做最小可重复测试。\nset -euo pipefail\n\nROOT=\"$(cd \"$(dirname \"${BASH_SOURCE[0]}\")/../..\" && pwd)\"\nTARGET=\"$ROOT/scripts/linux/audio_selfcheck.sh\"\n\nif [[ ! -x \"$TARGET\" ]]; then\n  echo \"目标脚本不存在或不可执行：$TARGET\" >&2\n  exit 1\nfi\n\ntmpdir=\"$(mktemp -d)\"\ncleanup() {\n  rm -rf \"$tmpdir\"\n}\ntrap cleanup EXIT\n\nstub_dir=\"$tmpdir/stubbin\"\nstate_dir=\"$tmpdir/state\"\nmkdir -p \"$stub_dir\" \"$state_dir\"\n\ncat >\"$stub_dir/pactl\" <<'EOF'\n#!/usr/bin/env bash\nset -euo pipefail\n\nSTATE_DIR=\"${STATE_DIR:?}\"\n\ncmd=\"${1:-}\"\nshift || true\n\ncase \"$cmd\" in\n  info)\n    cat <<INFO\nServer Name: PulseAudio (on PipeWire 0.3.79)\nINFO\n    ;;\n  load-module)\n    module=\"${1:-}\"\n    shift || true\n    case \"$module\" in\n      module-null-sink)\n        echo \"101\"\n        ;;\n      module-remap-source)\n        source_name=\"\"\n        for arg in \"$@\"; do\n          case \"$arg\" in\n            source_name=*)\n              source_name=\"${arg#source_name=}\"\n              ;;\n          esac\n        done\n        if [[ -n \"$source_name\" ]]; then\n          printf '%s\\n' \"$source_name\" >\"$STATE_DIR/source_name\"\n        fi\n        echo \"102\"\n        ;;\n      *)\n        exit 1\n        ;;\n    esac\n    ;;\n  unload-module)\n    exit 0\n    ;;\n  list)\n    sub=\"${1:-}\"\n    shift || true\n    if [[ \"$sub\" == \"short\" && \"${1:-}\" == \"sources\" ]]; then\n      source_name=\"$(cat \"$STATE_DIR/source_name\" 2>/dev/null || true)\"\n      if [[ -n \"$source_name\" ]]; then\n        printf '42\\t%s\\tmodule-remap-source\\t...\\n' \"$source_name\"\n      fi\n    fi\n    ;;\n  *)\n    exit 1\n    ;;\nesac\nEOF\n\nchmod +x \"$stub_dir/pactl\"\n\necho \"[test] pactl 缺失时应判定 NOT_READY\"\nif PATH=\"$stub_dir/empty\" \"$TARGET\" >/dev/null 2>&1; then\n  echo \"期望失败但成功了（pactl 缺失场景）\" >&2\n  exit 1\nfi\n\necho \"[test] stub pactl + smoke 应判定 READY\"\nout_file=\"$tmpdir/out.txt\"\nif ! PATH=\"$stub_dir:$PATH\" STATE_DIR=\"$state_dir\" NETMIC_SMOKE_ID=\"test\" \"$TARGET\" --smoke >\"$out_file\" 2>&1; then\n  echo \"stub smoke 测试失败，输出如下：\" >&2\n  cat \"$out_file\" >&2\n  exit 1\nfi\n\nif ! grep -q '结论：READY' \"$out_file\"; then\n  echo \"未看到 READY 结论，输出如下：\" >&2\n  cat \"$out_file\" >&2\n  exit 1\nfi\n\necho \"[ok] audio_selfcheck.sh 最小测试通过\"\n\n","exit_code":0,"status":"completed"}}
{"type":"item.completed","item":{"id":"item_33","type":"reasoning","text":"**Adapting task queue for offline use**\n\nPlanning to update the seed_tasks script to include more detailed tasks and acceptance criteria for offline use, reflecting hub unavailability, and document the orchestrator's current offline behavior and next steps for builders."}}
{"type":"item.completed","item":{"id":"item_34","type":"reasoning","text":"**Inspecting task seeding script**\n\nI’m reviewing seed_tasks.py to identify where and how to add meta fields like target_role, objective, and acceptance criteria."}}
{"type":"item.started","item":{"id":"item_35","type":"command_execution","command":"/bin/bash -lc \"sed -n '1,220p' scripts/seed_tasks.py\"","aggregated_output":"","exit_code":null,"status":"in_progress"}}
{"type":"item.completed","item":{"id":"item_35","type":"command_execution","command":"/bin/bash -lc \"sed -n '1,220p' scripts/seed_tasks.py\"","aggregated_output":"#!/usr/bin/env python3\n\"\"\"为 NetMic MVP 自动驾驶注入任务种子（幂等）。\"\"\"\n\nfrom __future__ import annotations\n\nimport argparse\nimport json\nimport sys\nimport urllib.error\nimport urllib.parse\nimport urllib.request\nfrom typing import Any, Dict, Iterable, List, Tuple\n\nSEED_AGENT_ID = \"bootstrap-seed\"\n\n\nSeedTask = Dict[str, Any]\n\n\nSEED_TASKS: List[SeedTask] = [\n    {\n        \"task_id\": \"BOOT-001-workspace-skeleton\",\n        \"meta\": {\n            \"target_role\": \"builder-linux\",\n            \"milestone\": \"bootstrap\",\n            \"objective\": \"运行 scripts/bootstrap/bootstrap_workspace.sh 创建 Rust 工作区骨架，并确保 cargo check 通过。\",\n            \"acceptance\": [\n                \"根目录存在 Cargo.toml workspace 配置\",\n                \"crates/netmic-{proto,server,client} 存在且 cargo check 通过\",\n                \"docs/SESSION_LOG.md 记录本次骨架初始化结果\",\n            ],\n            \"doc_refs\": [\"MVP.md#4\", \"docs/ROADMAP.md\"],\n        },\n    },\n    {\n        \"task_id\": \"BOOT-002-session-docs-init\",\n        \"meta\": {\n            \"target_role\": \"scribe\",\n            \"milestone\": \"bootstrap\",\n            \"objective\": \"初始化 docs/SESSION_LOG.md 与 docs/DECISIONS.md 的最小结构，并记录自动驾驶入口的运行方式。\",\n            \"acceptance\": [\n                \"docs/SESSION_LOG.md 包含 DONE/BLOCKER/NEXT/TEST 模板\",\n                \"docs/DECISIONS.md 包含日期与决策模板\",\n                \"文档明确 agent_bootstrap.sh 是入口\",\n            ],\n            \"doc_refs\": [\"docs/CONTINUOUS_AUTOPILOT.md\", \"docs/WORKFLOW.md\"],\n        },\n    },\n    {\n        \"task_id\": \"M0-001-linux-audio-selfcheck\",\n        \"meta\": {\n            \"target_role\": \"builder-linux\",\n            \"milestone\": \"M0\",\n            \"objective\": \"实现 Linux 音频注入自检脚本（pactl/pipewire-pulse），并提供最小 smoke test。\",\n            \"acceptance\": [\n                \"存在 scripts/linux/audio_selfcheck.sh 或 .py\",\n                \"脚本能输出是否可创建虚拟麦克风的结论\",\n                \"结果写入 docs/SESSION_LOG.md\",\n            ],\n            \"doc_refs\": [\"MVP.md#6\", \"docs/ROADMAP.md#milestone-0\"],\n        },\n    },\n    {\n        \"task_id\": \"M1-001-protocol-doc\",\n        \"meta\": {\n            \"target_role\": \"scribe\",\n            \"milestone\": \"M1\",\n            \"objective\": \"根据 MVP.md 的边界，产出 docs/PROTO.md（握手/心跳/统计/音频帧最小结构）。\",\n            \"acceptance\": [\n                \"docs/PROTO.md 描述握手请求/响应字段\",\n                \"定义最小音频帧头结构与统计字段\",\n                \"明确单客户端占用与 BUSY 行为\",\n            ],\n            \"doc_refs\": [\"MVP.md#5\", \"docs/MODULE_OWNERS.md\"],\n        },\n    },\n    {\n        \"task_id\": \"M1-002-server-udp-receiver\",\n        \"meta\": {\n            \"target_role\": \"builder-linux\",\n            \"milestone\": \"M1\",\n            \"objective\": \"在 netmic-server 中落地 UDP 接收骨架（握手/音频包分流占位），先用 PCM 跑通链路。\",\n            \"acceptance\": [\n                \"netmic-server 能监听 UDP 端口\",\n                \"能区分控制面与数据面消息类型（占位实现可）\",\n                \"cargo check 通过且写入 SESSION_LOG\",\n            ],\n            \"doc_refs\": [\"MVP.md#5\", \"docs/ROADMAP.md#milestone-1\"],\n        },\n    },\n    {\n        \"task_id\": \"M1-003-client-capture-sender\",\n        \"meta\": {\n            \"target_role\": \"builder-mac\",\n            \"milestone\": \"M1\",\n            \"objective\": \"在 netmic-client 中实现采集/重采样/发送的最小骨架（可先用假数据/测试音）。\",\n            \"acceptance\": [\n                \"netmic-client 具备发送循环骨架\",\n                \"为后续接入 cpal/rubato 预留清晰模块结构\",\n                \"cargo check 通过且写入 SESSION_LOG\",\n            ],\n            \"doc_refs\": [\"MVP.md#4\", \"docs/ROADMAP.md#milestone-1\"],\n        },\n    },\n    {\n        \"task_id\": \"M2-001-config-validation\",\n        \"meta\": {\n            \"target_role\": \"builder-linux\",\n            \"milestone\": \"M2\",\n            \"objective\": \"在 netmic-proto 中加入参数校验与回退规则骨架（安全范围以 MVP.md 为准）。\",\n            \"acceptance\": [\n                \"存在参数校验入口（validate 或 normalize）\",\n                \"能表达回退到默认值的结果结构\",\n                \"关键范围写入注释并引用 MVP.md\",\n            ],\n            \"doc_refs\": [\"MVP.md#3\", \"docs/ROADMAP.md#milestone-2\"],\n        },\n    },\n    {\n        \"task_id\": \"M3-001-metrics-and-reconnect\",\n        \"meta\": {\n            \"target_role\": \"builder-linux\",\n            \"milestone\": \"M3\",\n            \"objective\": \"在 server/client 侧补齐指标与重连状态机骨架（日志可观测优先）。\",\n            \"acceptance\": [\n                \"日志中可见状态机转换\",\n                \"存在丢包/缓冲深度等指标结构占位\",\n                \"文档或注释解释恢复窗口目标（10 秒内）\",\n            ],\n            \"doc_refs\": [\"MVP.md#8\", \"docs/ROADMAP.md#milestone-3\"],\n        },\n    },\n]\n\n\ndef request_json(method: str, url: str, payload: Dict[str, Any] | None = None, timeout: int = 10) -> Dict[str, Any]:\n    data = None\n    if payload is not None:\n        data = json.dumps(payload, ensure_ascii=True).encode(\"utf-8\")\n    req = urllib.request.Request(url, data=data, method=method)\n    req.add_header(\"Content-Type\", \"application/json\")\n    try:\n        with urllib.request.urlopen(req, timeout=timeout) as resp:\n            raw = resp.read()\n    except urllib.error.HTTPError as exc:  # pragma: no cover - 网络环境依赖\n        return {\"ok\": False, \"error\": f\"http_{exc.code}\", \"detail\": exc.read().decode(\"utf-8\", \"ignore\")}\n    except Exception as exc:  # pragma: no cover - 网络环境依赖\n        return {\"ok\": False, \"error\": str(exc)}\n    try:\n        return json.loads(raw.decode(\"utf-8\"))\n    except json.JSONDecodeError:\n        return {\"ok\": False, \"error\": \"bad_json\", \"raw\": raw.decode(\"utf-8\", \"ignore\")}\n\n\ndef get_tasks(hub: str) -> Dict[str, Dict[str, Any]]:\n    resp = request_json(\"GET\", f\"{hub}/v1/tasks?limit=1000\")\n    tasks: Dict[str, Dict[str, Any]] = {}\n    if not resp.get(\"ok\"):\n        return tasks\n    for task in resp.get(\"tasks\", []):\n        task_id = task.get(\"task_id\")\n        if task_id:\n            tasks[task_id] = task\n    return tasks\n\n\ndef claim_then_queue(hub: str, task_id: str, meta: Dict[str, Any]) -> Tuple[bool, str]:\n    claim_payload = {\"agent_id\": SEED_AGENT_ID, \"task_id\": task_id, \"meta\": meta}\n    claim_resp = request_json(\"POST\", f\"{hub}/v1/claim_task\", claim_payload)\n    if not claim_resp.get(\"ok\"):\n        return False, claim_resp.get(\"error\", \"claim_failed\")\n    release_payload = {\"agent_id\": SEED_AGENT_ID, \"task_id\": task_id, \"status\": \"queued\"}\n    release_resp = request_json(\"POST\", f\"{hub}/v1/release_task\", release_payload)\n    if not release_resp.get(\"ok\"):\n        return False, release_resp.get(\"error\", \"release_failed\")\n    return True, \"queued\"\n\n\ndef seed_tasks(hub: str, tasks: Iterable[SeedTask]) -> Dict[str, List[str]]:\n    existing = get_tasks(hub)\n    created: List[str] = []\n    skipped: List[str] = []\n    failed: List[str] = []\n\n    for task in tasks:\n        task_id = task[\"task_id\"]\n        meta = task[\"meta\"]\n        current = existing.get(task_id)\n        if current:\n            status = str(current.get(\"status\", \"\"))\n            if status in {\"done\", \"closed\"}:\n                skipped.append(f\"{task_id}:status={status}\")\n                continue\n            # 已存在的未完成任务，避免抢占，保守跳过。\n            skipped.append(f\"{task_id}:status={status or 'existing'}\")\n            continue\n        ok, detail = claim_then_queue(hub, task_id, meta)\n        if ok:\n            created.append(task_id)\n        else:\n            failed.append(f\"{task_id}:{detail}\")\n\n    return {\"created\": created, \"skipped\": skipped, \"failed\": failed}\n\n\ndef parse_args(argv: List[str]) -> argparse.Namespace:\n    parser = argparse.ArgumentParser(description=\"Seed NetMic MVP tasks into Agent Hub\")\n    parser.add_argument(\"--hub\", required=True, help=\"Hub base URL, e.g. http://127.0.0.1:7788\")\n    return parser.parse_args(argv)\n\n\ndef main(argv: List[str]) -> int:\n    args = parse_args(argv)\n    hub = args.hub.rstrip(\"/\")\n    summary = seed_tasks(hub, SEED_TASKS)\n    print(json.dumps({\"ok\": True, \"hub\": hub, **summary}, ensure_ascii=True))\n    return 0 if not summary[\"failed\"] else 1\n\n\nif __name__ == \"__main__\":\n","exit_code":0,"status":"completed"}}
{"type":"item.completed","item":{"id":"item_28","type":"reasoning","text":"**Planning stub scripts and docs update**\n\nI'm preparing to add a small new script with minimal stub tests and update roadmap documentation to reference it, ensuring consistency without needing complex planning or specialized skills."}}
{"type":"item.completed","item":{"id":"item_29","type":"reasoning","text":"**Planning offline tasks script and bootstrap update**\n\nI'm outlining a small script to read offline tasks from the existing sqlite DB and enhance the bootstrap script to show these tasks when the hub is unreachable, adding helpful offline capability and updating relevant docs while avoiding large rewrites."}}
{"type":"item.started","item":{"id":"item_30","type":"command_execution","command":"/bin/bash -lc \"sed -n '1,240p' scripts/agent_bootstrap.sh\"","aggregated_output":"","exit_code":null,"status":"in_progress"}}
{"type":"item.completed","item":{"id":"item_30","type":"command_execution","command":"/bin/bash -lc \"sed -n '1,240p' scripts/agent_bootstrap.sh\"","aggregated_output":"#!/usr/bin/env bash\n# NetMic 自动驾驶入口与上下文加载器。\n#\n# 设计目标：\n# 1) 用户只需运行本脚本即可启动自动开发流程（前台监督，不隐藏）。\n# 2) 在 Agent 循环内（ROLE/BOOTSTRAP_CONTEXT_ONLY）退化为“上下文摘要器”。\nset -euo pipefail\n\nROOT=\"$(cd \"$(dirname \"${BASH_SOURCE[0]}\")/..\" && pwd)\"\ncd \"$ROOT\"\n\nSTATE_DIR=\"$ROOT/.autopilot\"\nLOG_DIR=\"$STATE_DIR/logs\"\nRUNTIME_HUB_URL_FILE=\"$STATE_DIR/runtime_hub_url.txt\"\nRUNNER_ENV_FILE=\"$STATE_DIR/runner.env\"\nRUNNER_ENV_EXAMPLE=\"$STATE_DIR/runner.env.example\"\nHUB_URL_SHARED_FILE=\"$ROOT/docs/HUB_URL.txt\"\nBOOTSTRAP_LOG=\"$LOG_DIR/bootstrap.log\"\nWORKSPACE_MARKER=\"$STATE_DIR/workspace_bootstrap.done\"\n\nREFRESH_SECONDS=\"${BOOTSTRAP_REFRESH_SECONDS:-15}\"\nCONTEXT_ONLY=\"${BOOTSTRAP_CONTEXT_ONLY:-0}\"\nONCE=0\nSTATUS_ONLY=0\nSTOP_ONLY=0\n\nusage() {\n  cat <<'USAGE'\n用法：scripts/agent_bootstrap.sh [--context] [--once] [--status] [--stop]\n\n说明：\n- 无参数：以前台监督器模式运行（推荐入口）。\n- --context：只输出上下文摘要（供 agent 循环调用）。\n- --once：执行一次自检/启动/状态汇总后退出（便于 CI 或调试）。\n- --status：只看当前状态，不做启动动作。\n- --stop：停止 autopilot 与本机 Hub。\nUSAGE\n}\n\nwhile [[ $# -gt 0 ]]; do\n  case \"$1\" in\n    --context)\n      CONTEXT_ONLY=1\n      shift\n      ;;\n    --once)\n      ONCE=1\n      shift\n      ;;\n    --status)\n      STATUS_ONLY=1\n      shift\n      ;;\n    --stop)\n      STOP_ONLY=1\n      shift\n      ;;\n    -h|--help)\n      usage\n      exit 0\n      ;;\n    *)\n      echo \"未知参数：$1\" >&2\n      usage >&2\n      exit 1\n      ;;\n  esac\ndone\n\nmkdir -p \"$STATE_DIR\" \"$LOG_DIR\"\n\nts_now() {\n  date -Iseconds\n}\n\n# -------- 上下文摘要模式（用于 agent 循环） --------\ncontext_summary() {\n  local hub_url=\"${HUB:-${HUB_URL:-}}\"\n\n  echo \"== NetMic context ==\"\n  echo \"time:   $(ts_now)\"\n  echo \"repo:   $(basename \"$ROOT\")\"\n  echo \"path:   $ROOT\"\n  echo \"branch: $(git rev-parse --abbrev-ref HEAD 2>/dev/null || echo 'n/a')\"\n  echo \"status:\"\n  git status -sb || true\n  echo\n\n  if [[ -n \"$hub_url\" ]] && command -v curl >/dev/null 2>&1; then\n    echo \"-- HUB health --\"\n    curl -s \"$hub_url/v1/health\" || true\n    echo\n    echo \"-- HUB agents (active_within=600) --\"\n    curl -s \"$hub_url/v1/agents?active_within=600&limit=20\" || true\n    echo\n    echo \"-- HUB tasks --\"\n    curl -s \"$hub_url/v1/tasks?limit=20\" || true\n    echo\n  fi\n\n  if [[ -f docs/SESSION_LOG.md ]]; then\n    echo \"-- SESSION_LOG tail --\"\n    tail -n 15 docs/SESSION_LOG.md\n    echo\n  fi\n\n  if [[ -f docs/DECISIONS.md ]]; then\n    echo \"-- DECISIONS tail --\"\n    tail -n 10 docs/DECISIONS.md\n    echo\n  fi\n\n  if [[ -f docs/TODO.md ]]; then\n    echo \"-- TODO head --\"\n    head -n 20 docs/TODO.md\n    echo\n  fi\n\n  if command -v gh >/dev/null 2>&1; then\n    echo \"-- Open issues (gh) --\"\n    gh issue list -L 10 || true\n    echo\n  fi\n\n  echo \"Next: follow MVP.md + docs/ROADMAP.md, pick one small task and validate it.\"\n}\n\n# 在 agent 角色环境中只做上下文摘要，避免递归拉起 autopilot。\nif [[ \"$CONTEXT_ONLY\" == \"1\" || -n \"${ROLE:-}\" ]]; then\n  context_summary\n  exit 0\nfi\n\n# -------- 停止/状态模式 --------\nif [[ \"$STOP_ONLY\" == \"1\" ]]; then\n  scripts/autopilot.sh stop || true\n  echo \"已请求停止 autopilot 与 Hub（若存在）。\"\n  exit 0\nfi\n\nif [[ \"$STATUS_ONLY\" == \"1\" ]]; then\n  # 仅展示状态，不做启动动作。\n  scripts/autopilot.sh status || true\n  exit 0\nfi\n\n# -------- 前台监督器模式 --------\n\n# 默认启用危险模式，避免被 approvals/sandbox 阻塞；允许用户显式覆盖。\nexport AUTOPILOT_DANGEROUS=\"${AUTOPILOT_DANGEROUS:-1}\"\n# 避免覆盖/污染已跟踪的 .autopilot/hub_url.txt。\nexport HUB_URL_FILE=\"$RUNTIME_HUB_URL_FILE\"\n\n# shellcheck disable=SC2034\nACTION_ITEMS=()\n\nadd_action() {\n  local msg=\"$1\"\n  ACTION_ITEMS+=(\"$msg\")\n}\n\nrequire_cmd_soft() {\n  local cmd=\"$1\"\n  local hint=\"$2\"\n  if ! command -v \"$cmd\" >/dev/null 2>&1; then\n    add_action \"缺少命令 '$cmd'：$hint\"\n    return 1\n  fi\n  return 0\n}\n\nextract_host() {\n  local url=\"$1\"\n  local host=\"${url#http://}\"\n  host=\"${host%%/*}\"\n  host=\"${host%%:*}\"\n  printf \"%s\" \"$host\"\n}\n\ndetect_default_ip() {\n  local ip=\"\"\n  if command -v ip >/dev/null 2>&1; then\n    ip=\"$(ip route get 1.1.1.1 2>/dev/null | awk '/src/ {for (i=1;i<=NF;i++) if ($i==\"src\") {print $(i+1); exit}}')\"\n  fi\n  if [[ -z \"$ip\" ]] && [[ \"$(uname -s 2>/dev/null || true)\" == \"Darwin\" ]] && command -v ipconfig >/dev/null 2>&1; then\n    ip=\"$(ipconfig getifaddr en0 2>/dev/null || true)\"\n  fi\n  if [[ -z \"$ip\" ]] && command -v hostname >/dev/null 2>&1; then\n    ip=\"$(hostname -I 2>/dev/null | awk '{print $1}')\"\n  fi\n  if [[ -z \"$ip\" ]]; then\n    ip=\"127.0.0.1\"\n  fi\n  printf \"%s\" \"$ip\"\n}\n\nlocal_ip_list() {\n  local ips=\"\"\n  if command -v hostname >/dev/null 2>&1; then\n    ips=\"$(hostname -I 2>/dev/null || true)\"\n  fi\n  if [[ -z \"$ips\" ]] && [[ \"$(uname -s 2>/dev/null || true)\" == \"Darwin\" ]] && command -v ipconfig >/dev/null 2>&1; then\n    ips=\"$(ipconfig getifaddr en0 2>/dev/null || true)\"\n  fi\n  if [[ -z \"$ips\" ]]; then\n    ips=\"$(detect_default_ip)\"\n  fi\n  printf \"%s\" \"$ips\"\n}\n\nhub_is_local() {\n  local host=\"$1\"\n  case \"$host\" in\n    127.0.0.1|localhost|0.0.0.0)\n      return 0\n      ;;\n  esac\n  local ips\n  ips=\"$(local_ip_list)\"\n  for ip in $ips; do\n    if [[ \"$host\" == \"$ip\" ]]; then\n      return 0\n    fi\n  done\n  return 1\n}\n\nhub_health() {\n  local url=\"$1\"\n  if ! command -v curl >/dev/null 2>&1; then\n    return 1\n  fi\n  curl -fsS \"$url/v1/health\" >/dev/null 2>&1\n}\n\nload_runner_env() {\n  if [[ -f \"$RUNNER_ENV_FILE\" ]]; then\n    # shellcheck disable=SC1090\n    source \"$RUNNER_ENV_FILE\"\n    return 0\n","exit_code":0,"status":"completed"}}
{"type":"item.completed","item":{"id":"item_31","type":"reasoning","text":"**Planning offline fallback patch**\n\nI'm reviewing the script's context summary area to display offline tasks from the local SQLite DB when the hub isn't reachable, aiming for a small patch plus doc updates; next, I'll inspect sections handling hub connectivity and error detection."}}
{"type":"item.started","item":{"id":"item_32","type":"command_execution","command":"/bin/bash -lc 'rg -n \"PermissionError|operation not permitted|agent_hub|sqlite|hub\" scripts/agent_bootstrap.sh'","aggregated_output":"","exit_code":null,"status":"in_progress"}}
{"type":"item.completed","item":{"id":"item_32","type":"command_execution","command":"/bin/bash -lc 'rg -n \"PermissionError|operation not permitted|agent_hub|sqlite|hub\" scripts/agent_bootstrap.sh'","aggregated_output":"14:RUNTIME_HUB_URL_FILE=\"$STATE_DIR/runtime_hub_url.txt\"\n78:  local hub_url=\"${HUB:-${HUB_URL:-}}\"\n89:  if [[ -n \"$hub_url\" ]] && command -v curl >/dev/null 2>&1; then\n91:    curl -s \"$hub_url/v1/health\" || true\n94:    curl -s \"$hub_url/v1/agents?active_within=600&limit=20\" || true\n97:    curl -s \"$hub_url/v1/tasks?limit=20\" || true\n151:# 避免覆盖/污染已跟踪的 .autopilot/hub_url.txt。\n211:hub_is_local() {\n228:hub_health() {\n284:resolve_hub_url() {\n287:  local hub_url=\"${HUB_URL:-}\"\n289:  if [[ -z \"$hub_url\" && -f \"$HUB_URL_SHARED_FILE\" ]]; then\n290:    hub_url=\"$(head -n 1 \"$HUB_URL_SHARED_FILE\" | tr -d '[:space:]')\"\n293:  if [[ -z \"$hub_url\" && -f \"$RUNTIME_HUB_URL_FILE\" ]]; then\n294:    hub_url=\"$(head -n 1 \"$RUNTIME_HUB_URL_FILE\" | tr -d '[:space:]')\"\n298:  if [[ -z \"$hub_url\" ]]; then\n301:    hub_url=\"http://$ip:7788\"\n304:  # 若 hub 不健康且不是本机地址，自动回退到本机。\n306:  host=\"$(extract_host \"$hub_url\")\"\n307:  if ! hub_health \"$hub_url\" && ! hub_is_local \"$host\"; then\n311:    add_action \"Hub 不健康且非本机地址：$hub_url。已回退为本机 Hub：$fallback\"\n312:    hub_url=\"$fallback\"\n315:  printf \"%s\\n\" \"$hub_url\" >\"$RUNTIME_HUB_URL_FILE\"\n316:  export HUB_URL=\"$hub_url\"\n319:start_hub_if_needed() {\n320:  local hub_url=\"$1\"\n321:  if hub_health \"$hub_url\"; then\n326:  host=\"$(extract_host \"$hub_url\")\"\n327:  if ! hub_is_local \"$host\"; then\n328:    add_action \"Hub 不可用且不在本机：$hub_url（请确认远端 Hub 已启动）。\"\n337:  echo \"[$(ts_now)] 启动本机 Agent Hub：$hub_url\" >>\"$BOOTSTRAP_LOG\"\n338:  AGENT_HUB_PORT=\"${hub_url##*:}\" python3 agent-hub/agent_hub.py >>\"$LOG_DIR/hub.log\" 2>&1 &\n339:  echo $! >\"$STATE_DIR/hub.pid\"\n341:  if ! hub_health \"$hub_url\"; then\n343:    local hub_log_tail=\"\"\n344:    hub_log_tail=\"$(tail -n 20 \"$LOG_DIR/hub.log\" 2>/dev/null || true)\"\n345:    if printf \"%s\" \"$hub_log_tail\" | grep -qiE \"permissionerror|operation not permitted|permission denied\"; then\n346:      add_action \"Agent Hub 启动失败：当前环境可能禁止监听端口（PermissionError）。可在本机终端运行，或改用远端 Hub。日志：$LOG_DIR/hub.log\"\n348:      add_action \"Agent Hub 启动失败，请查看 $LOG_DIR/hub.log\"\n415:  local hub_url=\"$1\"\n416:  if ! hub_health \"$hub_url\"; then\n422:  scripts/seed_tasks.py --hub \"$hub_url\" >>\"$BOOTSTRAP_LOG\" 2>&1 || add_action \"任务种子注入失败：请查看 $BOOTSTRAP_LOG\"\n438:  local hub_url=\"$1\"\n445:  echo \"[$(ts_now)] 启动 autopilot（hub=$hub_url）\" >>\"$BOOTSTRAP_LOG\"\n446:  HUB_URL=\"$hub_url\" scripts/autopilot.sh start >>\"$BOOTSTRAP_LOG\" 2>&1 || add_action \"autopilot 启动失败：请查看 $BOOTSTRAP_LOG\"\n449:summarize_hub_status() {\n450:  local hub_url=\"$1\"\n452:    echo \"hub: unknown（缺少 curl）\"\n456:    echo \"hub: unknown（缺少 python3）\"\n459:  if ! hub_health \"$hub_url\"; then\n460:    echo \"hub: unhealthy ($hub_url)\"\n465:  health_json=\"$(curl -fsS \"$hub_url/v1/health\" 2>/dev/null || true)\"\n466:  agents_json=\"$(curl -fsS \"$hub_url/v1/agents?active_within=900&limit=50\" 2>/dev/null || true)\"\n467:  tasks_json=\"$(curl -fsS \"$hub_url/v1/tasks?limit=50\" 2>/dev/null || true)\"\n486:print(f\"hub: ok agents={len(agents)} tasks={len(tasks)}\")\n516:  local hub_url=\"$2\"\n518:  if [[ \"$role\" == \"hub\" ]]; then\n519:    if hub_health \"$hub_url\"; then\n521:        echo \"hub: running pid=$(cat \"$pid_file\")\"\n523:        echo \"hub: healthy（pid 未知，可能由外部启动）\"\n527:    echo \"hub: not running\"\n539:  local hub_url=\"$1\"\n546:  echo \"hub:    $hub_url\"\n564:  summarize_hub_status \"$hub_url\" || true\n568:  role_pid_line hub \"$hub_url\"\n569:  role_pid_line orchestrator \"$hub_url\"\n570:  role_pid_line builder-linux \"$hub_url\"\n571:  role_pid_line scribe \"$hub_url\"\n585:  resolve_hub_url\n592:    resolve_hub_url\n593:    local hub_url=\"$HUB_URL\"\n595:    start_hub_if_needed \"$hub_url\" || true\n608:      seed_tasks_if_possible \"$hub_url\" || true\n612:    start_autopilot_if_needed \"$hub_url\" || true\n614:    show_supervisor_screen \"$hub_url\"\n","exit_code":0,"status":"completed"}}
{"type":"item.completed","item":{"id":"item_36","type":"reasoning","text":"**Planning task format update**\n\nDeciding to add new seed tasks with the updated task ID format for consistency, focusing on M0 virtual mic-related tasks delegated to builder-linux. I'll update seed_tasks, session log, and relevant docs with minimal commits to reflect these protocol and task meta changes."}}
{"type":"item.completed","item":{"id":"item_37","type":"reasoning","text":"**Planning precise seed task additions**\n\nI'm preparing to append three new M0 tasks with detailed acceptance criteria to the seed_tasks script, ensuring no conflicts by adding rather than removing existing tasks. I'll record these orchestrator and task updates in SESSION_LOG using the prescribed DONE/BLOCKER/NEXT/TEST format and avoid committing ignored files."}}
{"type":"item.completed","item":{"id":"item_38","type":"file_change","changes":[{"path":"/home/arc/code/NetMic/scripts/seed_tasks.py","kind":"update"}],"status":"completed"}}
{"type":"item.completed","item":{"id":"item_39","type":"reasoning","text":"**Validating py_compile with shell command**"}}
{"type":"item.started","item":{"id":"item_40","type":"command_execution","command":"/bin/bash -lc 'python3 -m py_compile scripts/seed_tasks.py'","aggregated_output":"","exit_code":null,"status":"in_progress"}}
{"type":"item.completed","item":{"id":"item_40","type":"command_execution","command":"/bin/bash -lc 'python3 -m py_compile scripts/seed_tasks.py'","aggregated_output":"","exit_code":0,"status":"completed"}}
{"type":"item.completed","item":{"id":"item_41","type":"reasoning","text":"**Updating session log**\n\nI'm adding a dated entry to docs/SESSION_LOG summarizing progress with orchestrator bootstrap failure, hub connection issue, new M0 tasks seeded, next steps to run seed_tasks once hub is available, and basic tests planned."}}
{"type":"item.started","item":{"id":"item_42","type":"command_execution","command":"/bin/bash -lc 'date -Is'","aggregated_output":"","exit_code":null,"status":"in_progress"}}
{"type":"item.completed","item":{"id":"item_42","type":"command_execution","command":"/bin/bash -lc 'date -Is'","aggregated_output":"2026-01-27T20:21:10+08:00\n","exit_code":0,"status":"completed"}}
{"type":"item.completed","item":{"id":"item_33","type":"reasoning","text":"**Planning offline fallback summary**\n\nI'm preparing to add a small offline summary fallback in context_summary that reads task info from agent_hub.db via sqlite3 when hub health checks fail, keeping this as a minimal patch without protocol changes."}}
{"type":"item.completed","item":{"id":"item_34","type":"reasoning","text":"**Defining testing and commit strategy**\n\nI'm ensuring the offline fallback won't break existing context summary runs and planning tests via `--context` and relevant scripts, plus structured SESSION_LOG entries. I'll create a small scoped commit with a task ID in the prescribed format and update docs/WORKFLOW or CONTINUOUS_AUTOPILOT to note the offline fallback for hub-unreachable scenarios."}}
{"type":"item.started","item":{"id":"item_35","type":"command_execution","command":"/bin/bash -lc \"sed -n '1,120p' docs/CONTINUOUS_AUTOPILOT.md\"","aggregated_output":"","exit_code":null,"status":"in_progress"}}
{"type":"item.completed","item":{"id":"item_35","type":"command_execution","command":"/bin/bash -lc \"sed -n '1,120p' docs/CONTINUOUS_AUTOPILOT.md\"","aggregated_output":"# NetMic 多 Agent 自动迭代指南\n\n目标：在 mac 与 linux 自托管 Runner 间，借助 Codex 多角色协作 + Agent Hub + tmux，实现持续开发与测试。\n\n## 前置准备\n- 已安装并登录 codex CLI；能 push 到仓库的 Git 凭据。\n- Python 3（运行 Agent Hub）、tmux（用于布局），两台 Runner 互通同一内网。\n- mac Runner 有音频采集权限；linux Runner 有 PipeWire/Pulse 与 pactl 可用。\n- 可选：在仓库 Secrets 配置 `CODEX_TOKEN` 以便在 Runner 侧无提示启动。\n\n## 组件与角色\n- Agent Hub：轻量事件总线，跑在任一 Linux 节点。命令：`python3 agent-hub/agent_hub.py`\n- 角色（均为 Codex 会话）：`orchestrator`（分配/监督），`builder-linux`，`builder-mac`，`scribe`（日志/PR 更新）。\n\n### 角色职责速览\n- orchestrator：读 ROADMAP/SESSION_LOG，分配 Issue/PR，触发跨机 E2E。\n- builder-linux：服务端/虚拟麦相关编码与测试，跑 Linux 端 CI。\n- builder-mac：客户端采集/GUI 编译与测试，跑 mac 端 CI。\n- scribe：更新 SESSION_LOG / DECISIONS / PR 描述与测试结果。\n\n## 首次初始化（一次性）\n```bash\ncd /path/to/NetMic\nscripts/agent_bootstrap.sh --once\n```\n说明：\n- `agent_bootstrap.sh` 会在缺失时自动创建 `docs/SESSION_LOG.md`、`docs/DECISIONS.md`、`docs/TODO.md`。\n- `--once` 适合初始化/自检；日常推荐直接无参运行（前台监督模式）。\n\n## 推荐入口（单命令自动驾驶）\n```bash\ncd /path/to/NetMic\nscripts/agent_bootstrap.sh\n```\n该入口会自动完成以下动作（能做就做，做不到会置顶提示）：\n- 解析/回退 Hub 地址（优先 `docs/HUB_URL.txt`，其次本机探测）。\n- 在 Hub 不健康且为本机地址时自动拉起 `agent-hub/agent_hub.py`。\n- 注入任务种子（`scripts/seed_tasks.py`），保证有活可干。\n- 在 cargo 可用时自动创建 Rust 工作区骨架（`scripts/bootstrap/bootstrap_workspace.sh`）。\n- 启动 `scripts/autopilot.sh start`（后台跑 agent 循环），并在前台持续刷新状态。\n\n重要行为说明：\n- 监督器不会自动退出或 stop；退出用 `Ctrl+C`，停止后台进程用：\n  - `scripts/agent_bootstrap.sh --stop`\n- 如果出现权限/安全/依赖阻塞，监督器会在控制台顶部提示“需要用户处理的事项”，并持续轮询状态。\n\n## 跨机配置（可选，但想全自动建议配置）\n为避免每次手动 export，监督器会自动读取：\n- `.autopilot/runner.env`（本机私有配置）\n\n建议做法：\n```bash\ncp .autopilot/runner.env.example .autopilot/runner.env\n```\n然后按需填写：\n- `HUB_URL=http://<linux-ip>:7788`\n- `BUILDER_MAC_SSH=user@mac-runner-host`\n- `BUILDER_MAC_ROOT=/path/to/NetMic`\n\n## 手动模式（需要更细控制时）\n若你不想使用监督器入口，也可以按传统方式手动启动：\n1) 启 Hub：`python3 agent-hub/agent_hub.py`\n2) 启 autopilot：`scripts/autopilot.sh start|status|stop`\n3) 或使用 tmux 布局：`scripts/launch_agents.sh`\n4) 在各窗口（或各机器）启动 Codex：\n   - Linux: `HUB=$HUB_URL ROLE=orchestrator scripts/start_agent.sh`\n   - Linux: `HUB=$HUB_URL ROLE=builder-linux scripts/start_agent.sh`\n   - Mac   : `HUB=$HUB_URL ROLE=builder-mac scripts/start_agent.sh`\n   - 任意 : `HUB=$HUB_URL ROLE=scribe scripts/start_agent.sh`\n（监督器与手动模式可以混用，但请避免重复拉起过多 agent 循环。）\n\n## 一键自动驾驶（推荐）\n当你不想手动起多个窗口时，直接用单脚本：\n\n```bash\ncd /path/to/NetMic\nscripts/autopilot.sh start\n```\n\n常用命令：\n- 查看整体状态（hub/agents/tasks/pids）：`scripts/autopilot.sh status`\n- 停止本机 autopilot 进程：`scripts/autopilot.sh stop`\n\n可选远程启动 mac builder（需 ssh 免密或可用凭据）：\n\n```bash\nexport BUILDER_MAC_SSH=user@mac-runner-host\nexport BUILDER_MAC_ROOT=/path/to/NetMic   # 若远端路径不同\nscripts/autopilot.sh start\n```\n\n## 会话接续与低上下文技巧\n- 每次工作前运行 `scripts/agent_bootstrap.sh`：输出分支、git 状态、SESSION_LOG/DECISIONS/TODO 摘要、Issue 列表。\n- 退出前在 `docs/SESSION_LOG.md` 写当日摘要：DONE/BLOCKER/NEXT/TEST。\n- 重大取舍记录在 `docs/DECISIONS.md`。\n\n## CI/Runner 协同\n- mac Runner 承担客户端构建与音频采集相关测试；linux Runner 承担服务端、虚拟麦与端到端接收。\n- 跨机 E2E 可用 `scripts/e2e_smoke.py`（后续改造为真实音频链路），由 orchestrator 分配 session_id，两个 builder 按角色上报 node_ready。\n\n## 健康检查与排障\n- Hub 健康：`curl \"$HUB_URL/v1/health\"` 应返回 ok/agents/tasks。\n- Hub agents：`curl \"$HUB_URL/v1/agents?active_within=900&limit=50\"`\n- Hub tasks：`curl \"$HUB_URL/v1/tasks?limit=50\"`\n- 事件流：`curl \"$HUB_URL/v1/events?since=0&limit=5\"` 查看最近事件。\n- agent 前置信息：`scripts/agent_bootstrap.sh`。\n- 若某角色崩溃，直接在对应 tmux 窗口重跑 `HUB=... ROLE=... scripts/start_agent.sh`。\n\n## 故障与重启\n- 若某角色崩溃，直接在对应 tmux 窗口重新执行 `HUB=... ROLE=... scripts/start_agent.sh`。\n- Agent Hub 无鉴权，局域网内部署即可；如需安全性，可在外层做防火墙/ACL。\n\n## 自定义\n- 修改 `scripts/launch_agents.sh` 的 `SESSION`、`HUB_URL` 环境变量适配你的网络。\n- 不想用 tmux 时，可按上述启动命令手动在各机执行。\n- 不想启 Hub 的简化模式：手动在 mac/linux 各开一个 Codex（builder 角色），用 GitHub Actions/SSH 直接触发客户端/服务端，无事件协调；适用于小批量实验。\n","exit_code":0,"status":"completed"}}
{"type":"item.completed","item":{"id":"item_43","type":"reasoning","text":"**Inserting changelog entries after date heading**"}}
{"type":"item.completed","item":{"id":"item_44","type":"file_change","changes":[{"path":"/home/arc/code/NetMic/docs/SESSION_LOG.md","kind":"update"}],"status":"completed"}}
{"type":"item.completed","item":{"id":"item_45","type":"reasoning","text":"**Checking session log line lengths**"}}
{"type":"item.started","item":{"id":"item_46","type":"command_execution","command":"/bin/bash -lc \"sed -n '1,30p' docs/SESSION_LOG.md\"","aggregated_output":"","exit_code":null,"status":"in_progress"}}
{"type":"item.completed","item":{"id":"item_46","type":"command_execution","command":"/bin/bash -lc \"sed -n '1,30p' docs/SESSION_LOG.md\"","aggregated_output":"# SESSION LOG\n\n## 2026-01-27\n- DONE(20:21+08): 以 orchestrator 清单复跑 `scripts/agent_bootstrap.sh --context`；Hub register/agents/tasks 仍 exit=7（本机未监听 7788），改用 `sqlite3 agent_hub.db` 读取任务队列现状。\n- DONE(20:21+08): 刷新 M0 任务种子：在 `scripts/seed_tasks.py` 新增 `M0-virtual-mic-20260127-{1,2,3}`，拆分为结构化自检→虚拟麦克风 create/remove→5 分钟写入 smoke 的小任务链。\n- BLOCKER(20:21+08): 当前环境无法连接 `http://127.0.0.1:7788`，无法通过 Hub 执行 claim/release，仅能离线准备任务与文档。\n- NEXT(20:21+08): 在可监听端口的 Runner 上启动 Hub 后运行 `python3 scripts/seed_tasks.py --hub <hub>` 注入新任务；builder-linux 优先认领 `M0-virtual-mic-20260127-1`。\n- TEST(20:21+08): 运行 `python3 -m py_compile scripts/seed_tasks.py`（通过）；运行 `curl -s http://127.0.0.1:7788/v1/register` / `.../agents` / `.../tasks`（exit=7，连接失败）。\n- DONE: 将 `scripts/agent_bootstrap.sh` 升级为“前台监督器入口”，自动自检/启动 Hub/autopilot/任务种子/骨架初始化；为 autopilot 增加 `--context` 防递归；新增 `scripts/seed_tasks.py`、`scripts/bootstrap/bootstrap_workspace.sh`、Rust workspace 骨架（`Cargo.toml` + `crates/`）、Linux 自检脚本（`scripts/linux/audio_selfcheck.sh`）以及协议草案文档（`docs/PROTO.md`）；修复 autopilot stop 时可能遗留 codex 子进程的问题（setsid + 进程组 kill）。\n- DONE(20:05+08): 当 Hub 启动失败且日志包含 PermissionError/operation not permitted 时，`agent_bootstrap.sh` 会给出“受限环境禁止监听端口”的明确提示，并指向 `/.autopilot/logs/hub.log`。\n- DONE(20:08+08): 修复 `scripts/linux/audio_selfcheck.sh` 的 trap 作用域问题（函数返回后清理访问局部变量导致 `set -u` 报错）；将清理函数提升到脚本级并在 smoke 前重置状态。\n- DONE(20:04+08): 以 scribe 视角执行 `scripts/agent_bootstrap.sh --context`；尝试启动/注册 Hub 以拉取 tasks/events。\n- DONE(20:04+08): 按 scribe 循环尝试 `register` / `tasks` / `events`（`curl -s http://127.0.0.1:7788/...`），当前环境返回 exit=7（无法连接 Hub）。\n- DONE(20:07+08): 复跑 `scripts/agent_bootstrap.sh --once`；Hub health/agents/tasks 仍为空（与端口绑定受限一致）。\n- DONE(20:11+08): 在 Hub 不可达时改用 `sqlite3 agent_hub.db` 查看任务种子；当前任务均为 `queued`（含 `M0-001-linux-audio-selfcheck`、`M1-001-protocol-doc` 等）。\n- BLOCKER: 本机缺少 cargo（Rust 工具链）；未配置 `BUILDER_MAC_SSH`；codex 可能尚未登录（需用户侧一次性处理）。\n- BLOCKER(20:04+08): 当前沙箱环境禁止监听 TCP 端口；`python3 agent-hub/agent_hub.py` 报 `PermissionError: [Errno 1] Operation not permitted`，因此无法读取 Hub 的 tasks/events。\n- BLOCKER(20:04+08): 复现 Hub 启动失败；日志位于 `/tmp/netmic_hub.log`（绑定 `:7788` 被拒绝）。\n- NEXT: 安装 rustup/cargo；在 `.autopilot/runner.env` 填写跨机配置（或在 mac 也运行监督器）；随后直接运行 `scripts/agent_bootstrap.sh` 进入持续开发。\n- NEXT(20:04+08): 在可监听端口的真实机/Runner 上启动 Hub（或用监督器入口自动拉起），再由 scribe 基于 Hub 事件更新日志与 TODO。\n- TEST: 运行 `scripts/agent_bootstrap.sh --context`；运行 `scripts/agent_bootstrap.sh --once` 后执行 `scripts/autopilot.sh stop` 并用 `ss -ltnp '( sport = :7788 )'` 确认 Hub 可停止；运行 `scripts/autopilot.sh start`→`stop` 后用 `ps -ef | awk '/codex exec --full-auto -C \\\\/home\\\\/arc\\\\/code\\\\/NetMic/'` 验证无残留子进程；运行 `scripts/linux/audio_selfcheck_test.sh`（stub pactl 测试通过）。\n- TEST(20:05+08): 运行 `ROLE= PATH=/usr/bin:/bin scripts/agent_bootstrap.sh --once`，确认置顶提示包含“PermissionError/受限环境禁止监听端口”的明确说明。\n- TEST(20:08+08): 运行 `bash scripts/linux/audio_selfcheck_test.sh`，stub pactl 场景通过，确认不再出现 `source_id: 未绑定的变量`。\n- TEST(20:04+08): 再次运行 `scripts/agent_bootstrap.sh --context`；尝试 `nohup python3 agent-hub/agent_hub.py`（受限环境下启动失败，见 `/tmp/netmic_hub.log`）。\n- TEST(20:07+08): 运行 `scripts/agent_bootstrap.sh --once`（在无 Hub/cargo 时仍能输出上下文摘要并保持幂等退出）。\n- DONE(20:07+08): 仓库新增 Linux 音频注入自检脚本 `scripts/linux/audio_selfcheck.sh`，并提供 stub 测试 `scripts/linux/audio_selfcheck_test.sh`，覆盖 pactl 缺失与 smoke 成功路径。\n- BLOCKER(20:09+08): 当前环境未运行 Pulse/PipeWire 服务端，执行 `scripts/linux/audio_selfcheck.sh` 时 `pactl info` 失败；Hub 仍受限于端口绑定权限，无法通过 Hub 领取/回写任务状态。\n- NEXT(20:09+08): 在真实 Linux Runner 上执行 `scripts/linux/audio_selfcheck.sh --smoke` 验证可创建临时虚拟麦克风，然后继续推进 M0 虚拟麦克风注入与测试音写入。\n- TEST(20:09+08): 运行 `bash scripts/linux/audio_selfcheck_test.sh`（通过）；运行 `bash scripts/linux/audio_selfcheck.sh`（返回 NOT_READY，符合受限环境预期）。\n- DONE: 在缺少 cargo 的情况下手动创建 Rust workspace（`Cargo.toml` + `crates/netmic-{proto,server,client}`），并实现 `netmic-proto` 的 UDP datagram 分流骨架与 `netmic-server` 的单客户端占用握手/忙碌响应逻辑；同步新增 `docs/PROTO.md` 作为协议事实来源。\n","exit_code":0,"status":"completed"}}
{"type":"item.completed","item":{"id":"item_36","type":"reasoning","text":"**Planning offline fallback patch**\n\nI'm outlining a small patch to add an offline task summary in the bootstrap script, showing cached tasks from agent_hub.db via sqlite3 and Python JSON parsing when the hub is unreachable. The patch modifies context summary to conditionally show either live hub info or offline data."}}
{"type":"item.completed","item":{"id":"item_37","type":"reasoning","text":"**Refining offline task summary approach**\n\nDecided to keep offline task output simple by querying sqlite3 directly without Python, showing key fields with truncated meta for readability. I’ll add guards for sqlite3 and python3 availability to avoid errors and use apply_patch for a clean single-file update."}}
{"type":"item.completed","item":{"id":"item_47","type":"reasoning","text":"**Checking seed_tasks.py changes**"}}
{"type":"item.started","item":{"id":"item_48","type":"command_execution","command":"/bin/bash -lc 'git diff -- scripts/seed_tasks.py docs/SESSION_LOG.md'","aggregated_output":"","exit_code":null,"status":"in_progress"}}
{"type":"item.completed","item":{"id":"item_48","type":"command_execution","command":"/bin/bash -lc 'git diff -- scripts/seed_tasks.py docs/SESSION_LOG.md'","aggregated_output":"diff --git a/docs/SESSION_LOG.md b/docs/SESSION_LOG.md\nindex a9c8e58..8f4ee7b 100644\n--- a/docs/SESSION_LOG.md\n+++ b/docs/SESSION_LOG.md\n@@ -1,18 +1,24 @@\n # SESSION LOG\n \n ## 2026-01-27\n-- DONE: 将 `scripts/agent_bootstrap.sh` 升级为“前台监督器入口”，自动自检/启动 Hub/autopilot/任务种子/骨架初始化；为 autopilot 增加 `--context` 防递归；新增 `scripts/seed_tasks.py`、`scripts/bootstrap/bootstrap_workspace.sh`、Rust workspace 骨架（`Cargo.toml` + `crates/`）、Linux 自检脚本（`scripts/linux/audio_selfcheck.sh`）以及协议草案文档（`docs/PROTO.md`）。\n+- DONE(20:21+08): 以 orchestrator 清单复跑 `scripts/agent_bootstrap.sh --context`；Hub register/agents/tasks 仍 exit=7（本机未监听 7788），改用 `sqlite3 agent_hub.db` 读取任务队列现状。\n+- DONE(20:21+08): 刷新 M0 任务种子：在 `scripts/seed_tasks.py` 新增 `M0-virtual-mic-20260127-{1,2,3}`，拆分为结构化自检→虚拟麦克风 create/remove→5 分钟写入 smoke 的小任务链。\n+- BLOCKER(20:21+08): 当前环境无法连接 `http://127.0.0.1:7788`，无法通过 Hub 执行 claim/release，仅能离线准备任务与文档。\n+- NEXT(20:21+08): 在可监听端口的 Runner 上启动 Hub 后运行 `python3 scripts/seed_tasks.py --hub <hub>` 注入新任务；builder-linux 优先认领 `M0-virtual-mic-20260127-1`。\n+- TEST(20:21+08): 运行 `python3 -m py_compile scripts/seed_tasks.py`（通过）；运行 `curl -s http://127.0.0.1:7788/v1/register` / `.../agents` / `.../tasks`（exit=7，连接失败）。\n+- DONE: 将 `scripts/agent_bootstrap.sh` 升级为“前台监督器入口”，自动自检/启动 Hub/autopilot/任务种子/骨架初始化；为 autopilot 增加 `--context` 防递归；新增 `scripts/seed_tasks.py`、`scripts/bootstrap/bootstrap_workspace.sh`、Rust workspace 骨架（`Cargo.toml` + `crates/`）、Linux 自检脚本（`scripts/linux/audio_selfcheck.sh`）以及协议草案文档（`docs/PROTO.md`）；修复 autopilot stop 时可能遗留 codex 子进程的问题（setsid + 进程组 kill）。\n - DONE(20:05+08): 当 Hub 启动失败且日志包含 PermissionError/operation not permitted 时，`agent_bootstrap.sh` 会给出“受限环境禁止监听端口”的明确提示，并指向 `/.autopilot/logs/hub.log`。\n - DONE(20:08+08): 修复 `scripts/linux/audio_selfcheck.sh` 的 trap 作用域问题（函数返回后清理访问局部变量导致 `set -u` 报错）；将清理函数提升到脚本级并在 smoke 前重置状态。\n - DONE(20:04+08): 以 scribe 视角执行 `scripts/agent_bootstrap.sh --context`；尝试启动/注册 Hub 以拉取 tasks/events。\n - DONE(20:04+08): 按 scribe 循环尝试 `register` / `tasks` / `events`（`curl -s http://127.0.0.1:7788/...`），当前环境返回 exit=7（无法连接 Hub）。\n - DONE(20:07+08): 复跑 `scripts/agent_bootstrap.sh --once`；Hub health/agents/tasks 仍为空（与端口绑定受限一致）。\n+- DONE(20:11+08): 在 Hub 不可达时改用 `sqlite3 agent_hub.db` 查看任务种子；当前任务均为 `queued`（含 `M0-001-linux-audio-selfcheck`、`M1-001-protocol-doc` 等）。\n - BLOCKER: 本机缺少 cargo（Rust 工具链）；未配置 `BUILDER_MAC_SSH`；codex 可能尚未登录（需用户侧一次性处理）。\n - BLOCKER(20:04+08): 当前沙箱环境禁止监听 TCP 端口；`python3 agent-hub/agent_hub.py` 报 `PermissionError: [Errno 1] Operation not permitted`，因此无法读取 Hub 的 tasks/events。\n - BLOCKER(20:04+08): 复现 Hub 启动失败；日志位于 `/tmp/netmic_hub.log`（绑定 `:7788` 被拒绝）。\n - NEXT: 安装 rustup/cargo；在 `.autopilot/runner.env` 填写跨机配置（或在 mac 也运行监督器）；随后直接运行 `scripts/agent_bootstrap.sh` 进入持续开发。\n - NEXT(20:04+08): 在可监听端口的真实机/Runner 上启动 Hub（或用监督器入口自动拉起），再由 scribe 基于 Hub 事件更新日志与 TODO。\n-- TEST: 运行 `scripts/agent_bootstrap.sh --context`；运行 `scripts/agent_bootstrap.sh --once` 后执行 `scripts/autopilot.sh stop` 并用 `ss -ltnp '( sport = :7788 )'` 确认 Hub 可停止；运行 `scripts/linux/audio_selfcheck_test.sh`（stub pactl 测试通过）。\n+- TEST: 运行 `scripts/agent_bootstrap.sh --context`；运行 `scripts/agent_bootstrap.sh --once` 后执行 `scripts/autopilot.sh stop` 并用 `ss -ltnp '( sport = :7788 )'` 确认 Hub 可停止；运行 `scripts/autopilot.sh start`→`stop` 后用 `ps -ef | awk '/codex exec --full-auto -C \\\\/home\\\\/arc\\\\/code\\\\/NetMic/'` 验证无残留子进程；运行 `scripts/linux/audio_selfcheck_test.sh`（stub pactl 测试通过）。\n - TEST(20:05+08): 运行 `ROLE= PATH=/usr/bin:/bin scripts/agent_bootstrap.sh --once`，确认置顶提示包含“PermissionError/受限环境禁止监听端口”的明确说明。\n - TEST(20:08+08): 运行 `bash scripts/linux/audio_selfcheck_test.sh`，stub pactl 场景通过，确认不再出现 `source_id: 未绑定的变量`。\n - TEST(20:04+08): 再次运行 `scripts/agent_bootstrap.sh --context`；尝试 `nohup python3 agent-hub/agent_hub.py`（受限环境下启动失败，见 `/tmp/netmic_hub.log`）。\n@@ -29,3 +35,11 @@\n - BLOCKER(20:09+08): 当前沙箱禁止绑定/访问 `127.0.0.1:7788`，无法通过 Hub 进行任务队列检查与 claim/release。\n - NEXT(20:09+08): 在可监听端口的 Runner 上重新执行 register + `/v1/agents` + `/v1/tasks`；若队列为空，运行 `scripts/seed_tasks.py --hub <hub>` 注入任务种子，并优先推进 M0 虚拟麦克风自检/写入链路。\n - TEST(20:09+08): 运行 `scripts/agent_bootstrap.sh --context`（成功）；运行 `python3 -m py_compile scripts/seed_tasks.py`（成功）；Rust 侧因缺少 cargo 无法执行 `cargo check`。\n+- DONE(20:18+08): 以 scribe 清单复跑 `scripts/agent_bootstrap.sh --context`，确认当前分支与文档上下文可读。\n+- BLOCKER(20:18+08): 直连 Hub（`curl -s http://127.0.0.1:7788/v1/register|tasks|events`）均返回 exit=7，当前环境仍无法访问 `:7788`。\n+- NEXT(20:18+08): 在可监听端口的 Runner 上复跑 register/tasks/events；若仍不可达，先检查 Hub 进程与端口占用，再考虑 `scripts/seed_tasks.py --hub <hub>` 补种子任务。\n+- TEST(20:18+08): 运行 `scripts/agent_bootstrap.sh --context`（成功）；运行 Hub 相关 curl（失败：exit=7，无法连接 `127.0.0.1:7788`）。\n+- DONE(20:19+08): scribe 复跑 `scripts/agent_bootstrap.sh --context`，并按循环尝试 `register` / `tasks` / `events`（用于确认 Hub 可达性）。\n+- BLOCKER(20:19+08): `curl -s http://127.0.0.1:7788/...` 仍返回 exit=7（无法连接 Hub），本轮无法基于 Hub 任务/事件回写状态。\n+- NEXT(20:19+08): 继续以 MVP/ROADMAP 为准维护文档；待可监听端口的 Runner 启动 Hub 后，优先补跑 `register` + `/v1/tasks` + `/v1/events` 并对齐 TODO。\n+- TEST(20:19+08): 运行 `scripts/agent_bootstrap.sh --context`（成功）；运行 `curl -s $HUB/v1/{register,tasks,events}`（均 exit=7，符合当前沙箱限制）。\n","exit_code":0,"status":"completed"}}
{"type":"item.completed","item":{"id":"item_38","type":"file_change","changes":[{"path":"/home/arc/code/NetMic/scripts/agent_bootstrap.sh","kind":"update"}],"status":"completed"}}
{"type":"item.completed","item":{"id":"item_39","type":"reasoning","text":"**Verifying context summary with test script**"}}
{"type":"item.started","item":{"id":"item_40","type":"command_execution","command":"/bin/bash -lc 'scripts/agent_bootstrap.sh --context'","aggregated_output":"","exit_code":null,"status":"in_progress"}}
{"type":"item.completed","item":{"id":"item_40","type":"command_execution","command":"/bin/bash -lc 'scripts/agent_bootstrap.sh --context'","aggregated_output":"== NetMic context ==\ntime:   2026-01-27T20:21:43+08:00\nrepo:   NetMic\npath:   /home/arc/code/NetMic\nbranch: main\nstatus:\n## main...origin/main [领先 2]\n M docs/CONTINUOUS_AUTOPILOT.md\n M docs/DECISIONS.md\n M docs/ROADMAP.md\nMM docs/SESSION_LOG.md\n M docs/TODO.md\n M docs/WORKFLOW.md\n M scripts/agent_bootstrap.sh\n M scripts/autopilot.sh\n M scripts/prompts/builder_linux.txt\n M scripts/prompts/builder_mac.txt\n M scripts/prompts/orchestrator.txt\n M scripts/prompts/scribe.txt\n?? .autopilot/runner.env.example\n?? .gitignore\n?? Cargo.toml\n?? crates/\n?? docs/PROTO.md\n?? scripts/bootstrap/\n?? scripts/linux/\n?? scripts/seed_tasks.py\n\n-- HUB health --\nunreachable: http://127.0.0.1:7788\n\n-- HUB tasks (offline agent_hub.db) --\nBOOT-001-workspace-skeleton|queued||2026-01-27 11:54:14\nBOOT-002-session-docs-init|queued||2026-01-27 11:54:14\nM0-001-linux-audio-selfcheck|queued||2026-01-27 11:54:14\nM1-001-protocol-doc|queued||2026-01-27 11:54:14\nM1-002-server-udp-receiver|queued||2026-01-27 11:54:14\nM1-003-client-capture-sender|queued||2026-01-27 11:54:14\nM2-001-config-validation|queued||2026-01-27 11:54:14\nM3-001-metrics-and-reconnect|queued||2026-01-27 11:54:14\n\n-- SESSION_LOG tail --\n- BLOCKER: 沙箱禁止监听端口，无法在本机启动 Hub（`agent-hub.py` 报 `PermissionError: Operation not permitted`）；同时本机仍缺少 cargo，无法执行 `cargo check`/单元测试。\n- NEXT: 用户侧安装 rustup/cargo 后运行 `cargo check -p netmic-server` 与 `cargo test -p netmic-proto`；在允许监听端口的环境中重新注册 Hub 并认领任务。\n- TEST: 运行 `scripts/agent_bootstrap.sh --context`；尝试 `cargo --version`（失败：未找到命令）；尝试启动 `agent-hub/agent_hub.py`（失败：权限受限）。\n- DONE(20:09+08): 以 orchestrator 视角执行清单：尝试 register/agents/tasks（均因端口受限失败），转为离线推进；新增协议事实来源 `docs/PROTO.md`，并补齐 `crates/netmic-proto/src/protocol.rs` 与 `crates/netmic-{server,client}/src/main.rs` 最小骨架。\n- BLOCKER(20:09+08): 当前沙箱禁止绑定/访问 `127.0.0.1:7788`，无法通过 Hub 进行任务队列检查与 claim/release。\n- NEXT(20:09+08): 在可监听端口的 Runner 上重新执行 register + `/v1/agents` + `/v1/tasks`；若队列为空，运行 `scripts/seed_tasks.py --hub <hub>` 注入任务种子，并优先推进 M0 虚拟麦克风自检/写入链路。\n- TEST(20:09+08): 运行 `scripts/agent_bootstrap.sh --context`（成功）；运行 `python3 -m py_compile scripts/seed_tasks.py`（成功）；Rust 侧因缺少 cargo 无法执行 `cargo check`。\n- DONE(20:18+08): 以 scribe 清单复跑 `scripts/agent_bootstrap.sh --context`，确认当前分支与文档上下文可读。\n- BLOCKER(20:18+08): 直连 Hub（`curl -s http://127.0.0.1:7788/v1/register|tasks|events`）均返回 exit=7，当前环境仍无法访问 `:7788`。\n- NEXT(20:18+08): 在可监听端口的 Runner 上复跑 register/tasks/events；若仍不可达，先检查 Hub 进程与端口占用，再考虑 `scripts/seed_tasks.py --hub <hub>` 补种子任务。\n- TEST(20:18+08): 运行 `scripts/agent_bootstrap.sh --context`（成功）；运行 Hub 相关 curl（失败：exit=7，无法连接 `127.0.0.1:7788`）。\n- DONE(20:19+08): scribe 复跑 `scripts/agent_bootstrap.sh --context`，并按循环尝试 `register` / `tasks` / `events`（用于确认 Hub 可达性）。\n- BLOCKER(20:19+08): `curl -s http://127.0.0.1:7788/...` 仍返回 exit=7（无法连接 Hub），本轮无法基于 Hub 任务/事件回写状态。\n- NEXT(20:19+08): 继续以 MVP/ROADMAP 为准维护文档；待可监听端口的 Runner 启动 Hub 后，优先补跑 `register` + `/v1/tasks` + `/v1/events` 并对齐 TODO。\n- TEST(20:19+08): 运行 `scripts/agent_bootstrap.sh --context`（成功）；运行 `curl -s $HUB/v1/{register,tasks,events}`（均 exit=7，符合当前沙箱限制）。\n\n-- DECISIONS tail --\n- 影响：自动驾驶流程统一入口，但会在后台启动多个 agent 循环；停止需显式执行 `scripts/agent_bootstrap.sh --stop`（或 `scripts/autopilot.sh stop`）。\n\n- 背景：`netmic-proto` 已引用 `protocol` 模块，但仓库中缺少协议事实来源与最小结构定义，容易造成 client/server 漂移。\n- 决策：新增 `docs/PROTO.md` 作为 MVP 协议事实来源，并在 `netmic-proto` 中补齐 `SessionParams / Handshake / Heartbeat / StatsSnapshot / AudioFrameHeader` 最小结构；握手阶段显式携带 `session_id`，服务端原样回显。\n- 影响：后续协议字段调整必须先更新 `docs/PROTO.md`；builder 可直接围绕这些结构体落地最小 UDP 骨架。\n\n## 2026-01-27（scribe/受限环境策略）\n- 背景：当前 Codex 沙箱无法监听 TCP 端口，`agent-hub` 绑定 `:7788` 会失败，Hub 不可达。\n- 决策：scribe 在受限环境不强依赖 Hub；以 `scripts/agent_bootstrap.sh --context` 与 MVP/ROADMAP 为准更新 `SESSION_LOG`/`TODO`，并显式记录 Hub 阻塞。\n- 影响：日志与优先级可保持可读，但 tasks/events 需在真实 Runner 上补齐与回写。\n\n-- TODO head --\n# TODO（MVP 自动驾驶看板）\n\n当前优先级（与 Hub 任务队列配合）：\n- 用户前置：安装 rustup/cargo，确保 `cargo check` 可运行。\n- 用户前置：配置 `.autopilot/runner.env`（至少补全 `BUILDER_MAC_SSH` 或在 mac 端也运行监督器）。\n- 环境前置：在可监听端口的真实机/Runner 上启动 Hub（受限沙箱可能无法绑定 `:7788`）。\n- 里程碑优先：当 cargo/Hub 可用后，先推进 M0（pactl/pipewire 自检 → virtual source 创建 → sine wave 持续写入 5 分钟 smoke）。\n- 自动驾驶：运行 `scripts/agent_bootstrap.sh`，观察置顶提示并清除阻塞项。\n- 记录(20:19+08)：本机 `http://127.0.0.1:7788` 仍不可达；Hub 恢复后需补跑 `register` + `/v1/tasks` + `/v1/events` 并回写日志。\n\nNext: follow MVP.md + docs/ROADMAP.md, pick one small task and validate it.\ncurl: (7) Failed to connect to 127.0.0.1 port 7788 after 0 ms: Could not connect to server\n","exit_code":0,"status":"completed"}}
{"type":"item.completed","item":{"id":"item_41","type":"reasoning","text":"**Suppressing curl error output**\n\nPlanning to redirect curl's stderr to /dev/null in the health check command to avoid noisy error messages while preserving necessary success/failure logic."}}
{"type":"item.completed","item":{"id":"item_42","type":"file_change","changes":[{"path":"/home/arc/code/NetMic/scripts/agent_bootstrap.sh","kind":"update"}],"status":"completed"}}
{"type":"item.completed","item":{"id":"item_43","type":"reasoning","text":"**Verifying context for curl error**\n\nI'm reviewing the context to confirm whether a curl error is relevant or present before proceeding."}}
{"type":"item.started","item":{"id":"item_44","type":"command_execution","command":"/bin/bash -lc 'scripts/agent_bootstrap.sh --context'","aggregated_output":"","exit_code":null,"status":"in_progress"}}
{"type":"item.completed","item":{"id":"item_44","type":"command_execution","command":"/bin/bash -lc 'scripts/agent_bootstrap.sh --context'","aggregated_output":"== NetMic context ==\ntime:   2026-01-27T20:21:58+08:00\nrepo:   NetMic\npath:   /home/arc/code/NetMic\nbranch: main\nstatus:\n## main...origin/main [领先 3]\n M docs/CONTINUOUS_AUTOPILOT.md\n M docs/DECISIONS.md\n M docs/ROADMAP.md\n M docs/SESSION_LOG.md\n M docs/TODO.md\n M docs/WORKFLOW.md\n M scripts/agent_bootstrap.sh\n M scripts/autopilot.sh\n M scripts/prompts/builder_linux.txt\n M scripts/prompts/builder_mac.txt\n M scripts/prompts/orchestrator.txt\n M scripts/prompts/scribe.txt\n?? .autopilot/runner.env.example\n?? .gitignore\n?? Cargo.toml\n?? crates/\n?? docs/PROTO.md\n?? scripts/bootstrap/\n?? scripts/linux/\n?? scripts/seed_tasks.py\n\n-- HUB health --\nunreachable: http://127.0.0.1:7788\n\n-- HUB tasks (offline agent_hub.db) --\nBOOT-001-workspace-skeleton|queued||2026-01-27 11:54:14\nBOOT-002-session-docs-init|queued||2026-01-27 11:54:14\nM0-001-linux-audio-selfcheck|queued||2026-01-27 11:54:14\nM1-001-protocol-doc|queued||2026-01-27 11:54:14\nM1-002-server-udp-receiver|queued||2026-01-27 11:54:14\nM1-003-client-capture-sender|queued||2026-01-27 11:54:14\nM2-001-config-validation|queued||2026-01-27 11:54:14\nM3-001-metrics-and-reconnect|queued||2026-01-27 11:54:14\n\n-- SESSION_LOG tail --\n- BLOCKER: 沙箱禁止监听端口，无法在本机启动 Hub（`agent-hub.py` 报 `PermissionError: Operation not permitted`）；同时本机仍缺少 cargo，无法执行 `cargo check`/单元测试。\n- NEXT: 用户侧安装 rustup/cargo 后运行 `cargo check -p netmic-server` 与 `cargo test -p netmic-proto`；在允许监听端口的环境中重新注册 Hub 并认领任务。\n- TEST: 运行 `scripts/agent_bootstrap.sh --context`；尝试 `cargo --version`（失败：未找到命令）；尝试启动 `agent-hub/agent_hub.py`（失败：权限受限）。\n- DONE(20:09+08): 以 orchestrator 视角执行清单：尝试 register/agents/tasks（均因端口受限失败），转为离线推进；新增协议事实来源 `docs/PROTO.md`，并补齐 `crates/netmic-proto/src/protocol.rs` 与 `crates/netmic-{server,client}/src/main.rs` 最小骨架。\n- BLOCKER(20:09+08): 当前沙箱禁止绑定/访问 `127.0.0.1:7788`，无法通过 Hub 进行任务队列检查与 claim/release。\n- NEXT(20:09+08): 在可监听端口的 Runner 上重新执行 register + `/v1/agents` + `/v1/tasks`；若队列为空，运行 `scripts/seed_tasks.py --hub <hub>` 注入任务种子，并优先推进 M0 虚拟麦克风自检/写入链路。\n- TEST(20:09+08): 运行 `scripts/agent_bootstrap.sh --context`（成功）；运行 `python3 -m py_compile scripts/seed_tasks.py`（成功）；Rust 侧因缺少 cargo 无法执行 `cargo check`。\n- DONE(20:18+08): 以 scribe 清单复跑 `scripts/agent_bootstrap.sh --context`，确认当前分支与文档上下文可读。\n- BLOCKER(20:18+08): 直连 Hub（`curl -s http://127.0.0.1:7788/v1/register|tasks|events`）均返回 exit=7，当前环境仍无法访问 `:7788`。\n- NEXT(20:18+08): 在可监听端口的 Runner 上复跑 register/tasks/events；若仍不可达，先检查 Hub 进程与端口占用，再考虑 `scripts/seed_tasks.py --hub <hub>` 补种子任务。\n- TEST(20:18+08): 运行 `scripts/agent_bootstrap.sh --context`（成功）；运行 Hub 相关 curl（失败：exit=7，无法连接 `127.0.0.1:7788`）。\n- DONE(20:19+08): scribe 复跑 `scripts/agent_bootstrap.sh --context`，并按循环尝试 `register` / `tasks` / `events`（用于确认 Hub 可达性）。\n- BLOCKER(20:19+08): `curl -s http://127.0.0.1:7788/...` 仍返回 exit=7（无法连接 Hub），本轮无法基于 Hub 任务/事件回写状态。\n- NEXT(20:19+08): 继续以 MVP/ROADMAP 为准维护文档；待可监听端口的 Runner 启动 Hub 后，优先补跑 `register` + `/v1/tasks` + `/v1/events` 并对齐 TODO。\n- TEST(20:19+08): 运行 `scripts/agent_bootstrap.sh --context`（成功）；运行 `curl -s $HUB/v1/{register,tasks,events}`（均 exit=7，符合当前沙箱限制）。\n\n-- DECISIONS tail --\n- 影响：自动驾驶流程统一入口，但会在后台启动多个 agent 循环；停止需显式执行 `scripts/agent_bootstrap.sh --stop`（或 `scripts/autopilot.sh stop`）。\n\n- 背景：`netmic-proto` 已引用 `protocol` 模块，但仓库中缺少协议事实来源与最小结构定义，容易造成 client/server 漂移。\n- 决策：新增 `docs/PROTO.md` 作为 MVP 协议事实来源，并在 `netmic-proto` 中补齐 `SessionParams / Handshake / Heartbeat / StatsSnapshot / AudioFrameHeader` 最小结构；握手阶段显式携带 `session_id`，服务端原样回显。\n- 影响：后续协议字段调整必须先更新 `docs/PROTO.md`；builder 可直接围绕这些结构体落地最小 UDP 骨架。\n\n## 2026-01-27（scribe/受限环境策略）\n- 背景：当前 Codex 沙箱无法监听 TCP 端口，`agent-hub` 绑定 `:7788` 会失败，Hub 不可达。\n- 决策：scribe 在受限环境不强依赖 Hub；以 `scripts/agent_bootstrap.sh --context` 与 MVP/ROADMAP 为准更新 `SESSION_LOG`/`TODO`，并显式记录 Hub 阻塞。\n- 影响：日志与优先级可保持可读，但 tasks/events 需在真实 Runner 上补齐与回写。\n\n-- TODO head --\n# TODO（MVP 自动驾驶看板）\n\n当前优先级（与 Hub 任务队列配合）：\n- 用户前置：安装 rustup/cargo，确保 `cargo check` 可运行。\n- 用户前置：配置 `.autopilot/runner.env`（至少补全 `BUILDER_MAC_SSH` 或在 mac 端也运行监督器）。\n- 环境前置：在可监听端口的真实机/Runner 上启动 Hub（受限沙箱可能无法绑定 `:7788`）。\n- 里程碑优先：当 cargo/Hub 可用后，先推进 M0（pactl/pipewire 自检 → virtual source 创建 → sine wave 持续写入 5 分钟 smoke）。\n- 自动驾驶：运行 `scripts/agent_bootstrap.sh`，观察置顶提示并清除阻塞项。\n- 记录(20:19+08)：本机 `http://127.0.0.1:7788` 仍不可达；Hub 恢复后需补跑 `register` + `/v1/tasks` + `/v1/events` 并回写日志。\n\nNext: follow MVP.md + docs/ROADMAP.md, pick one small task and validate it.\n","exit_code":0,"status":"completed"}}
{"type":"item.completed","item":{"id":"item_49","type":"reasoning","text":"**Evaluating selective commit challenges**\n\nThe session log file contains many unrelated modifications besides the current changes, making selective non-interactive staging difficult; I'll consider alternatives to avoid committing others' changes unintentionally."}}
{"type":"item.completed","item":{"id":"item_50","type":"reasoning","text":"**Planning selective patch staging for session log**\n\nI'm preparing to extract and stage only our new top lines to the session log by crafting a patch against HEAD for non-interactive `git apply --cached`, avoiding committing others' changes while still recording progress per instructions."}}
{"type":"item.started","item":{"id":"item_51","type":"command_execution","command":"/bin/bash -lc \"git show HEAD:docs/SESSION_LOG.md | sed -n '1,40p'\"","aggregated_output":"","exit_code":null,"status":"in_progress"}}
{"type":"item.completed","item":{"id":"item_51","type":"command_execution","command":"/bin/bash -lc \"git show HEAD:docs/SESSION_LOG.md | sed -n '1,40p'\"","aggregated_output":"# SESSION LOG\n\n## 2026-01-27\n- DONE: 将 `scripts/agent_bootstrap.sh` 升级为“前台监督器入口”，自动自检/启动 Hub/autopilot/任务种子/骨架初始化；为 autopilot 增加 `--context` 防递归；新增 `scripts/seed_tasks.py`、`scripts/bootstrap/bootstrap_workspace.sh`、Rust workspace 骨架（`Cargo.toml` + `crates/`）、Linux 自检脚本（`scripts/linux/audio_selfcheck.sh`）以及协议草案文档（`docs/PROTO.md`）。\n- DONE(20:05+08): 当 Hub 启动失败且日志包含 PermissionError/operation not permitted 时，`agent_bootstrap.sh` 会给出“受限环境禁止监听端口”的明确提示，并指向 `/.autopilot/logs/hub.log`。\n- DONE(20:08+08): 修复 `scripts/linux/audio_selfcheck.sh` 的 trap 作用域问题（函数返回后清理访问局部变量导致 `set -u` 报错）；将清理函数提升到脚本级并在 smoke 前重置状态。\n- DONE(20:04+08): 以 scribe 视角执行 `scripts/agent_bootstrap.sh --context`；尝试启动/注册 Hub 以拉取 tasks/events。\n- DONE(20:04+08): 按 scribe 循环尝试 `register` / `tasks` / `events`（`curl -s http://127.0.0.1:7788/...`），当前环境返回 exit=7（无法连接 Hub）。\n- DONE(20:07+08): 复跑 `scripts/agent_bootstrap.sh --once`；Hub health/agents/tasks 仍为空（与端口绑定受限一致）。\n- BLOCKER: 本机缺少 cargo（Rust 工具链）；未配置 `BUILDER_MAC_SSH`；codex 可能尚未登录（需用户侧一次性处理）。\n- BLOCKER(20:04+08): 当前沙箱环境禁止监听 TCP 端口；`python3 agent-hub/agent_hub.py` 报 `PermissionError: [Errno 1] Operation not permitted`，因此无法读取 Hub 的 tasks/events。\n- BLOCKER(20:04+08): 复现 Hub 启动失败；日志位于 `/tmp/netmic_hub.log`（绑定 `:7788` 被拒绝）。\n- NEXT: 安装 rustup/cargo；在 `.autopilot/runner.env` 填写跨机配置（或在 mac 也运行监督器）；随后直接运行 `scripts/agent_bootstrap.sh` 进入持续开发。\n- NEXT(20:04+08): 在可监听端口的真实机/Runner 上启动 Hub（或用监督器入口自动拉起），再由 scribe 基于 Hub 事件更新日志与 TODO。\n- TEST: 运行 `scripts/agent_bootstrap.sh --context`；运行 `scripts/agent_bootstrap.sh --once` 后执行 `scripts/autopilot.sh stop` 并用 `ss -ltnp '( sport = :7788 )'` 确认 Hub 可停止；运行 `scripts/linux/audio_selfcheck_test.sh`（stub pactl 测试通过）。\n- TEST(20:05+08): 运行 `ROLE= PATH=/usr/bin:/bin scripts/agent_bootstrap.sh --once`，确认置顶提示包含“PermissionError/受限环境禁止监听端口”的明确说明。\n- TEST(20:08+08): 运行 `bash scripts/linux/audio_selfcheck_test.sh`，stub pactl 场景通过，确认不再出现 `source_id: 未绑定的变量`。\n- TEST(20:04+08): 再次运行 `scripts/agent_bootstrap.sh --context`；尝试 `nohup python3 agent-hub/agent_hub.py`（受限环境下启动失败，见 `/tmp/netmic_hub.log`）。\n- TEST(20:07+08): 运行 `scripts/agent_bootstrap.sh --once`（在无 Hub/cargo 时仍能输出上下文摘要并保持幂等退出）。\n- DONE(20:07+08): 仓库新增 Linux 音频注入自检脚本 `scripts/linux/audio_selfcheck.sh`，并提供 stub 测试 `scripts/linux/audio_selfcheck_test.sh`，覆盖 pactl 缺失与 smoke 成功路径。\n- BLOCKER(20:09+08): 当前环境未运行 Pulse/PipeWire 服务端，执行 `scripts/linux/audio_selfcheck.sh` 时 `pactl info` 失败；Hub 仍受限于端口绑定权限，无法通过 Hub 领取/回写任务状态。\n- NEXT(20:09+08): 在真实 Linux Runner 上执行 `scripts/linux/audio_selfcheck.sh --smoke` 验证可创建临时虚拟麦克风，然后继续推进 M0 虚拟麦克风注入与测试音写入。\n- TEST(20:09+08): 运行 `bash scripts/linux/audio_selfcheck_test.sh`（通过）；运行 `bash scripts/linux/audio_selfcheck.sh`（返回 NOT_READY，符合受限环境预期）。\n- DONE: 在缺少 cargo 的情况下手动创建 Rust workspace（`Cargo.toml` + `crates/netmic-{proto,server,client}`），并实现 `netmic-proto` 的 UDP datagram 分流骨架与 `netmic-server` 的单客户端占用握手/忙碌响应逻辑；同步新增 `docs/PROTO.md` 作为协议事实来源。\n- BLOCKER: 沙箱禁止监听端口，无法在本机启动 Hub（`agent-hub.py` 报 `PermissionError: Operation not permitted`）；同时本机仍缺少 cargo，无法执行 `cargo check`/单元测试。\n- NEXT: 用户侧安装 rustup/cargo 后运行 `cargo check -p netmic-server` 与 `cargo test -p netmic-proto`；在允许监听端口的环境中重新注册 Hub 并认领任务。\n- TEST: 运行 `scripts/agent_bootstrap.sh --context`；尝试 `cargo --version`（失败：未找到命令）；尝试启动 `agent-hub/agent_hub.py`（失败：权限受限）。\n- DONE(20:09+08): 以 orchestrator 视角执行清单：尝试 register/agents/tasks（均因端口受限失败），转为离线推进；新增协议事实来源 `docs/PROTO.md`，并补齐 `crates/netmic-proto/src/protocol.rs` 与 `crates/netmic-{server,client}/src/main.rs` 最小骨架。\n- BLOCKER(20:09+08): 当前沙箱禁止绑定/访问 `127.0.0.1:7788`，无法通过 Hub 进行任务队列检查与 claim/release。\n- NEXT(20:09+08): 在可监听端口的 Runner 上重新执行 register + `/v1/agents` + `/v1/tasks`；若队列为空，运行 `scripts/seed_tasks.py --hub <hub>` 注入任务种子，并优先推进 M0 虚拟麦克风自检/写入链路。\n- TEST(20:09+08): 运行 `scripts/agent_bootstrap.sh --context`（成功）；运行 `python3 -m py_compile scripts/seed_tasks.py`（成功）；Rust 侧因缺少 cargo 无法执行 `cargo check`。\n- DONE(20:18+08): 以 scribe 清单复跑 `scripts/agent_bootstrap.sh --context`，确认当前分支与文档上下文可读。\n- BLOCKER(20:18+08): 直连 Hub（`curl -s http://127.0.0.1:7788/v1/register|tasks|events`）均返回 exit=7，当前环境仍无法访问 `:7788`。\n- NEXT(20:18+08): 在可监听端口的 Runner 上复跑 register/tasks/events；若仍不可达，先检查 Hub 进程与端口占用，再考虑 `scripts/seed_tasks.py --hub <hub>` 补种子任务。\n- TEST(20:18+08): 运行 `scripts/agent_bootstrap.sh --context`（成功）；运行 Hub 相关 curl（失败：exit=7，无法连接 `127.0.0.1:7788`）。\n","exit_code":0,"status":"completed"}}
{"type":"item.completed","item":{"id":"item_45","type":"reasoning","text":"**Planning doc patch for offline fallback**\n\nI'm preparing a concise bullet addition under the health check section to note that the local agent_hub.db enables offline task summaries when the hub is unreachable, with instructions on usage and hub requirements for claiming tasks."}}
{"type":"item.completed","item":{"id":"item_46","type":"file_change","changes":[{"path":"/home/arc/code/NetMic/docs/CONTINUOUS_AUTOPILOT.md","kind":"update"}],"status":"completed"}}
{"type":"item.completed","item":{"id":"item_52","type":"reasoning","text":"**Planning precise patch staging**\n\nI'm deciding to create a minimal patch against HEAD that only adds our new top lines, then apply it to the index to avoid staging unrelated working tree changes safely."}}
{"type":"item.completed","item":{"id":"item_53","type":"reasoning","text":"**Constructing and applying precise patch**\n\nI'm preparing a patch against HEAD for the session log's top lines with matching context and will stage it to the index using `git apply --cached` non-interactively, while staging script updates normally."}}
{"type":"item.started","item":{"id":"item_54","type":"command_execution","command":"/bin/bash -lc 'git add scripts/seed_tasks.py'","aggregated_output":"","exit_code":null,"status":"in_progress"}}
{"type":"item.completed","item":{"id":"item_54","type":"command_execution","command":"/bin/bash -lc 'git add scripts/seed_tasks.py'","aggregated_output":"","exit_code":0,"status":"completed"}}
{"type":"item.completed","item":{"id":"item_47","type":"reasoning","text":"**Planning validation tests**\n\nI'll run syntax checks on the bootstrap script and the audio selfcheck test script to ensure no regressions, plus optionally compile the seed_tasks.py script for extra validation."}}
{"type":"item.started","item":{"id":"item_48","type":"command_execution","command":"/bin/bash -lc 'bash -n scripts/agent_bootstrap.sh'","aggregated_output":"","exit_code":null,"status":"in_progress"}}
{"type":"item.completed","item":{"id":"item_55","type":"reasoning","text":"**Staging session log lines**"}}
{"type":"item.completed","item":{"id":"item_48","type":"command_execution","command":"/bin/bash -lc 'bash -n scripts/agent_bootstrap.sh'","aggregated_output":"","exit_code":0,"status":"completed"}}
{"type":"item.completed","item":{"id":"item_49","type":"reasoning","text":"**Running audio self-check test**"}}
{"type":"item.started","item":{"id":"item_50","type":"command_execution","command":"/bin/bash -lc 'bash scripts/linux/audio_selfcheck_test.sh'","aggregated_output":"","exit_code":null,"status":"in_progress"}}
{"type":"item.completed","item":{"id":"item_50","type":"command_execution","command":"/bin/bash -lc 'bash scripts/linux/audio_selfcheck_test.sh'","aggregated_output":"[test] pactl 缺失时应判定 NOT_READY\n[test] stub pactl + smoke 应判定 READY\n[ok] audio_selfcheck.sh 最小测试通过\n","exit_code":0,"status":"completed"}}
{"type":"item.completed","item":{"id":"item_51","type":"reasoning","text":"**Checking git status and diff**\n\nI'm running git status and targeted git diff to summarize recent code changes and ensure they're appropriately small for reporting."}}
{"type":"item.started","item":{"id":"item_52","type":"command_execution","command":"/bin/bash -lc 'git status -sb && git diff -- scripts/agent_bootstrap.sh docs/CONTINUOUS_AUTOPILOT.md'","aggregated_output":"","exit_code":null,"status":"in_progress"}}
{"type":"item.completed","item":{"id":"item_52","type":"command_execution","command":"/bin/bash -lc 'git status -sb && git diff -- scripts/agent_bootstrap.sh docs/CONTINUOUS_AUTOPILOT.md'","aggregated_output":"## main...origin/main [领先 4]\n M docs/CONTINUOUS_AUTOPILOT.md\n M docs/DECISIONS.md\n M docs/ROADMAP.md\n M docs/WORKFLOW.md\n M scripts/agent_bootstrap.sh\n M scripts/autopilot.sh\n M scripts/prompts/builder_linux.txt\n M scripts/prompts/builder_mac.txt\n M scripts/prompts/orchestrator.txt\n M scripts/prompts/scribe.txt\n?? .autopilot/runner.env.example\n?? .gitignore\n?? Cargo.toml\n?? crates/\n?? docs/PROTO.md\n?? scripts/bootstrap/\n?? scripts/linux/\ndiff --git a/docs/CONTINUOUS_AUTOPILOT.md b/docs/CONTINUOUS_AUTOPILOT.md\nindex 078ff67..524d3f4 100644\n--- a/docs/CONTINUOUS_AUTOPILOT.md\n+++ b/docs/CONTINUOUS_AUTOPILOT.md\n@@ -21,24 +21,53 @@\n ## 首次初始化（一次性）\n ```bash\n cd /path/to/NetMic\n-touch docs/SESSION_LOG.md docs/DECISIONS.md docs/TODO.md\n-scripts/agent_bootstrap.sh   # 确认 git/日志/issue 概况\n+scripts/agent_bootstrap.sh --once\n ```\n+说明：\n+- `agent_bootstrap.sh` 会在缺失时自动创建 `docs/SESSION_LOG.md`、`docs/DECISIONS.md`、`docs/TODO.md`。\n+- `--once` 适合初始化/自检；日常推荐直接无参运行（前台监督模式）。\n \n-## 快速启动（建议在 Linux 节点执行）\n-1) 启 Hub：`python3 agent-hub/agent_hub.py`（默认 0.0.0.0:7788）。\n-2) 设定内网 Hub 地址（可选）：`export HUB_URL=http://<linux-ip>:7788`  \n-   - 若不设置，`scripts/autopilot.sh` 会自动探测本机默认 IP，并写入 `.autopilot/hub_url.txt`。\n-   - 若存在 `docs/HUB_URL.txt`，autopilot 会优先读取它（适合跨机器共享同一个 Hub 地址）。\n-   - 手动启动角色前，可用：`export HUB_URL=${HUB_URL:-$(cat .autopilot/hub_url.txt 2>/dev/null || echo http://127.0.0.1:7788)}`\n-3) tmux 一键布局：`scripts/launch_agents.sh`  \n-   - 会创建 tmux session `netmic-agents`：hub / orchestrator / builder-linux / builder-mac / scribe 窗口。\n+## 推荐入口（单命令自动驾驶）\n+```bash\n+cd /path/to/NetMic\n+scripts/agent_bootstrap.sh\n+```\n+该入口会自动完成以下动作（能做就做，做不到会置顶提示）：\n+- 解析/回退 Hub 地址（优先 `docs/HUB_URL.txt`，其次本机探测）。\n+- 在 Hub 不健康且为本机地址时自动拉起 `agent-hub/agent_hub.py`。\n+- 注入任务种子（`scripts/seed_tasks.py`），保证有活可干。\n+- 在 cargo 可用时自动创建 Rust 工作区骨架（`scripts/bootstrap/bootstrap_workspace.sh`）。\n+- 启动 `scripts/autopilot.sh start`（后台跑 agent 循环），并在前台持续刷新状态。\n+\n+重要行为说明：\n+- 监督器不会自动退出或 stop；退出用 `Ctrl+C`，停止后台进程用：\n+  - `scripts/agent_bootstrap.sh --stop`\n+- 如果出现权限/安全/依赖阻塞，监督器会在控制台顶部提示“需要用户处理的事项”，并持续轮询状态。\n+\n+## 跨机配置（可选，但想全自动建议配置）\n+为避免每次手动 export，监督器会自动读取：\n+- `.autopilot/runner.env`（本机私有配置）\n+\n+建议做法：\n+```bash\n+cp .autopilot/runner.env.example .autopilot/runner.env\n+```\n+然后按需填写：\n+- `HUB_URL=http://<linux-ip>:7788`\n+- `BUILDER_MAC_SSH=user@mac-runner-host`\n+- `BUILDER_MAC_ROOT=/path/to/NetMic`\n+\n+## 手动模式（需要更细控制时）\n+若你不想使用监督器入口，也可以按传统方式手动启动：\n+1) 启 Hub：`python3 agent-hub/agent_hub.py`\n+2) 启 autopilot：`scripts/autopilot.sh start|status|stop`\n+3) 或使用 tmux 布局：`scripts/launch_agents.sh`\n 4) 在各窗口（或各机器）启动 Codex：\n    - Linux: `HUB=$HUB_URL ROLE=orchestrator scripts/start_agent.sh`\n    - Linux: `HUB=$HUB_URL ROLE=builder-linux scripts/start_agent.sh`\n    - Mac   : `HUB=$HUB_URL ROLE=builder-mac scripts/start_agent.sh`\n    - 任意 : `HUB=$HUB_URL ROLE=scribe scripts/start_agent.sh`\n-   （若 `codex` 已登录同一账号，可直接运行；否则先登录。）\n+（监督器与手动模式可以混用，但请避免重复拉起过多 agent 循环。）\n \n ## 一键自动驾驶（推荐）\n 当你不想手动起多个窗口时，直接用单脚本：\n@@ -75,6 +104,7 @@ scripts/autopilot.sh start\n - Hub tasks：`curl \"$HUB_URL/v1/tasks?limit=50\"`\n - 事件流：`curl \"$HUB_URL/v1/events?since=0&limit=5\"` 查看最近事件。\n - agent 前置信息：`scripts/agent_bootstrap.sh`。\n+- 若当前环境无法访问/监听 `:7788`，`scripts/agent_bootstrap.sh --context` 会退化为读取本地 `agent_hub.db` 展示任务摘要（只读视图，仍需在真实 Hub 上 claim/release）。\n - 若某角色崩溃，直接在对应 tmux 窗口重跑 `HUB=... ROLE=... scripts/start_agent.sh`。\n \n ## 故障与重启\ndiff --git a/scripts/agent_bootstrap.sh b/scripts/agent_bootstrap.sh\nindex cf8df0a..ec7e32d 100755\n--- a/scripts/agent_bootstrap.sh\n+++ b/scripts/agent_bootstrap.sh\n@@ -1,52 +1,651 @@\n #!/usr/bin/env bash\n-# Quick context loader for Codex agents.\n+# NetMic 自动驾驶入口与上下文加载器。\n+#\n+# 设计目标：\n+# 1) 用户只需运行本脚本即可启动自动开发流程（前台监督，不隐藏）。\n+# 2) 在 Agent 循环内（ROLE/BOOTSTRAP_CONTEXT_ONLY）退化为“上下文摘要器”。\n set -euo pipefail\n \n ROOT=\"$(cd \"$(dirname \"${BASH_SOURCE[0]}\")/..\" && pwd)\"\n cd \"$ROOT\"\n \n-echo \"== NetMic bootstrap ==\"\n-echo \"repo:  $(basename \"$ROOT\")\"\n-echo \"path:  $ROOT\"\n-echo \"branch: $(git rev-parse --abbrev-ref HEAD 2>/dev/null || echo 'n/a')\"\n-echo \"status:\"\n-git status -sb || true\n-echo\n-\n-if [[ -n \"${HUB:-}\" ]] && command -v curl >/dev/null 2>&1; then\n-  echo \"-- HUB health --\"\n-  curl -s \"$HUB/v1/health\" || true\n-  echo\n-  echo \"-- HUB agents (active_within=600) --\"\n-  curl -s \"$HUB/v1/agents?active_within=600&limit=20\" || true\n+STATE_DIR=\"$ROOT/.autopilot\"\n+LOG_DIR=\"$STATE_DIR/logs\"\n+RUNTIME_HUB_URL_FILE=\"$STATE_DIR/runtime_hub_url.txt\"\n+RUNNER_ENV_FILE=\"$STATE_DIR/runner.env\"\n+RUNNER_ENV_EXAMPLE=\"$STATE_DIR/runner.env.example\"\n+HUB_URL_SHARED_FILE=\"$ROOT/docs/HUB_URL.txt\"\n+BOOTSTRAP_LOG=\"$LOG_DIR/bootstrap.log\"\n+WORKSPACE_MARKER=\"$STATE_DIR/workspace_bootstrap.done\"\n+\n+REFRESH_SECONDS=\"${BOOTSTRAP_REFRESH_SECONDS:-15}\"\n+CONTEXT_ONLY=\"${BOOTSTRAP_CONTEXT_ONLY:-0}\"\n+ONCE=0\n+STATUS_ONLY=0\n+STOP_ONLY=0\n+\n+usage() {\n+  cat <<'USAGE'\n+用法：scripts/agent_bootstrap.sh [--context] [--once] [--status] [--stop]\n+\n+说明：\n+- 无参数：以前台监督器模式运行（推荐入口）。\n+- --context：只输出上下文摘要（供 agent 循环调用）。\n+- --once：执行一次自检/启动/状态汇总后退出（便于 CI 或调试）。\n+- --status：只看当前状态，不做启动动作。\n+- --stop：停止 autopilot 与本机 Hub。\n+USAGE\n+}\n+\n+while [[ $# -gt 0 ]]; do\n+  case \"$1\" in\n+    --context)\n+      CONTEXT_ONLY=1\n+      shift\n+      ;;\n+    --once)\n+      ONCE=1\n+      shift\n+      ;;\n+    --status)\n+      STATUS_ONLY=1\n+      shift\n+      ;;\n+    --stop)\n+      STOP_ONLY=1\n+      shift\n+      ;;\n+    -h|--help)\n+      usage\n+      exit 0\n+      ;;\n+    *)\n+      echo \"未知参数：$1\" >&2\n+      usage >&2\n+      exit 1\n+      ;;\n+  esac\n+done\n+\n+mkdir -p \"$STATE_DIR\" \"$LOG_DIR\"\n+\n+ts_now() {\n+  date -Iseconds\n+}\n+\n+offline_tasks_summary() {\n+  if ! command -v sqlite3 >/dev/null 2>&1; then\n+    return 0\n+  fi\n+  if [[ ! -f \"$ROOT/agent_hub.db\" ]]; then\n+    return 0\n+  fi\n+\n+  echo \"-- HUB tasks (offline agent_hub.db) --\"\n+  # 受限环境可能无法访问 Hub；此处退化为读取本地 agent_hub.db。\n+  sqlite3 \"$ROOT/agent_hub.db\" \\\n+    \"select task_id,status,coalesce(claimed_by,''),datetime(updated_at,'unixepoch') from tasks order by updated_at desc limit 10;\" \\\n+    || true\n   echo\n-  echo \"-- HUB tasks --\"\n-  curl -s \"$HUB/v1/tasks?limit=20\" || true\n+}\n+\n+# -------- 上下文摘要模式（用于 agent 循环） --------\n+context_summary() {\n+  local hub_url=\"${HUB:-${HUB_URL:-}}\"\n+  local hub_reachable=0\n+\n+  echo \"== NetMic context ==\"\n+  echo \"time:   $(ts_now)\"\n+  echo \"repo:   $(basename \"$ROOT\")\"\n+  echo \"path:   $ROOT\"\n+  echo \"branch: $(git rev-parse --abbrev-ref HEAD 2>/dev/null || echo 'n/a')\"\n+  echo \"status:\"\n+  git status -sb || true\n   echo\n+\n+  if [[ -n \"$hub_url\" ]] && command -v curl >/dev/null 2>&1; then\n+    echo \"-- HUB health --\"\n+    if curl -fsS \"$hub_url/v1/health\" 2>/dev/null; then\n+      hub_reachable=1\n+    else\n+      echo \"unreachable: $hub_url\"\n+    fi\n+    echo\n+    if [[ \"$hub_reachable\" -eq 1 ]]; then\n+      echo \"-- HUB agents (active_within=600) --\"\n+      curl -s \"$hub_url/v1/agents?active_within=600&limit=20\" || true\n+      echo\n+      echo \"-- HUB tasks --\"\n+      curl -s \"$hub_url/v1/tasks?limit=20\" || true\n+      echo\n+    fi\n+  fi\n+\n+  if [[ \"$hub_reachable\" -eq 0 ]]; then\n+    offline_tasks_summary\n+  fi\n+\n+  if [[ -f docs/SESSION_LOG.md ]]; then\n+    echo \"-- SESSION_LOG tail --\"\n+    tail -n 15 docs/SESSION_LOG.md\n+    echo\n+  fi\n+\n+  if [[ -f docs/DECISIONS.md ]]; then\n+    echo \"-- DECISIONS tail --\"\n+    tail -n 10 docs/DECISIONS.md\n+    echo\n+  fi\n+\n+  if [[ -f docs/TODO.md ]]; then\n+    echo \"-- TODO head --\"\n+    head -n 20 docs/TODO.md\n+    echo\n+  fi\n+\n+  if command -v gh >/dev/null 2>&1; then\n+    echo \"-- Open issues (gh) --\"\n+    gh issue list -L 10 || true\n+    echo\n+  fi\n+\n+  echo \"Next: follow MVP.md + docs/ROADMAP.md, pick one small task and validate it.\"\n+}\n+\n+# 在 agent 角色环境中只做上下文摘要，避免递归拉起 autopilot。\n+if [[ \"$CONTEXT_ONLY\" == \"1\" || -n \"${ROLE:-}\" ]]; then\n+  context_summary\n+  exit 0\n fi\n \n-if [[ -f docs/SESSION_LOG.md ]]; then\n-  echo \"-- SESSION_LOG tail --\"\n-  tail -n 15 docs/SESSION_LOG.md\n-  echo\n+# -------- 停止/状态模式 --------\n+if [[ \"$STOP_ONLY\" == \"1\" ]]; then\n+  scripts/autopilot.sh stop || true\n+  echo \"已请求停止 autopilot 与 Hub（若存在）。\"\n+  exit 0\n fi\n \n-if [[ -f docs/DECISIONS.md ]]; then\n-  echo \"-- DECISIONS tail --\"\n-  tail -n 10 docs/DECISIONS.md\n-  echo\n+if [[ \"$STATUS_ONLY\" == \"1\" ]]; then\n+  # 仅展示状态，不做启动动作。\n+  scripts/autopilot.sh status || true\n+  exit 0\n fi\n \n-if [[ -f docs/TODO.md ]]; then\n-  echo \"-- TODO head --\"\n-  head -n 20 docs/TODO.md\n+# -------- 前台监督器模式 --------\n+\n+# 默认启用危险模式，避免被 approvals/sandbox 阻塞；允许用户显式覆盖。\n+export AUTOPILOT_DANGEROUS=\"${AUTOPILOT_DANGEROUS:-1}\"\n+# 避免覆盖/污染已跟踪的 .autopilot/hub_url.txt。\n+export HUB_URL_FILE=\"$RUNTIME_HUB_URL_FILE\"\n+\n+# shellcheck disable=SC2034\n+ACTION_ITEMS=()\n+\n+add_action() {\n+  local msg=\"$1\"\n+  ACTION_ITEMS+=(\"$msg\")\n+}\n+\n+require_cmd_soft() {\n+  local cmd=\"$1\"\n+  local hint=\"$2\"\n+  if ! command -v \"$cmd\" >/dev/null 2>&1; then\n+    add_action \"缺少命令 '$cmd'：$hint\"\n+    return 1\n+  fi\n+  return 0\n+}\n+\n+extract_host() {\n+  local url=\"$1\"\n+  local host=\"${url#http://}\"\n+  host=\"${host%%/*}\"\n+  host=\"${host%%:*}\"\n+  printf \"%s\" \"$host\"\n+}\n+\n+detect_default_ip() {\n+  local ip=\"\"\n+  if command -v ip >/dev/null 2>&1; then\n+    ip=\"$(ip route get 1.1.1.1 2>/dev/null | awk '/src/ {for (i=1;i<=NF;i++) if ($i==\"src\") {print $(i+1); exit}}')\"\n+  fi\n+  if [[ -z \"$ip\" ]] && [[ \"$(uname -s 2>/dev/null || true)\" == \"Darwin\" ]] && command -v ipconfig >/dev/null 2>&1; then\n+    ip=\"$(ipconfig getifaddr en0 2>/dev/null || true)\"\n+  fi\n+  if [[ -z \"$ip\" ]] && command -v hostname >/dev/null 2>&1; then\n+    ip=\"$(hostname -I 2>/dev/null | awk '{print $1}')\"\n+  fi\n+  if [[ -z \"$ip\" ]]; then\n+    ip=\"127.0.0.1\"\n+  fi\n+  printf \"%s\" \"$ip\"\n+}\n+\n+local_ip_list() {\n+  local ips=\"\"\n+  if command -v hostname >/dev/null 2>&1; then\n+    ips=\"$(hostname -I 2>/dev/null || true)\"\n+  fi\n+  if [[ -z \"$ips\" ]] && [[ \"$(uname -s 2>/dev/null || true)\" == \"Darwin\" ]] && command -v ipconfig >/dev/null 2>&1; then\n+    ips=\"$(ipconfig getifaddr en0 2>/dev/null || true)\"\n+  fi\n+  if [[ -z \"$ips\" ]]; then\n+    ips=\"$(detect_default_ip)\"\n+  fi\n+  printf \"%s\" \"$ips\"\n+}\n+\n+hub_is_local() {\n+  local host=\"$1\"\n+  case \"$host\" in\n+    127.0.0.1|localhost|0.0.0.0)\n+      return 0\n+      ;;\n+  esac\n+  local ips\n+  ips=\"$(local_ip_list)\"\n+  for ip in $ips; do\n+    if [[ \"$host\" == \"$ip\" ]]; then\n+      return 0\n+    fi\n+  done\n+  return 1\n+}\n+\n+hub_health() {\n+  local url=\"$1\"\n+  if ! command -v curl >/dev/null 2>&1; then\n+    return 1\n+  fi\n+  curl -fsS \"$url/v1/health\" >/dev/null 2>&1\n+}\n+\n+load_runner_env() {\n+  if [[ -f \"$RUNNER_ENV_FILE\" ]]; then\n+    # shellcheck disable=SC1090\n+    source \"$RUNNER_ENV_FILE\"\n+    return 0\n+  fi\n+  if [[ -f \"$RUNNER_ENV_EXAMPLE\" ]]; then\n+    add_action \"可选：复制 $RUNNER_ENV_EXAMPLE 为 $RUNNER_ENV_FILE，并填写跨机配置（如 BUILDER_MAC_SSH）。\"\n+  fi\n+  return 0\n+}\n+\n+ensure_docs() {\n+  local today\n+  today=\"$(date +%F)\"\n+\n+  if [[ ! -s docs/SESSION_LOG.md ]]; then\n+    cat <<DOC > docs/SESSION_LOG.md\n+# SESSION LOG\n+\n+## $today\n+- DONE:\n+- BLOCKER:\n+- NEXT:\n+- TEST:\n+DOC\n+  fi\n+\n+  if [[ ! -s docs/DECISIONS.md ]]; then\n+    cat <<DOC > docs/DECISIONS.md\n+# DECISIONS\n+\n+## $today\n+- 背景：\n+- 决策：\n+- 影响：\n+DOC\n+  fi\n+\n+  if [[ ! -s docs/TODO.md ]]; then\n+    cat <<DOC > docs/TODO.md\n+# TODO（MVP 自动驾驶看板）\n+\n+建议将任务拆成小块，并与 Hub 任务状态保持一致。\n+DOC\n+  fi\n+}\n+\n+resolve_hub_url() {\n+  load_runner_env\n+\n+  local hub_url=\"${HUB_URL:-}\"\n+\n+  if [[ -z \"$hub_url\" && -f \"$HUB_URL_SHARED_FILE\" ]]; then\n+    hub_url=\"$(head -n 1 \"$HUB_URL_SHARED_FILE\" | tr -d '[:space:]')\"\n+  fi\n+\n+  if [[ -z \"$hub_url\" && -f \"$RUNTIME_HUB_URL_FILE\" ]]; then\n+    hub_url=\"$(head -n 1 \"$RUNTIME_HUB_URL_FILE\" | tr -d '[:space:]')\"\n+  fi\n+\n+  # 最后兜底：自动探测本机地址。\n+  if [[ -z \"$hub_url\" ]]; then\n+    local ip\n+    ip=\"$(detect_default_ip)\"\n+    hub_url=\"http://$ip:7788\"\n+  fi\n+\n+  # 若 hub 不健康且不是本机地址，自动回退到本机。\n+  local host\n+  host=\"$(extract_host \"$hub_url\")\"\n+  if ! hub_health \"$hub_url\" && ! hub_is_local \"$host\"; then\n+    local ip\n+    ip=\"$(detect_default_ip)\"\n+    local fallback=\"http://$ip:7788\"\n+    add_action \"Hub 不健康且非本机地址：$hub_url。已回退为本机 Hub：$fallback\"\n+    hub_url=\"$fallback\"\n+  fi\n+\n+  printf \"%s\\n\" \"$hub_url\" >\"$RUNTIME_HUB_URL_FILE\"\n+  export HUB_URL=\"$hub_url\"\n+}\n+\n+start_hub_if_needed() {\n+  local hub_url=\"$1\"\n+  if hub_health \"$hub_url\"; then\n+    return 0\n+  fi\n+\n+  local host\n+  host=\"$(extract_host \"$hub_url\")\"\n+  if ! hub_is_local \"$host\"; then\n+    add_action \"Hub 不可用且不在本机：$hub_url（请确认远端 Hub 已启动）。\"\n+    return 1\n+  fi\n+\n+  if ! command -v python3 >/dev/null 2>&1; then\n+    add_action \"无法启动 Hub：缺少 python3。\"\n+    return 1\n+  fi\n+\n+  echo \"[$(ts_now)] 启动本机 Agent Hub：$hub_url\" >>\"$BOOTSTRAP_LOG\"\n+  AGENT_HUB_PORT=\"${hub_url##*:}\" python3 agent-hub/agent_hub.py >>\"$LOG_DIR/hub.log\" 2>&1 &\n+  echo $! >\"$STATE_DIR/hub.pid\"\n+  sleep 1\n+  if ! hub_health \"$hub_url\"; then\n+    # 在受限环境（如沙箱/容器）中，监听端口可能直接被拒绝。\n+    local hub_log_tail=\"\"\n+    hub_log_tail=\"$(tail -n 20 \"$LOG_DIR/hub.log\" 2>/dev/null || true)\"\n+    if printf \"%s\" \"$hub_log_tail\" | grep -qiE \"permissionerror|operation not permitted|permission denied\"; then\n+      add_action \"Agent Hub 启动失败：当前环境可能禁止监听端口（PermissionError）。可在本机终端运行，或改用远端 Hub。日志：$LOG_DIR/hub.log\"\n+    else\n+      add_action \"Agent Hub 启动失败，请查看 $LOG_DIR/hub.log\"\n+    fi\n+    return 1\n+  fi\n+  return 0\n+}\n+\n+codex_auth_ok() {\n+  if ! command -v codex >/dev/null 2>&1; then\n+    return 1\n+  fi\n+  # codex CLI 不一定提供稳定的状态命令；失败时仅给出提示，不阻塞。\n+  if command -v timeout >/dev/null 2>&1; then\n+    timeout 5 codex auth status >/dev/null 2>&1 && return 0\n+  else\n+    codex auth status >/dev/null 2>&1 && return 0\n+  fi\n+  return 1\n+}\n+\n+preflight_checks() {\n+  ACTION_ITEMS=()\n+\n+  require_cmd_soft git \"请安装 git 并确保当前仓库可读写。\" || true\n+  require_cmd_soft curl \"用于 Hub 健康检查与状态轮询。\" || true\n+  require_cmd_soft python3 \"用于 Agent Hub 与种子脚本。\" || true\n+  require_cmd_soft codex \"用于自动开发与提交（codex CLI）。\" || true\n+\n+  if ! command -v cargo >/dev/null 2>&1; then\n+    add_action \"缺少 cargo：建议安装 rustup（https://rustup.rs），否则无法构建 Rust MVP。\"\n+  fi\n+\n+  if [[ \"$(uname -s 2>/dev/null || true)\" == \"Linux\" ]]; then\n+    if ! command -v pactl >/dev/null 2>&1; then\n+      add_action \"Linux 缺少 pactl：MVP 需要 PipeWire/Pulse 兼容层（pipewire-pulse 或 pulseaudio）。\"\n+    fi\n+  fi\n+\n+  if [[ \"$(uname -s 2>/dev/null || true)\" != \"Darwin\" && -z \"${BUILDER_MAC_SSH:-}\" ]]; then\n+    add_action \"未配置 BUILDER_MAC_SSH：若需要自动驱动 mac builder，请在 $RUNNER_ENV_FILE 中配置 SSH 信息，或在 mac 机器也运行本脚本。\"\n+  fi\n+\n+  if command -v codex >/dev/null 2>&1 && ! codex_auth_ok; then\n+    add_action \"codex 可能尚未登录：请在本机先运行 'codex auth login'（或等效登录命令）。\"\n+  fi\n+}\n+\n+ensure_workspace_bootstrap() {\n+  if [[ -f \"$WORKSPACE_MARKER\" ]]; then\n+    return 0\n+  fi\n+  if ! command -v cargo >/dev/null 2>&1; then\n+    return 1\n+  fi\n+  if ! scripts/bootstrap/bootstrap_workspace.sh >>\"$BOOTSTRAP_LOG\" 2>&1; then\n+    add_action \"Rust 工作区骨架初始化失败：请查看 $BOOTSTRAP_LOG\"\n+    return 1\n+  fi\n+  if ! cargo check >>\"$BOOTSTRAP_LOG\" 2>&1; then\n+    add_action \"cargo check 失败：请查看 $BOOTSTRAP_LOG（可能需要补依赖或修复编译错误）。\"\n+    return 1\n+  fi\n+  echo \"$(ts_now)\" >\"$WORKSPACE_MARKER\"\n+  return 0\n+}\n+\n+seed_tasks_if_possible() {\n+  local hub_url=\"$1\"\n+  if ! hub_health \"$hub_url\"; then\n+    return 1\n+  fi\n+  if ! command -v python3 >/dev/null 2>&1; then\n+    return 1\n+  fi\n+  scripts/seed_tasks.py --hub \"$hub_url\" >>\"$BOOTSTRAP_LOG\" 2>&1 || add_action \"任务种子注入失败：请查看 $BOOTSTRAP_LOG\"\n+}\n+\n+autopilot_running() {\n+  local roles=(orchestrator builder-linux scribe)\n+  local running=0\n+  for role in \"${roles[@]}\"; do\n+    local pid_file=\"$STATE_DIR/$role.pid\"\n+    if [[ -f \"$pid_file\" ]] && ps -p \"$(cat \"$pid_file\")\" >/dev/null 2>&1; then\n+      running=$((running + 1))\n+    fi\n+  done\n+  [[ \"$running\" -ge 2 ]]\n+}\n+\n+start_autopilot_if_needed() {\n+  local hub_url=\"$1\"\n+  if autopilot_running; then\n+    return 0\n+  fi\n+  if ! command -v codex >/dev/null 2>&1; then\n+    return 1\n+  fi\n+  echo \"[$(ts_now)] 启动 autopilot（hub=$hub_url）\" >>\"$BOOTSTRAP_LOG\"\n+  HUB_URL=\"$hub_url\" scripts/autopilot.sh start >>\"$BOOTSTRAP_LOG\" 2>&1 || add_action \"autopilot 启动失败：请查看 $BOOTSTRAP_LOG\"\n+}\n+\n+summarize_hub_status() {\n+  local hub_url=\"$1\"\n+  if ! command -v curl >/dev/null 2>&1; then\n+    echo \"hub: unknown（缺少 curl）\"\n+    return 0\n+  fi\n+  if ! command -v python3 >/dev/null 2>&1; then\n+    echo \"hub: unknown（缺少 python3）\"\n+    return 0\n+  fi\n+  if ! hub_health \"$hub_url\"; then\n+    echo \"hub: unhealthy ($hub_url)\"\n+    return 0\n+  fi\n+\n+  local health_json agents_json tasks_json\n+  health_json=\"$(curl -fsS \"$hub_url/v1/health\" 2>/dev/null || true)\"\n+  agents_json=\"$(curl -fsS \"$hub_url/v1/agents?active_within=900&limit=50\" 2>/dev/null || true)\"\n+  tasks_json=\"$(curl -fsS \"$hub_url/v1/tasks?limit=50\" 2>/dev/null || true)\"\n+\n+  HEALTH_JSON=\"$health_json\" AGENTS_JSON=\"$agents_json\" TASKS_JSON=\"$tasks_json\" python3 - <<'PY'\n+import collections\n+import json\n+import os\n+\n+def load(raw_text):\n+    if not raw_text:\n+        return {}\n+    try:\n+        return json.loads(raw_text)\n+    except Exception:\n+        return {}\n+\n+health = load(os.environ.get(\"HEALTH_JSON\", \"\"))\n+agents = load(os.environ.get(\"AGENTS_JSON\", \"\")).get(\"agents\", [])\n+tasks = load(os.environ.get(\"TASKS_JSON\", \"\")).get(\"tasks\", [])\n+\n+print(f\"hub: ok agents={len(agents)} tasks={len(tasks)}\")\n+\n+if agents:\n+    roles = collections.Counter(a.get(\"role\") or \"unknown\" for a in agents)\n+    role_parts = \", \".join(f\"{k}:{v}\" for k, v in sorted(roles.items()))\n+    print(f\"agents: {role_parts}\")\n+else:\n+    print(\"agents: (none active in last 900s)\")\n+\n+if tasks:\n+    status_counts = collections.Counter(t.get(\"status\") or \"unknown\" for t in tasks)\n+    status_parts = \", \".join(f\"{k}:{v}\" for k, v in sorted(status_counts.items()))\n+    print(f\"tasks: {status_parts}\")\n+    top = tasks[:5]\n+    for task in top:\n+        tid = task.get(\"task_id\", \"?\")\n+        status = task.get(\"status\", \"?\")\n+        claimed_by = task.get(\"claimed_by\")\n+        summary = (task.get(\"summary\") or \"\").strip()\n+        summary = summary[:60] + (\"…\" if len(summary) > 60 else \"\")\n+        claimed_part = f\" claimed_by={claimed_by}\" if claimed_by else \"\"\n+        summary_part = f\" summary={summary}\" if summary else \"\"\n+        print(f\"  - {tid} [{status}]{claimed_part}{summary_part}\")\n+else:\n+    print(\"tasks: (none)\")\n+PY\n+}\n+\n+role_pid_line() {\n+  local role=\"$1\"\n+  local hub_url=\"$2\"\n+  local pid_file=\"$STATE_DIR/$role.pid\"\n+  if [[ \"$role\" == \"hub\" ]]; then\n+    if hub_health \"$hub_url\"; then\n+      if [[ -f \"$pid_file\" ]] && ps -p \"$(cat \"$pid_file\")\" >/dev/null 2>&1; then\n+        echo \"hub: running pid=$(cat \"$pid_file\")\"\n+      else\n+        echo \"hub: healthy（pid 未知，可能由外部启动）\"\n+      fi\n+      return 0\n+    fi\n+    echo \"hub: not running\"\n+    return 0\n+  fi\n+\n+  if [[ -f \"$pid_file\" ]] && ps -p \"$(cat \"$pid_file\")\" >/dev/null 2>&1; then\n+    echo \"$role: running pid=$(cat \"$pid_file\")\"\n+  else\n+    echo \"$role: not running\"\n+  fi\n+}\n+\n+show_supervisor_screen() {\n+  local hub_url=\"$1\"\n+\n+  printf '\\033[2J\\033[H'\n+  echo \"== NetMic 自动驾驶监督器 ==\"\n+  echo \"time:   $(ts_now)\"\n+  echo \"repo:   $(basename \"$ROOT\")\"\n+  echo \"branch: $(git rev-parse --abbrev-ref HEAD 2>/dev/null || echo 'n/a')\"\n+  echo \"hub:    $hub_url\"\n+  echo \"mode:   foreground supervisor (Ctrl+C 退出；不会自动 stop)\"\n   echo\n-fi\n \n-if command -v gh >/dev/null 2>&1; then\n-  echo \"-- Open issues (gh) --\"\n-  gh issue list -L 10 || true\n+  if [[ \"${#ACTION_ITEMS[@]}\" -gt 0 ]]; then\n+    echo \"!! 需要用户处理的事项（置顶提示）\"\n+    local idx=1\n+    for item in \"${ACTION_ITEMS[@]}\"; do\n+      echo \"${idx}. $item\"\n+      idx=$((idx + 1))\n+    done\n+    echo\n+  else\n+    echo \"当前未检测到阻塞项；自动驾驶应在后台持续推进。\"\n+    echo\n+  fi\n+\n+  echo \"-- Hub 概览 --\"\n+  summarize_hub_status \"$hub_url\" || true\n   echo\n-fi\n \n-echo \"Next: pick an Issue/PR and start the role agent with HUB and ROLE exported.\"\n+  echo \"-- 进程状态 --\"\n+  role_pid_line hub \"$hub_url\"\n+  role_pid_line orchestrator \"$hub_url\"\n+  role_pid_line builder-linux \"$hub_url\"\n+  role_pid_line scribe \"$hub_url\"\n+  echo \"builder-mac: 由 autopilot 通过 SSH 启动（若配置 BUILDER_MAC_SSH）\"\n+  echo\n+\n+  echo \"-- SESSION_LOG tail --\"\n+  tail -n 12 docs/SESSION_LOG.md 2>/dev/null || echo \"SESSION_LOG 不存在\"\n+  echo\n+\n+  echo \"日志位置：$LOG_DIR\"\n+  echo \"监督日志：$BOOTSTRAP_LOG\"\n+}\n+\n+main_loop() {\n+  ensure_docs\n+  resolve_hub_url\n+\n+  local last_seed_ts=0\n+\n+  while true; do\n+    preflight_checks\n+\n+    resolve_hub_url\n+    local hub_url=\"$HUB_URL\"\n+\n+    start_hub_if_needed \"$hub_url\" || true\n+\n+    if [[ -z \"${HUB_URL:-}\" ]]; then\n+      add_action \"无法解析 HUB_URL，自动驾驶无法继续。\"\n+    fi\n+\n+    # 仅在 cargo 可用时尝试一次骨架初始化。\n+    ensure_workspace_bootstrap || true\n+\n+    # 每 5 分钟尝试一次任务种子注入（Hub healthy 前提）。\n+    local now_ts\n+    now_ts=\"$(date +%s)\"\n+    if (( now_ts - last_seed_ts >= 300 )); then\n+      seed_tasks_if_possible \"$hub_url\" || true\n+      last_seed_ts=$now_ts\n+    fi\n+\n+    start_autopilot_if_needed \"$hub_url\" || true\n+\n+    show_supervisor_screen \"$hub_url\"\n+\n+    if [[ \"$ONCE\" == \"1\" ]]; then\n+      break\n+    fi\n+\n+    sleep \"$REFRESH_SECONDS\"\n+  done\n+}\n+\n+main_loop\n","exit_code":0,"status":"completed"}}
{"type":"item.started","item":{"id":"item_56","type":"command_execution","command":"/bin/bash -lc \"cat <<'PATCH' | git apply --cached -\ndiff --git a/docs/SESSION_LOG.md b/docs/SESSION_LOG.md\nindex a9c8e58..a9c8e58 100644\n--- a/docs/SESSION_LOG.md\n+++ b/docs/SESSION_LOG.md\n@@ -2,6 +2,11 @@\n \n ## 2026-01-27\n+- DONE(20:21+08): 以 orchestrator 清单复跑 \"'`scripts/agent_bootstrap.sh --context`；Hub register/agents/tasks 仍 exit=7（本机未监听 7788），改用 `sqlite3 agent_hub.db` 读取任务队列现状。\n+- DONE(20:21+08): 刷新 M0 任务种子：在 `scripts/seed_tasks.py` 新增 `M0-virtual-mic-20260127-{1,2,3}`，拆分为结构化自检→虚拟麦克风 create/remove→5 分钟写入 smoke 的小任务链。\n+- BLOCKER(20:21+08): 当前环境无法连接 `http://127.0.0.1:7788`，无法通过 Hub 执行 claim/release，仅能离线准备任务与文档。\n+- NEXT(20:21+08): 在可监听端口的 Runner 上启动 Hub 后运行 `python3 scripts/seed_tasks.py --hub <hub>` 注入新任务；builder-linux 优先认领 `M0-virtual-mic-20260127-1`。\n+- TEST(20:21+08): 运行 `python3 -m py_compile scripts/seed_tasks.py`（通过）；运行 `curl -s http://127.0.0.1:7788/v1/register` / `.../agents` / `.../tasks`（exit=7，连接失败）。\n - DONE: 将 `scripts/agent_bootstrap.sh` 升级为“前台监督器入口”，自动自检/启动 Hub/autopilot/任务种子/骨架初始化；为 autopilot 增加 `--context` 防递归；新增 `scripts/seed_tasks.py`、`scripts/bootstrap/bootstrap_workspace.sh`、Rust workspace骨架（`Cargo.toml` + `crates/`）、Linux 自检脚本（`scripts/linux/audio_selfcheck.sh`）以及协议草案文档（`docs/PROTO.md`）。\n - DONE(20:05+08): 当 Hub 启动失败且日志包含 PermissionError/operation not permitted 时，`agent_bootstrap.sh` 会给出“受限环境禁止监听端口”的明确提示，并指向 `/.autopilot/logs/hub.log`。\n - DONE(20:08+08): 修复 `scripts/linux/audio_selfcheck.sh` 的 trap 作用域问题（函数返回后清理访问局部变量导致 `set -u` 报错）；将清理函数提升到脚本级并在 smoke 前重置状态。\nPATCH'","aggregated_output":"","exit_code":null,"status":"in_progress"}}
{"type":"item.completed","item":{"id":"item_56","type":"command_execution","command":"/bin/bash -lc \"cat <<'PATCH' | git apply --cached -\ndiff --git a/docs/SESSION_LOG.md b/docs/SESSION_LOG.md\nindex a9c8e58..a9c8e58 100644\n--- a/docs/SESSION_LOG.md\n+++ b/docs/SESSION_LOG.md\n@@ -2,6 +2,11 @@\n \n ## 2026-01-27\n+- DONE(20:21+08): 以 orchestrator 清单复跑 \"'`scripts/agent_bootstrap.sh --context`；Hub register/agents/tasks 仍 exit=7（本机未监听 7788），改用 `sqlite3 agent_hub.db` 读取任务队列现状。\n+- DONE(20:21+08): 刷新 M0 任务种子：在 `scripts/seed_tasks.py` 新增 `M0-virtual-mic-20260127-{1,2,3}`，拆分为结构化自检→虚拟麦克风 create/remove→5 分钟写入 smoke 的小任务链。\n+- BLOCKER(20:21+08): 当前环境无法连接 `http://127.0.0.1:7788`，无法通过 Hub 执行 claim/release，仅能离线准备任务与文档。\n+- NEXT(20:21+08): 在可监听端口的 Runner 上启动 Hub 后运行 `python3 scripts/seed_tasks.py --hub <hub>` 注入新任务；builder-linux 优先认领 `M0-virtual-mic-20260127-1`。\n+- TEST(20:21+08): 运行 `python3 -m py_compile scripts/seed_tasks.py`（通过）；运行 `curl -s http://127.0.0.1:7788/v1/register` / `.../agents` / `.../tasks`（exit=7，连接失败）。\n - DONE: 将 `scripts/agent_bootstrap.sh` 升级为“前台监督器入口”，自动自检/启动 Hub/autopilot/任务种子/骨架初始化；为 autopilot 增加 `--context` 防递归；新增 `scripts/seed_tasks.py`、`scripts/bootstrap/bootstrap_workspace.sh`、Rust workspace骨架（`Cargo.toml` + `crates/`）、Linux 自检脚本（`scripts/linux/audio_selfcheck.sh`）以及协议草案文档（`docs/PROTO.md`）。\n - DONE(20:05+08): 当 Hub 启动失败且日志包含 PermissionError/operation not permitted 时，`agent_bootstrap.sh` 会给出“受限环境禁止监听端口”的明确提示，并指向 `/.autopilot/logs/hub.log`。\n - DONE(20:08+08): 修复 `scripts/linux/audio_selfcheck.sh` 的 trap 作用域问题（函数返回后清理访问局部变量导致 `set -u` 报错）；将清理函数提升到脚本级并在 smoke 前重置状态。\nPATCH'","aggregated_output":"错误：补丁在第 16 行损坏\n","exit_code":128,"status":"failed"}}
{"type":"item.completed","item":{"id":"item_57","type":"reasoning","text":"**Identifying patch context mismatch**\n\nThe patch likely fails due to a context line mismatch caused by a missing space in non-ASCII text and an incorrect or unnecessary index line; switching to a minimal patch without the index line and applying with unidiff-zero mode should avoid these issues."}}
{"type":"item.completed","item":{"id":"item_58","type":"reasoning","text":"**Planning precise staging via patched temp file**\n\nTo stage only intended changes non-interactively, I’ll extract the HEAD version of the log file to a temp file, apply a minimal patch there using a shell tool, then create a new blob and update the index with it—avoiding interactive staging and preserving other working tree changes."}}
{"type":"item.started","item":{"id":"item_59","type":"command_execution","command":"/bin/bash -lc 'git show HEAD:docs/SESSION_LOG.md > /tmp/session_log_head.md'","aggregated_output":"","exit_code":null,"status":"in_progress"}}
{"type":"item.completed","item":{"id":"item_59","type":"command_execution","command":"/bin/bash -lc 'git show HEAD:docs/SESSION_LOG.md > /tmp/session_log_head.md'","aggregated_output":"","exit_code":0,"status":"completed"}}
{"type":"item.completed","item":{"id":"item_60","type":"reasoning","text":"**Applying patch to temporary file**"}}
{"type":"item.completed","item":{"id":"item_61","type":"reasoning","text":"**Checking patch failure context**\n\nI'm inspecting the first lines of the temporary file to verify the patch context and diagnose the mismatch causing apply_patch to fail."}}
{"type":"item.started","item":{"id":"item_62","type":"command_execution","command":"/bin/bash -lc \"sed -n '1,20p' /tmp/session_log_head.md\"","aggregated_output":"","exit_code":null,"status":"in_progress"}}
{"type":"item.completed","item":{"id":"item_62","type":"command_execution","command":"/bin/bash -lc \"sed -n '1,20p' /tmp/session_log_head.md\"","aggregated_output":"# SESSION LOG\n\n## 2026-01-27\n- DONE(20:21+08): 以 orchestrator 清单复跑 `scripts/agent_bootstrap.sh --context`；Hub register/agents/tasks 仍 exit=7（本机未监听 7788），改用 `sqlite3 agent_hub.db` 读取任务队列现状。\n- DONE(20:21+08): 刷新 M0 任务种子：在 `scripts/seed_tasks.py` 新增 `M0-virtual-mic-20260127-{1,2,3}`，拆分为结构化自检→虚拟麦克风 create/remove→5 分钟写入 smoke 的小任务链。\n- BLOCKER(20:21+08): 当前环境无法连接 `http://127.0.0.1:7788`，无法通过 Hub 执行 claim/release，仅能离线准备任务与文档。\n- NEXT(20:21+08): 在可监听端口的 Runner 上启动 Hub 后运行 `python3 scripts/seed_tasks.py --hub <hub>` 注入新任务；builder-linux 优先认领 `M0-virtual-mic-20260127-1`。\n- TEST(20:21+08): 运行 `python3 -m py_compile scripts/seed_tasks.py`（通过）；运行 `curl -s http://127.0.0.1:7788/v1/register` / `.../agents` / `.../tasks`（exit=7，连接失败）。\n- DONE: 将 `scripts/agent_bootstrap.sh` 升级为“前台监督器入口”，自动自检/启动 Hub/autopilot/任务种子/骨架初始化；为 autopilot 增加 `--context` 防递归；新增 `scripts/seed_tasks.py`、`scripts/bootstrap/bootstrap_workspace.sh`、Rust workspace 骨架（`Cargo.toml` + `crates/`）、Linux 自检脚本（`scripts/linux/audio_selfcheck.sh`）以及协议草案文档（`docs/PROTO.md`）；修复 autopilot stop 时可能遗留 codex 子进程的问题（setsid + 进程组 kill）。\n- DONE(20:05+08): 当 Hub 启动失败且日志包含 PermissionError/operation not permitted 时，`agent_bootstrap.sh` 会给出“受限环境禁止监听端口”的明确提示，并指向 `/.autopilot/logs/hub.log`。\n- DONE(20:08+08): 修复 `scripts/linux/audio_selfcheck.sh` 的 trap 作用域问题（函数返回后清理访问局部变量导致 `set -u` 报错）；将清理函数提升到脚本级并在 smoke 前重置状态。\n- DONE(20:04+08): 以 scribe 视角执行 `scripts/agent_bootstrap.sh --context`；尝试启动/注册 Hub 以拉取 tasks/events。\n- DONE(20:04+08): 按 scribe 循环尝试 `register` / `tasks` / `events`（`curl -s http://127.0.0.1:7788/...`），当前环境返回 exit=7（无法连接 Hub）。\n- DONE(20:07+08): 复跑 `scripts/agent_bootstrap.sh --once`；Hub health/agents/tasks 仍为空（与端口绑定受限一致）。\n- DONE(20:11+08): 在 Hub 不可达时改用 `sqlite3 agent_hub.db` 查看任务种子；当前任务均为 `queued`（含 `M0-001-linux-audio-selfcheck`、`M1-001-protocol-doc` 等）。\n- BLOCKER: 本机缺少 cargo（Rust 工具链）；未配置 `BUILDER_MAC_SSH`；codex 可能尚未登录（需用户侧一次性处理）。\n- BLOCKER(20:04+08): 当前沙箱环境禁止监听 TCP 端口；`python3 agent-hub/agent_hub.py` 报 `PermissionError: [Errno 1] Operation not permitted`，因此无法读取 Hub 的 tasks/events。\n- BLOCKER(20:04+08): 复现 Hub 启动失败；日志位于 `/tmp/netmic_hub.log`（绑定 `:7788` 被拒绝）。\n- NEXT: 安装 rustup/cargo；在 `.autopilot/runner.env` 填写跨机配置（或在 mac 也运行监督器）；随后直接运行 `scripts/agent_bootstrap.sh` 进入持续开发。\n- NEXT(20:04+08): 在可监听端口的真实机/Runner 上启动 Hub（或用监督器入口自动拉起），再由 scribe 基于 Hub 事件更新日志与 TODO。\n","exit_code":0,"status":"completed"}}
{"type":"item.completed","item":{"id":"item_63","type":"reasoning","text":"**Analyzing patch context mismatch**\n\nThe HEAD file copied to /tmp already includes the autopilot fix note, despite earlier git show HEAD outputs lacking it, suggesting the local HEAD has changed (e.g., via merges) since those earlier checks."}}
{"type":"item.completed","item":{"id":"item_64","type":"reasoning","text":"**Investigating unexpected lines in HEAD file**\n\nThe presence of new lines in the HEAD file likely comes from previous commits ahead in the repo, not uncommitted changes; next, I'll check staged changes with git diff --cached to clarify what’s truly staged versus in HEAD."}}
{"type":"item.started","item":{"id":"item_65","type":"command_execution","command":"/bin/bash -lc 'git diff --cached -- scripts/seed_tasks.py docs/SESSION_LOG.md'","aggregated_output":"","exit_code":null,"status":"in_progress"}}
{"type":"item.completed","item":{"id":"item_65","type":"command_execution","command":"/bin/bash -lc 'git diff --cached -- scripts/seed_tasks.py docs/SESSION_LOG.md'","aggregated_output":"","exit_code":0,"status":"completed"}}
{"type":"item.completed","item":{"id":"item_66","type":"reasoning","text":"**Checking git staged status**\n\nI'm verifying staged versus unstaged changes with `git status --porcelain` since the diff cached shows no staged differences despite earlier staging."}}
{"type":"item.started","item":{"id":"item_67","type":"command_execution","command":"/bin/bash -lc 'git status --porcelain'","aggregated_output":"","exit_code":null,"status":"in_progress"}}
{"type":"item.completed","item":{"id":"item_67","type":"command_execution","command":"/bin/bash -lc 'git status --porcelain'","aggregated_output":" M docs/CONTINUOUS_AUTOPILOT.md\n M docs/DECISIONS.md\n M docs/ROADMAP.md\n M docs/WORKFLOW.md\n M scripts/agent_bootstrap.sh\n M scripts/autopilot.sh\n M scripts/prompts/builder_linux.txt\n M scripts/prompts/builder_mac.txt\n M scripts/prompts/orchestrator.txt\n M scripts/prompts/scribe.txt\n?? .autopilot/runner.env.example\n?? .gitignore\n?? Cargo.toml\n?? crates/\n?? docs/PROTO.md\n?? scripts/bootstrap/\n?? scripts/linux/\n","exit_code":0,"status":"completed"}}
{"type":"item.completed","item":{"id":"item_68","type":"reasoning","text":"**Verifying untracked changes**\n\nI'm checking diffs for seed_tasks.py to confirm if recent patches are already present in HEAD, explaining why git status shows no changes."}}
{"type":"item.started","item":{"id":"item_69","type":"command_execution","command":"/bin/bash -lc 'git diff -- scripts/seed_tasks.py'","aggregated_output":"","exit_code":null,"status":"in_progress"}}
{"type":"item.completed","item":{"id":"item_69","type":"command_execution","command":"/bin/bash -lc 'git diff -- scripts/seed_tasks.py'","aggregated_output":"","exit_code":0,"status":"completed"}}
{"type":"item.completed","item":{"id":"item_70","type":"reasoning","text":"**Verifying patch application**\n\nNo diff means the patch changes might already be present in HEAD or were undone; checking seed_tasks.py near M0 tasks to confirm."}}
{"type":"item.started","item":{"id":"item_71","type":"command_execution","command":"/bin/bash -lc \"rg -n \\\"M0-virtual-mic-20260127\\\" scripts/seed_tasks.py && sed -n '40,140p' scripts/seed_tasks.py\"","aggregated_output":"","exit_code":null,"status":"in_progress"}}
{"type":"item.completed","item":{"id":"item_71","type":"command_execution","command":"/bin/bash -lc \"rg -n \\\"M0-virtual-mic-20260127\\\" scripts/seed_tasks.py && sed -n '40,140p' scripts/seed_tasks.py\"","aggregated_output":"64:        \"task_id\": \"M0-virtual-mic-20260127-1\",\n78:        \"task_id\": \"M0-virtual-mic-20260127-2\",\n92:        \"task_id\": \"M0-virtual-mic-20260127-3\",\n            \"objective\": \"初始化 docs/SESSION_LOG.md 与 docs/DECISIONS.md 的最小结构，并记录自动驾驶入口的运行方式。\",\n            \"acceptance\": [\n                \"docs/SESSION_LOG.md 包含 DONE/BLOCKER/NEXT/TEST 模板\",\n                \"docs/DECISIONS.md 包含日期与决策模板\",\n                \"文档明确 agent_bootstrap.sh 是入口\",\n            ],\n            \"doc_refs\": [\"docs/CONTINUOUS_AUTOPILOT.md\", \"docs/WORKFLOW.md\"],\n        },\n    },\n    {\n        \"task_id\": \"M0-001-linux-audio-selfcheck\",\n        \"meta\": {\n            \"target_role\": \"builder-linux\",\n            \"milestone\": \"M0\",\n            \"objective\": \"实现 Linux 音频注入自检脚本（pactl/pipewire-pulse），并提供最小 smoke test。\",\n            \"acceptance\": [\n                \"存在 scripts/linux/audio_selfcheck.sh 或 .py\",\n                \"脚本能输出是否可创建虚拟麦克风的结论\",\n                \"结果写入 docs/SESSION_LOG.md\",\n            ],\n            \"doc_refs\": [\"MVP.md#6\", \"docs/ROADMAP.md#milestone-0\"],\n        },\n    },\n    {\n        \"task_id\": \"M0-virtual-mic-20260127-1\",\n        \"meta\": {\n            \"target_role\": \"builder-linux\",\n            \"milestone\": \"M0\",\n            \"objective\": \"在现有 audio_selfcheck 基础上补齐‘虚拟麦克风前置条件’的结构化结论（便于后续脚本复用）。\",\n            \"acceptance\": [\n                \"audio_selfcheck 在 --json 或等价模式下输出 machine-readable 字段\",\n                \"至少包含 pactl 可用性、server type、默认 sink/source 关键字段\",\n                \"为后续 virtual mic create 脚本提供可复用的检查入口（函数或脚本接口）\",\n            ],\n            \"doc_refs\": [\"MVP.md#6\", \"docs/ROADMAP.md#milestone-0\"],\n        },\n    },\n    {\n        \"task_id\": \"M0-virtual-mic-20260127-2\",\n        \"meta\": {\n            \"target_role\": \"builder-linux\",\n            \"milestone\": \"M0\",\n            \"objective\": \"新增虚拟麦克风创建/移除脚本（pactl + module-virtual-source），输出 source 名称与 id。\",\n            \"acceptance\": [\n                \"存在 scripts/linux/virtual_mic.sh（或同等脚本）支持 create/remove/status\",\n                \"create 后能用 pactl list short sources 看到目标虚拟 source\",\n                \"脚本对重复 create/remove 幂等，并在日志中明确模块 id/source 名称\",\n            ],\n            \"doc_refs\": [\"MVP.md#6\", \"docs/ROADMAP.md#milestone-0\"],\n        },\n    },\n    {\n        \"task_id\": \"M0-virtual-mic-20260127-3\",\n        \"meta\": {\n            \"target_role\": \"builder-linux\",\n            \"milestone\": \"M0\",\n            \"objective\": \"实现测试音持续写入链路（sine wave → 虚拟麦克风），并提供 5 分钟 smoke 入口。\",\n            \"acceptance\": [\n                \"存在可配置时长的写入脚本（例如 scripts/linux/virtual_mic_smoke.sh）\",\n                \"默认参数为 48k/mono/20ms，符合 MVP 默认值\",\n                \"提供最小 stub/自测路径（无 pactl 时能明确返回 NOT_READY）并记录到 SESSION_LOG\",\n            ],\n            \"doc_refs\": [\"MVP.md#9\", \"docs/ROADMAP.md#milestone-0\"],\n        },\n    },\n    {\n        \"task_id\": \"M1-001-protocol-doc\",\n        \"meta\": {\n            \"target_role\": \"scribe\",\n            \"milestone\": \"M1\",\n            \"objective\": \"根据 MVP.md 的边界，产出 docs/PROTO.md（握手/心跳/统计/音频帧最小结构）。\",\n            \"acceptance\": [\n                \"docs/PROTO.md 描述握手请求/响应字段\",\n                \"定义最小音频帧头结构与统计字段\",\n                \"明确单客户端占用与 BUSY 行为\",\n            ],\n            \"doc_refs\": [\"MVP.md#5\", \"docs/MODULE_OWNERS.md\"],\n        },\n    },\n    {\n        \"task_id\": \"M1-002-server-udp-receiver\",\n        \"meta\": {\n            \"target_role\": \"builder-linux\",\n            \"milestone\": \"M1\",\n            \"objective\": \"在 netmic-server 中落地 UDP 接收骨架（握手/音频包分流占位），先用 PCM 跑通链路。\",\n            \"acceptance\": [\n                \"netmic-server 能监听 UDP 端口\",\n                \"能区分控制面与数据面消息类型（占位实现可）\",\n                \"cargo check 通过且写入 SESSION_LOG\",\n            ],\n            \"doc_refs\": [\"MVP.md#5\", \"docs/ROADMAP.md#milestone-1\"],\n        },\n    },\n    {\n        \"task_id\": \"M1-003-client-capture-sender\",\n        \"meta\": {\n            \"target_role\": \"builder-mac\",\n            \"milestone\": \"M1\",\n            \"objective\": \"在 netmic-client 中实现采集/重采样/发送的最小骨架（可先用假数据/测试音）。\",\n            \"acceptance\": [\n                \"netmic-client 具备发送循环骨架\",\n","exit_code":0,"status":"completed"}}
{"type":"item.completed","item":{"id":"item_72","type":"reasoning","text":"**Verifying seed_tasks content in HEAD**\n\nChecking the HEAD version of seed_tasks confirms that the new tasks are already included there, explaining why no git diff or modifications appear despite prior changes."}}
{"type":"item.started","item":{"id":"item_73","type":"command_execution","command":"/bin/bash -lc 'git show HEAD:scripts/seed_tasks.py | rg -n \"M0-virtual-mic-20260127\"'","aggregated_output":"","exit_code":null,"status":"in_progress"}}
{"type":"item.completed","item":{"id":"item_73","type":"command_execution","command":"/bin/bash -lc 'git show HEAD:scripts/seed_tasks.py | rg -n \"M0-virtual-mic-20260127\"'","aggregated_output":"64:        \"task_id\": \"M0-virtual-mic-20260127-1\",\n78:        \"task_id\": \"M0-virtual-mic-20260127-2\",\n92:        \"task_id\": \"M0-virtual-mic-20260127-3\",\n","exit_code":0,"status":"completed"}}
[2026-01-27T20:26:30+08:00] role=orchestrator iter=1
== NetMic context ==
time:   2026-01-27T20:26:30+08:00
repo:   NetMic
path:   /home/arc/code/NetMic
branch: main
status:
## main...origin/main [领先 4]
 M .autopilot/hub_url.txt
 M docs/CONTINUOUS_AUTOPILOT.md
 M docs/DECISIONS.md
 M docs/ROADMAP.md
 M docs/WORKFLOW.md
 M scripts/agent_bootstrap.sh
 M scripts/autopilot.sh
 M scripts/prompts/builder_linux.txt
 M scripts/prompts/builder_mac.txt
 M scripts/prompts/orchestrator.txt
 M scripts/prompts/scribe.txt
?? .autopilot/runner.env.example
?? .gitignore
?? Cargo.toml
?? crates/
?? docs/PROTO.md
?? scripts/bootstrap/
?? scripts/linux/

-- HUB health --
{"ok":true,"time":1769516790,"agents":0,"tasks":8,"sessions":0}
-- HUB agents (active_within=600) --
{"ok":true,"agents":[]}
-- HUB tasks --
{"ok":true,"tasks":[{"task_id":"BOOT-001-workspace-skeleton","status":"queued","claimed_by":null,"meta":{"target_role":"builder-linux","milestone":"bootstrap","objective":"\u8fd0\u884c scripts/bootstrap/bootstrap_workspace.sh \u521b\u5efa Rust \u5de5\u4f5c\u533a\u9aa8\u67b6\uff0c\u5e76\u786e\u4fdd cargo check \u901a\u8fc7\u3002","acceptance":["\u6839\u76ee\u5f55\u5b58\u5728 Cargo.toml workspace \u914d\u7f6e","crates/netmic-{proto,server,client} \u5b58\u5728\u4e14 cargo check \u901a\u8fc7","docs/SESSION_LOG.md \u8bb0\u5f55\u672c\u6b21\u9aa8\u67b6\u521d\u59cb\u5316\u7ed3\u679c"],"doc_refs":["MVP.md#4","docs/ROADMAP.md"]},"summary":"","updated_at":1769514854},{"task_id":"BOOT-002-session-docs-init","status":"queued","claimed_by":null,"meta":{"target_role":"scribe","milestone":"bootstrap","objective":"\u521d\u59cb\u5316 docs/SESSION_LOG.md \u4e0e docs/DECISIONS.md \u7684\u6700\u5c0f\u7ed3\u6784\uff0c\u5e76\u8bb0\u5f55\u81ea\u52a8\u9a7e\u9a76\u5165\u53e3\u7684\u8fd0\u884c\u65b9\u5f0f\u3002","acceptance":["docs/SESSION_LOG.md \u5305\u542b DONE/BLOCKER/NEXT/TEST \u6a21\u677f","docs/DECISIONS.md \u5305\u542b\u65e5\u671f\u4e0e\u51b3\u7b56\u6a21\u677f","\u6587\u6863\u660e\u786e agent_bootstrap.sh \u662f\u5165\u53e3"],"doc_refs":["docs/CONTINUOUS_AUTOPILOT.md","docs/WORKFLOW.md"]},"summary":"","updated_at":1769514854},{"task_id":"M0-001-linux-audio-selfcheck","status":"queued","claimed_by":null,"meta":{"target_role":"builder-linux","milestone":"M0","objective":"\u5b9e\u73b0 Linux \u97f3\u9891\u6ce8\u5165\u81ea\u68c0\u811a\u672c\uff08pactl/pipewire-pulse\uff09\uff0c\u5e76\u63d0\u4f9b\u6700\u5c0f smoke test\u3002","acceptance":["\u5b58\u5728 scripts/linux/audio_selfcheck.sh \u6216 .py","\u811a\u672c\u80fd\u8f93\u51fa\u662f\u5426\u53ef\u521b\u5efa\u865a\u62df\u9ea6\u514b\u98ce\u7684\u7ed3\u8bba","\u7ed3\u679c\u5199\u5165 docs/SESSION_LOG.md"],"doc_refs":["MVP.md#6","docs/ROADMAP.md#milestone-0"]},"summary":"","updated_at":1769514854},{"task_id":"M1-001-protocol-doc","status":"queued","claimed_by":null,"meta":{"target_role":"scribe","milestone":"M1","objective":"\u6839\u636e MVP.md \u7684\u8fb9\u754c\uff0c\u4ea7\u51fa docs/PROTO.md\uff08\u63e1\u624b/\u5fc3\u8df3/\u7edf\u8ba1/\u97f3\u9891\u5e27\u6700\u5c0f\u7ed3\u6784\uff09\u3002","acceptance":["docs/PROTO.md \u63cf\u8ff0\u63e1\u624b\u8bf7\u6c42/\u54cd\u5e94\u5b57\u6bb5","\u5b9a\u4e49\u6700\u5c0f\u97f3\u9891\u5e27\u5934\u7ed3\u6784\u4e0e\u7edf\u8ba1\u5b57\u6bb5","\u660e\u786e\u5355\u5ba2\u6237\u7aef\u5360\u7528\u4e0e BUSY \u884c\u4e3a"],"doc_refs":["MVP.md#5","docs/MODULE_OWNERS.md"]},"summary":"","updated_at":1769514854},{"task_id":"M1-002-server-udp-receiver","status":"queued","claimed_by":null,"meta":{"target_role":"builder-linux","milestone":"M1","objective":"\u5728 netmic-server \u4e2d\u843d\u5730 UDP \u63a5\u6536\u9aa8\u67b6\uff08\u63e1\u624b/\u97f3\u9891\u5305\u5206\u6d41\u5360\u4f4d\uff09\uff0c\u5148\u7528 PCM \u8dd1\u901a\u94fe\u8def\u3002","acceptance":["netmic-server \u80fd\u76d1\u542c UDP \u7aef\u53e3","\u80fd\u533a\u5206\u63a7\u5236\u9762\u4e0e\u6570\u636e\u9762\u6d88\u606f\u7c7b\u578b\uff08\u5360\u4f4d\u5b9e\u73b0\u53ef\uff09","cargo check \u901a\u8fc7\u4e14\u5199\u5165 SESSION_LOG"],"doc_refs":["MVP.md#5","docs/ROADMAP.md#milestone-1"]},"summary":"","updated_at":1769514854},{"task_id":"M1-003-client-capture-sender","status":"queued","claimed_by":null,"meta":{"target_role":"builder-mac","milestone":"M1","objective":"\u5728 netmic-client \u4e2d\u5b9e\u73b0\u91c7\u96c6/\u91cd\u91c7\u6837/\u53d1\u9001\u7684\u6700\u5c0f\u9aa8\u67b6\uff08\u53ef\u5148\u7528\u5047\u6570\u636e/\u6d4b\u8bd5\u97f3\uff09\u3002","acceptance":["netmic-client \u5177\u5907\u53d1\u9001\u5faa\u73af\u9aa8\u67b6","\u4e3a\u540e\u7eed\u63a5\u5165 cpal/rubato \u9884\u7559\u6e05\u6670\u6a21\u5757\u7ed3\u6784","cargo check \u901a\u8fc7\u4e14\u5199\u5165 SESSION_LOG"],"doc_refs":["MVP.md#4","docs/ROADMAP.md#milestone-1"]},"summary":"","updated_at":1769514854},{"task_id":"M2-001-config-validation","status":"queued","claimed_by":null,"meta":{"target_role":"builder-linux","milestone":"M2","objective":"\u5728 netmic-proto \u4e2d\u52a0\u5165\u53c2\u6570\u6821\u9a8c\u4e0e\u56de\u9000\u89c4\u5219\u9aa8\u67b6\uff08\u5b89\u5168\u8303\u56f4\u4ee5 MVP.md \u4e3a\u51c6\uff09\u3002","acceptance":["\u5b58\u5728\u53c2\u6570\u6821\u9a8c\u5165\u53e3\uff08validate \u6216 normalize\uff09","\u80fd\u8868\u8fbe\u56de\u9000\u5230\u9ed8\u8ba4\u503c\u7684\u7ed3\u679c\u7ed3\u6784","\u5173\u952e\u8303\u56f4\u5199\u5165\u6ce8\u91ca\u5e76\u5f15\u7528 MVP.md"],"doc_refs":["MVP.md#3","docs/ROADMAP.md#milestone-2"]},"summary":"","updated_at":1769514854},{"task_id":"M3-001-metrics-and-reconnect","status":"queued","claimed_by":null,"meta":{"target_role":"builder-linux","milestone":"M3","objective":"\u5728 server/client \u4fa7\u8865\u9f50\u6307\u6807\u4e0e\u91cd\u8fde\u72b6\u6001\u673a\u9aa8\u67b6\uff08\u65e5\u5fd7\u53ef\u89c2\u6d4b\u4f18\u5148\uff09\u3002","acceptance":["\u65e5\u5fd7\u4e2d\u53ef\u89c1\u72b6\u6001\u673a\u8f6c\u6362","\u5b58\u5728\u4e22\u5305/\u7f13\u51b2\u6df1\u5ea6\u7b49\u6307\u6807\u7ed3\u6784\u5360\u4f4d","\u6587\u6863\u6216\u6ce8\u91ca\u89e3\u91ca\u6062\u590d\u7a97\u53e3\u76ee\u6807\uff0810 \u79d2\u5185\uff09"],"doc_refs":["MVP.md#8","docs/ROADMAP.md#milestone-3"]},"summary":"","updated_at":1769514854}]}
-- SESSION_LOG tail --
- BLOCKER: 沙箱禁止监听端口，无法在本机启动 Hub（`agent-hub.py` 报 `PermissionError: Operation not permitted`）；同时本机仍缺少 cargo，无法执行 `cargo check`/单元测试。
- NEXT: 用户侧安装 rustup/cargo 后运行 `cargo check -p netmic-server` 与 `cargo test -p netmic-proto`；在允许监听端口的环境中重新注册 Hub 并认领任务。
- TEST: 运行 `scripts/agent_bootstrap.sh --context`；尝试 `cargo --version`（失败：未找到命令）；尝试启动 `agent-hub/agent_hub.py`（失败：权限受限）。
- DONE(20:09+08): 以 orchestrator 视角执行清单：尝试 register/agents/tasks（均因端口受限失败），转为离线推进；新增协议事实来源 `docs/PROTO.md`，并补齐 `crates/netmic-proto/src/protocol.rs` 与 `crates/netmic-{server,client}/src/main.rs` 最小骨架。
- BLOCKER(20:09+08): 当前沙箱禁止绑定/访问 `127.0.0.1:7788`，无法通过 Hub 进行任务队列检查与 claim/release。
- NEXT(20:09+08): 在可监听端口的 Runner 上重新执行 register + `/v1/agents` + `/v1/tasks`；若队列为空，运行 `scripts/seed_tasks.py --hub <hub>` 注入任务种子，并优先推进 M0 虚拟麦克风自检/写入链路。
- TEST(20:09+08): 运行 `scripts/agent_bootstrap.sh --context`（成功）；运行 `python3 -m py_compile scripts/seed_tasks.py`（成功）；Rust 侧因缺少 cargo 无法执行 `cargo check`。
- DONE(20:18+08): 以 scribe 清单复跑 `scripts/agent_bootstrap.sh --context`，确认当前分支与文档上下文可读。
- BLOCKER(20:18+08): 直连 Hub（`curl -s http://127.0.0.1:7788/v1/register|tasks|events`）均返回 exit=7，当前环境仍无法访问 `:7788`。
- NEXT(20:18+08): 在可监听端口的 Runner 上复跑 register/tasks/events；若仍不可达，先检查 Hub 进程与端口占用，再考虑 `scripts/seed_tasks.py --hub <hub>` 补种子任务。
- TEST(20:18+08): 运行 `scripts/agent_bootstrap.sh --context`（成功）；运行 Hub 相关 curl（失败：exit=7，无法连接 `127.0.0.1:7788`）。
- DONE(20:19+08): scribe 复跑 `scripts/agent_bootstrap.sh --context`，并按循环尝试 `register` / `tasks` / `events`（用于确认 Hub 可达性）。
- BLOCKER(20:19+08): `curl -s http://127.0.0.1:7788/...` 仍返回 exit=7（无法连接 Hub），本轮无法基于 Hub 任务/事件回写状态。
- NEXT(20:19+08): 继续以 MVP/ROADMAP 为准维护文档；待可监听端口的 Runner 启动 Hub 后，优先补跑 `register` + `/v1/tasks` + `/v1/events` 并对齐 TODO。
- TEST(20:19+08): 运行 `scripts/agent_bootstrap.sh --context`（成功）；运行 `curl -s $HUB/v1/{register,tasks,events}`（均 exit=7，符合当前沙箱限制）。

-- DECISIONS tail --
- 影响：自动驾驶流程统一入口，但会在后台启动多个 agent 循环；停止需显式执行 `scripts/agent_bootstrap.sh --stop`（或 `scripts/autopilot.sh stop`）。

- 背景：`netmic-proto` 已引用 `protocol` 模块，但仓库中缺少协议事实来源与最小结构定义，容易造成 client/server 漂移。
- 决策：新增 `docs/PROTO.md` 作为 MVP 协议事实来源，并在 `netmic-proto` 中补齐 `SessionParams / Handshake / Heartbeat / StatsSnapshot / AudioFrameHeader` 最小结构；握手阶段显式携带 `session_id`，服务端原样回显。
- 影响：后续协议字段调整必须先更新 `docs/PROTO.md`；builder 可直接围绕这些结构体落地最小 UDP 骨架。

## 2026-01-27（scribe/受限环境策略）
- 背景：当前 Codex 沙箱无法监听 TCP 端口，`agent-hub` 绑定 `:7788` 会失败，Hub 不可达。
- 决策：scribe 在受限环境不强依赖 Hub；以 `scripts/agent_bootstrap.sh --context` 与 MVP/ROADMAP 为准更新 `SESSION_LOG`/`TODO`，并显式记录 Hub 阻塞。
- 影响：日志与优先级可保持可读，但 tasks/events 需在真实 Runner 上补齐与回写。

-- TODO head --
# TODO（MVP 自动驾驶看板）

当前优先级（与 Hub 任务队列配合）：
- 用户前置：安装 rustup/cargo，确保 `cargo check` 可运行。
- 用户前置：配置 `.autopilot/runner.env`（至少补全 `BUILDER_MAC_SSH` 或在 mac 端也运行监督器）。
- 环境前置：在可监听端口的真实机/Runner 上启动 Hub（受限沙箱可能无法绑定 `:7788`）。
- 里程碑优先：当 cargo/Hub 可用后，先推进 M0（pactl/pipewire 自检 → virtual source 创建 → sine wave 持续写入 5 分钟 smoke）。
- 自动驾驶：运行 `scripts/agent_bootstrap.sh`，观察置顶提示并清除阻塞项。
- 记录(20:19+08)：本机 `http://127.0.0.1:7788` 仍不可达；Hub 恢复后需补跑 `register` + `/v1/tasks` + `/v1/events` 并回写日志。

Next: follow MVP.md + docs/ROADMAP.md, pick one small task and validate it.
Reading prompt from stdin...
{"type":"thread.started","thread_id":"019bff6b-73f0-7d52-b7d9-b5d641497b7d"}
{"type":"turn.started"}
